,Name,Country,Age,Role,Batting style,Bowling style,Test Matches,ODI Matches,T20 Matches,Ipl Matches,Test Innings,ODI Innings,T20 Innings,IPL Innings,Test Runs,ODI Runs,T20 Runs,IPL Runs,Test Balls,ODI Balls,T20 Balls,IPL Balls,Test Highest,ODI Highest,T20 Highest,IPL Highest,Test Average,ODI Average,T20 Average,IPL Average,Test Strikerate,ODI Strikerate,T20 Strikerate,IPL Strikerate,Test Fours,ODI Fours,T20 Fours,IPL Fours,Test Sixes,ODI Sixes,T20 Sixes,IPL Sixes,Test Ducks,ODI Ducks,T20 Ducks,IPL Ducks,Test 50s,ODI 50S,T20 50s,IPL 50s,Test 100s,ODI 100s,T20 100s,IPL 100s,Test 200s,ODI 200s,T20 200s,IPL 200s,Test bowl balls,Test bowl runs,Test Maidens,Test Wickets,Test Economy,ODI bowl balls,ODI bowl runs,ODI Maidens,ODI Wickets,ODI Economy,T20 bowl balls,T20 bowl runs,T20 Maidens,T20 Wickets,T20 Economy,IPL bowl balls,IPL bowl runs,IPL Maidens,IPL Wickets,IPL Economy
0,Sachin Tendulkar,India,53,Batsman ,Right Handed Bat ,Right-arm legbreak,200,463,1,78,329,452,1,78,15921,18426,10,2334,29437,21367,12,1948,248,200,10,100,53.79,44.83,10,33.83,54.09,86.24,83.34,119.82,2058,2016,2,295,69,195,0,29,14,20,0,4,68,96,0,13,51,49,0,1,6,1,0,0,4240,2492,83,46,3.53,8054,6850,24,154,5.1,15,12,0,1,4.8,36,58,0,0,9.67
1,Virender Sehwag,India,47,Batsman ,Right Handed Bat ,Right-arm offbreak,104,251,19,104,180,245,18,104,8586,8273,394,2728,10441,7929,271,1755,319,219,68,122,49.34,35.06,21.89,27.56,82.24,104.34,145.39,155.45,1233,1132,43,334,91,136,16,106,16,14,1,7,32,38,2,16,23,15,0,2,6,1,0,0,3731,1894,73,40,3.05,4392,3853,13,96,5.26,6,20,0,0,20,136,235,0,6,10.37
2,Rahul Dravid,India,53,Batsman ,Right Handed Bat ,Right-arm offbreak,164,344,1,89,286,318,1,82,13288,10889,31,2174,31258,15284,21,1882,270,153,31,75,52.31,39.17,31,28.23,42.52,71.25,147.62,115.52,1655,950,0,268,21,42,3,28,8,13,0,3,63,83,0,11,36,12,0,0,5,0,0,0,120,39,4,1,1.95,186,170,1,4,5.48,0,0,0,0,0,0,0,0,0,0
3,VVS Laxman,India,51,Batsman ,Right Handed Bat ,Right-arm offbreak,134,86,0,20,225,83,0,20,8781,2338,0,282,17785,3282,0,267,281,131,0,52,45.5,30.76,0,14.84,49.38,71.24,0,105.62,1135,222,0,33,5,4,0,5,15,3,0,4,56,10,0,1,17,6,0,0,2,0,0,0,324,126,12,2,2.33,42,40,0,0,5.71,0,0,0,0,0,0,0,0,0,0
4,Sourav Ganguly,India,53,Batsman ,Left Handed Bat ,Right-arm medium,113,311,0,59,188,300,0,56,7212,11363,0,1349,14070,15416,0,1263,239,183,0,91,42.18,40.73,0,25.45,51.26,73.71,0,106.81,900,1122,0,137,57,190,0,42,13,16,0,4,35,72,0,7,16,22,0,0,1,0,0,0,3117,1681,110,32,3.24,4561,3849,30,100,5.06,0,0,0,0,0,276,363,0,10,7.89
5,Shoaib Akhtar,Pakistan,50,Bowler ,Right Handed Bat ,Right-arm fast,46,163,15,3,67,84,6,1,544,394,21,2,1313,538,16,7,47,43,8,2,10.07,8.95,7,2,41.44,73.24,131.25,28.58,53,27,2,0,22,12,1,0,11,11,1,0,0,0,0,0,0,0,0,0,0,0,0,0,8143,4574,237,178,3.37,7764,6169,99,247,4.77,318,432,3,19,8.15,42,54,0,5,7.71
6,Mohammad Sami,Pakistan,45,Bowler ,Right Handed Bat ,Right-arm fast,36,87,13,0,56,46,4,0,487,314,21,0,1582,490,30,0,49,46,8,0,11.6,11.63,21,0,30.79,64.09,70.00,0,53,16,2,0,4,10,0,0,8,5,0,0,0,0,0,0,0,0,0,0,0,0,0,0,7499,4483,193,85,3.59,4284,3567,42,121,5,276,387,0,21,8.41,0,0,0,0,0
7,Shabbir Ahmed,Pakistan,50,Bowler ,Right Handed Bat ,Right-arm fast-medium,10,32,1,0,15,11,0,0,88,10,0,0,234,29,0,0,24,2,0,0,8.8,1.67,0,0,37.61,34.49,0,0,10,0,0,0,0,0,0,0,4,0,0,0,0,0,0,0,0,0,0,0,0,0,0,0,2576,1175,97,51,2.74,1642,1192,25,33,4.36,12,19,0,0,9.5,0,0,0,0,0
8,Shoaib Malik,Pakistan,44,Batting Allrounder ,Right Handed Bat ,Right-arm offbreak,35,287,124,7,60,258,111,5,1898,7534,2435,52,4155,9199,1938,47,245,143,75,24,35.15,34.56,31.22,13,45.68,81.91,125.65,110.64,239,603,196,5,17,113,69,0,6,15,2,0,8,44,9,0,3,9,0,0,1,0,0,0,2712,1519,61,32,3.36,7958,6192,38,158,4.67,570,675,0,28,7.11,51,85,0,2,10
9,Mohammad Yousuf,Pakistan,51,Batsman ,Right Handed Bat ,Right-arm offbreak,90,288,3,0,156,273,3,0,7530,9720,50,0,14372,12942,43,0,223,141,26,0,52.29,41.72,16.67,0,52.40,75.11,116.28,0,957,785,5,0,51,90,1,0,11,15,0,0,33,64,0,0,24,15,0,0,4,0,0,0,6,3,0,0,3,2,1,0,1,0,0,0,0,0,0,0,0,0,0,0
10,Inzamam,Pakistan,56,Batsman ,Right Handed Bat ,Left-arm orthodox,120,378,1,0,200,350,1,0,8830,11739,11,0,16345,15812,15,0,329,137,11,0,49.33,39.53,0,0,54.03,74.25,73.34,0,1105,971,0,0,48,144,1,0,15,20,0,0,46,83,0,0,25,10,0,0,2,0,0,0,9,8,0,0,5.33,58,64,1,3,6.62,0,0,0,0,0,0,0,0,0,0
11,Adam Gilchrist,Australia,54,WK-Batsman ,Left Handed Bat ,Right-arm offbreak,96,287,13,80,137,279,13,80,5570,9619,272,2069,6796,9922,192,1495,204,172,48,109,47.61,35.89,22.67,27.22,81.96,96.95,141.67,138.40,677,1162,27,239,100,149,13,92,14,19,0,7,26,55,0,11,17,16,0,2,1,0,0,0,0,0,0,0,0,0,0,0,0,0,0,0,0,0,0,1,0,0,1,0
12,Ricky Ponting,Australia,51,Batsman ,Right Handed Bat ,Right-arm medium,168,375,17,10,287,365,16,9,13378,13704,401,91,22782,17046,302,128,257,164,98,28,51.85,42.04,28.64,10.11,58.73,80.40,132.79,71.10,1509,1231,41,5,73,162,11,2,17,20,2,3,62,82,2,0,41,30,0,0,6,0,0,0,587,276,24,5,2.82,150,104,0,3,4.16,0,0,0,0,0,0,0,0,0,0
13,Andrew Symonds,Australia,46,Batting Allrounder ,Right Handed Bat ,Right-arm medium,26,198,14,39,41,161,11,37,1462,5088,337,974,2256,5504,199,750,162,156,85,117,40.61,39.44,48.14,36.07,64.81,92.45,169.35,129.87,154,449,33,74,28,103,10,41,4,15,2,0,10,30,2,5,2,6,0,1,0,0,0,0,2094,896,81,24,2.57,5935,4955,30,133,5.01,185,277,0,8,8.98,527,674,0,20,7.67
14,Jason Gillespie,Australia,51,Bowler ,Right Handed Bat ,Right-arm fast,71,97,1,0,93,39,1,0,1218,289,24,0,3810,368,18,0,201,44,24,0,18.74,12.57,24,0,31.97,78.54,133.34,0,146,16,4,0,8,6,0,0,13,8,0,0,2,0,0,0,1,0,0,0,1,0,0,0,14234,6770,630,259,2.85,5144,3611,79,142,4.21,24,49,0,1,12.25,0,0,0,0,0
15,Glenn McGrath,Australia,56,Bowler ,Right Handed Bat ,Right-arm fast-medium,124,250,2,14,138,68,1,3,641,115,5,4,1570,236,12,5,61,11,5,4,7.37,3.83,5,4,40.83,48.73,41.67,80.00,51,7,0,1,1,0,0,0,35,14,0,1,1,0,0,0,0,0,0,0,0,0,0,0,29248,12186,1470,563,2.5,12970,8391,279,381,3.88,48,79,0,5,9.88,324,357,2,12,6.61
16,Brett Lee,Australia,49,Bowler ,Right Handed Bat ,Right-arm fast,76,221,25,38,90,110,12,19,1451,1176,101,124,2739,1407,71,97,64,59,43,25,20.15,17.82,16.83,12.4,52.98,83.59,142.26,127.84,182,69,9,8,18,35,4,8,14,16,2,1,5,3,0,0,0,0,0,0,0,0,0,0,16531,9554,547,310,3.47,11185,8877,142,380,4.76,545,714,0,28,7.86,875,1095,3,25,7.51
17,Marcus Trescothick,England,50,Batsman ,Left Handed Bat ,Right-arm medium,76,123,3,0,143,122,3,0,5825,4335,166,0,10685,5087,131,0,219,137,72,0,43.8,37.37,55.33,0,54.52,85.22,126.72,0,831,528,23,0,42,41,1,0,12,13,0,0,29,21,2,0,14,12,0,0,1,0,0,0,300,155,6,1,3.1,232,219,0,4,5.66,0,0,0,0,0,0,0,0,0,0
18,Stephen Fleming,New Zealand,53,Batsman ,Left Handed Bat,,111,280,5,10,189,269,5,10,7172,8037,110,196,15652,11242,85,165,274,134,38,45,40.07,32.41,22,21.78,45.83,71.50,129.42,118.79,917,823,20,27,26,63,0,3,16,17,0,1,46,49,0,0,9,8,0,0,3,0,0,0,0,0,0,0,0,29,28,0,1,5.79,0,0,0,0,0,0,0,0,0,0
19,Nathan Astle,New Zealand,54,Batting Allrounder ,Right Handed Bat ,Right-arm medium,81,223,4,0,137,217,4,0,4702,7090,74,0,9479,9760,67,0,222,145,40,0,36.73,34.93,24.67,0,49.61,72.65,110.45,0,612,720,7,0,39,86,2,0,11,19,0,0,24,41,0,0,11,16,0,0,1,0,0,0,5688,2143,317,51,2.26,4850,3809,28,99,4.71,41,50,0,4,7.32,0,0,0,0,0
20,Chris Cairns,New Zealand,55,Batting Allrounder ,Right Handed Bat ,Right-arm fast-medium,62,215,2,0,104,193,2,0,3320,4950,3,0,5815,5874,13,0,158,115,2,0,33.54,29.46,1.5,0,57.10,84.27,23.08,0,365,345,0,0,87,153,0,0,7,9,0,0,22,26,0,0,5,4,0,0,0,0,0,0,11698,6410,414,218,3.29,8168,6594,80,201,4.84,48,52,0,1,6.5,0,0,0,0,0
21,Hamish Marshall,New Zealand,47,Batsman ,Right Handed Bat ,Right-arm medium,13,66,3,0,19,62,3,0,652,1454,12,0,1378,1990,14,0,160,101,8,0,38.35,27.43,4,0,47.32,73.07,85.72,0,83,98,0,0,3,8,0,0,1,3,0,0,2,12,0,0,2,1,0,0,0,0,0,0,6,4,0,0,4,0,0,0,0,0,0,0,0,0,0,0,0,0,0,0
22,Craig McMillan,New Zealand,49,Batsman ,Right Handed Bat ,Right-arm medium,55,197,8,0,91,183,7,0,3116,4707,187,0,5670,6198,117,0,142,117,57,0,38.47,28.19,31.17,0,54.96,75.95,159.83,0,367,373,8,0,54,84,14,0,7,9,0,0,19,28,1,0,6,3,0,0,0,0,0,0,2502,1257,101,28,3.01,1879,1717,7,49,5.48,0,0,0,0,0,0,0,0,0,0
23,Scott Styris,New Zealand,50,Batting Allrounder ,Right Handed Bat ,Right-arm medium,29,188,31,12,48,161,29,10,1586,4483,578,131,3089,5645,483,133,170,141,66,36,36.05,32.49,21.41,18.71,51.35,79.42,119.67,98.50,205,353,40,10,13,68,25,3,5,9,0,0,6,28,1,0,5,4,0,0,0,0,0,0,1960,1015,77,20,3.11,6114,4839,39,137,4.75,309,349,0,18,6.78,216,276,0,8,7.67
24,Jacob Oram,New Zealand,47,Bowling Allrounder ,Left Handed Bat ,Right-arm fast-medium,33,160,36,18,59,116,30,12,1780,2434,474,106,3533,2810,339,108,133,101,66,41,36.33,24.1,20.61,13.25,50.39,86.62,139.83,98.15,209,182,38,6,21,81,22,5,4,8,3,1,6,13,2,0,5,1,0,0,0,0,0,0,4964,1983,240,60,2.4,6911,5048,93,173,4.38,546,794,0,19,8.73,237,349,0,9,8.84
25,Andrew Flintoff,England,48,Bowling Allrounder ,Right Handed Bat ,Right-arm fast,79,141,7,3,130,122,7,3,3845,3394,76,62,6197,3821,60,53,167,123,31,24,31.78,32.02,12.67,31,62.05,88.83,126.67,116.99,513,308,7,5,82,93,2,2,17,9,1,0,26,18,0,0,5,3,0,0,0,0,0,0,14951,7410,507,226,2.97,5624,4121,67,169,4.4,150,161,0,5,6.44,66,105,0,2,9.55
26,Steve Harmison,England,47,Bowler ,Right Handed Bat ,Right-arm fast-medium,63,58,2,0,86,25,0,0,743,91,0,0,1299,141,0,0,49,18,0,0,11.79,8.27,0,0,57.20,64.54,0,0,97,3,0,0,10,0,0,0,21,3,0,0,0,0,0,0,0,0,0,0,0,0,0,0,13375,7192,431,226,3.23,2899,2481,29,76,5.13,39,42,0,1,6.46,0,0,0,0,0
27,Darren Gough,England,55,Bowler ,Right Handed Bat ,Right-arm fast-medium,58,159,2,0,86,87,0,0,855,609,0,0,1967,947,0,0,65,46,0,0,12.39,12.43,0,0,43.47,64.31,0,0,102,43,0,0,9,5,0,0,15,10,0,0,2,0,0,0,0,0,0,0,0,0,0,0,11821,6503,369,229,3.3,8470,6209,120,235,4.4,41,49,0,3,7.17,0,0,0,0,0
28,Sir James,England,43,Bowler ,Left Handed Bat ,Right-arm fast-medium,188,194,19,0,265,79,4,0,1353,273,1,0,3432,560,2,0,81,28,1,0,8.96,7.58,1,0,39.43,48.75,50.00,0,184,23,0,0,3,0,0,0,34,10,1,0,1,0,0,0,0,0,0,0,0,0,0,0,40037,18627,1730,704,2.79,9584,7861,125,269,4.92,422,552,1,18,7.85,0,0,0,0,0
29,Paul Collingwood,England,49,Batsman ,Right Handed Bat ,Right-arm medium,68,197,36,8,115,181,33,7,4259,5092,583,203,9170,6614,459,156,206,120,79,75,40.56,35.36,18.81,40.6,46.45,76.99,127.02,130.13,470,365,38,9,24,74,24,13,6,7,3,0,20,26,3,3,10,5,0,0,1,0,0,0,1905,1018,51,17,3.21,5186,4293,14,111,4.97,234,347,0,16,8.9,89,101,0,5,6.81
30,Yuvraj Singh,India,44,Batting Allrounder ,Left Handed Bat ,Left-arm orthodox,40,304,58,132,62,278,51,126,1900,8701,1177,2750,3277,9924,863,2120,169,150,77,83,33.93,36.56,28.02,24.77,57.98,87.68,136.39,129.72,260,908,77,217,22,155,74,149,7,18,1,4,11,52,8,13,3,14,0,0,0,0,0,0,931,547,14,9,3.53,5048,4294,18,111,5.1,424,499,0,28,7.06,869,1077,0,36,7.44
31,Mohammad Kaif,India,45,Batsman ,Right Handed Bat ,Right-arm offbreak,13,125,0,29,22,110,0,22,624,2753,0,259,1548,3822,0,250,148,111,0,34,32.84,32.01,0,14.39,40.32,72.04,0,103.60,64,228,0,22,2,9,0,6,1,8,0,0,3,17,0,0,1,2,0,0,0,0,0,0,18,4,0,0,1.33,0,0,0,0,0,0,0,0,0,0,0,0,0,0,0
32,Zaheer Khan,India,47,Bowler ,Right Handed Bat ,Left-arm fast-medium,92,200,17,100,127,101,4,32,1230,792,13,117,2381,1078,10,141,75,34,9,23,11.94,12,6.5,8.36,51.66,73.47,130.00,82.98,141,69,0,11,28,24,1,2,29,15,0,5,3,0,0,0,0,0,0,0,0,0,0,0,18785,10247,624,311,3.27,10097,8301,118,282,4.93,352,448,0,17,7.64,2200,2782,5,102,7.59
33,Irfan Pathan,India,41,Bowling Allrounder ,Left Handed Bat ,Left-arm fast-medium,29,120,24,103,40,87,14,82,1105,1544,172,1139,2076,1941,144,946,102,83,33,60,31.57,23.39,24.57,21.49,53.23,79.55,119.45,120.41,131,142,9,87,18,37,7,37,5,7,0,3,6,5,0,1,1,0,0,0,0,0,0,0,5884,3226,212,100,3.29,5855,5143,53,173,5.27,462,618,1,28,8.03,2043,2649,10,80,7.78
34,Parthiv Patel,India,41,WK-Batsman ,Left Handed Bat,,25,38,2,139,38,34,2,137,934,736,36,2848,1927,962,32,2358,71,95,26,81,31.13,23.74,18,22.6,48.47,76.51,112.50,120.79,126,79,4,365,1,7,1,49,4,2,0,13,6,4,0,13,0,0,0,0,0,0,0,0,0,0,0,0,0,0,0,0,0,0,0,0,0,0,0,0,0,0,0,0
35,Harbhajan Singh,India,45,Bowler ,Right Handed Bat ,Right-arm offbreak,103,236,28,163,145,128,13,90,2225,1237,108,833,3432,1526,87,604,115,49,21,64,18.24,13.3,13.5,15.15,64.84,81.07,124.14,137.92,277,92,11,79,42,35,4,42,19,17,1,13,9,0,0,1,2,0,0,0,0,0,0,0,28580,13537,871,417,2.84,12479,8973,83,269,4.31,612,633,5,25,6.21,3416,4030,6,150,7.08
36,Kamran Akmal,Pakistan,44,WK-Batsman ,Right Handed Bat,,53,157,58,6,92,138,53,6,2648,3236,987,128,4197,3855,825,78,158,124,73,53,30.79,26.1,21,25.6,63.10,83.95,119.64,164.11,372,378,100,13,14,37,31,8,14,10,7,0,12,10,5,1,6,5,0,0,0,0,0,0,0,0,0,0,0,0,0,0,0,0,0,0,0,0,0,0,0,0,0,0
37,Abdul Razzaq,Pakistan,46,Bowling Allrounder ,Right Handed Bat ,Right-arm fast-medium,46,265,32,0,77,228,29,0,1946,5080,393,0,4741,6252,337,0,134,112,46,0,28.2,29.71,20.68,0,41.05,81.26,116.62,0,230,382,21,0,23,124,21,0,4,14,2,0,7,23,0,0,3,3,0,0,0,0,0,0,7008,3694,219,100,3.16,10941,8564,107,269,4.7,339,395,2,20,6.99,0,0,0,0,0
38,Yasir Hameed,Pakistan,48,Batsman ,Right Handed Bat ,Right-arm offbreak,25,56,0,0,49,56,0,0,1491,2028,0,0,2588,3029,0,0,170,127,0,0,32.41,36.87,0,0,57.62,66.96,0,0,223,219,0,0,4,6,0,0,1,2,0,0,8,12,0,0,2,3,0,0,0,0,0,0,78,72,1,0,5.54,18,26,0,0,8.67,0,0,0,0,0,0,0,0,0,0
39,Taufeeq Umar,Pakistan,44,WK-Batsman ,Left Handed Bat ,Right-arm offbreak,44,22,0,0,83,22,0,0,2963,504,0,0,6626,895,0,0,236,81,0,0,37.99,24,0,0,44.72,56.32,0,0,404,51,0,0,4,2,0,0,6,0,0,0,14,3,0,0,7,0,0,0,1,0,0,0,78,44,2,0,3.38,72,85,0,1,7.08,0,0,0,0,0,0,0,0,0,0
40,Khurram Khan,United Arab Emirates,54,Batting Allrounder ,Left Handed Bat ,Left-arm orthodox,0,16,3,0,0,16,3,0,0,582,73,0,0,725,73,0,0,132,31,0,0,41.57,24.33,0,0,80.28,100.00,0,0,59,8,0,0,2,0,0,0,0,0,0,0,3,0,0,0,1,0,0,0,0,0,0,0,0,0,0,0,498,432,1,12,5.2,6,8,0,1,8,0,0,0,0,0
41,Arshad Ali,United Arab Emirates,50,Bowler ,Right Handed Bat,,0,4,0,0,0,4,0,0,0,54,0,0,0,102,0,0,0,41,0,0,0,13.5,0,0,0,52.95,0,0,0,6,0,0,0,0,0,0,0,1,0,0,0,0,0,0,0,0,0,0,0,0,0,0,0,0,0,0,0,102,105,0,1,6.18,0,0,0,0,0,0,0,0,0,0
42,Mohammad Tauqir,United Arab Emirates,54,Bowler ,Right Handed Bat ,Right-arm offbreak,0,11,3,0,0,9,2,0,0,95,4,0,0,164,6,0,0,55,4,0,0,13.57,4,0,0,57.93,66.67,0,0,12,1,0,0,0,0,0,0,0,0,0,0,1,0,0,0,0,0,0,0,0,0,0,0,0,0,0,0,491,383,1,9,4.68,42,55,1,0,7.86,0,0,0,0,0
43,Lakshmipathy Balaji,India,44,Bowler ,Right Handed Bat ,Right-arm fast-medium,8,30,5,73,9,16,0,15,51,120,0,36,126,152,0,49,31,21,0,15,5.67,12,0,4.5,40.48,78.95,0,73.47,5,8,0,2,1,3,0,1,4,2,0,5,0,0,0,0,0,0,0,0,0,0,0,0,1756,1004,64,27,3.43,1447,1344,11,34,5.57,96,121,0,10,7.56,1513,2029,2,76,8.05
44,Anil Kumble,India,55,Bowler ,Right Handed Bat ,Right-arm legbreak,132,271,0,42,173,136,0,17,2506,938,0,35,6455,1536,0,47,110,26,0,8,17.65,10.54,0,11.67,38.83,61.07,0,74.47,302,57,0,3,9,6,0,0,17,18,0,0,5,0,0,0,1,0,0,0,0,0,0,0,40850,18355,1576,619,2.7,14496,10412,109,337,4.31,0,0,0,0,0,965,1058,1,45,6.58
45,Marvan Atapattu,Sri Lanka,55,Batsman ,Right Handed Bat ,Right-arm legbreak,90,268,2,0,156,259,1,0,5502,8529,5,0,12384,12594,8,0,249,132,5,0,38.48,37.57,5,0,44.43,67.73,62.50,0,685,734,0,0,4,15,0,0,22,13,0,0,17,59,0,0,16,11,0,0,6,0,0,0,48,24,0,1,3,51,41,0,0,4.82,0,0,0,0,0,0,0,0,0,0
46,Mahela Jayawardene,Sri Lanka,48,Batsman ,Right Handed Bat ,Right-arm medium,149,448,55,80,252,418,55,78,11814,12650,1493,1802,22959,16019,1121,1462,374,144,100,110,49.85,33.38,31.77,28.6,51.46,78.97,133.19,123.26,1387,1119,173,200,61,76,33,39,15,28,4,2,50,77,9,10,34,19,1,1,7,0,0,0,589,310,20,6,3.16,593,563,1,8,5.7,6,8,0,0,8,0,0,0,0,0
47,Sanath Jayasuriya,Sri Lanka,56,Batting Allrounder ,Left Handed Bat ,Left-arm orthodox,110,445,31,30,188,433,30,30,6973,13430,629,768,10683,14723,487,532,340,189,88,114,40.07,32.13,23.3,27.43,65.28,91.22,129.16,144.37,910,1500,76,84,59,270,23,39,15,34,4,2,31,68,4,4,14,28,0,1,3,0,0,0,8188,3366,323,98,2.47,14874,11871,45,323,4.79,371,456,0,19,7.37,294,390,1,13,7.96
48,Kumar Sangakkara,Sri Lanka,48,Batsman ,Left Handed Bat ,Right-arm offbreak,134,404,56,71,233,380,53,68,12400,14234,1382,1687,22882,18049,1156,1392,319,169,78,94,57.14,41.99,31.41,25.95,54.20,78.87,119.56,121.20,1491,1385,139,195,51,88,20,27,11,15,2,4,52,93,8,10,38,25,0,0,11,0,0,0,84,49,0,0,3.5,0,0,0,0,0,0,0,0,0,0,0,0,0,0,0
49,Tillakaratne Dilshan,Sri Lanka,49,Batting Allrounder ,Right Handed Bat ,Right-arm offbreak,87,330,80,52,145,303,79,50,5492,10290,1889,1153,8379,11933,1568,1007,193,161,104,76,40.99,39.27,28.19,26.81,65.55,86.24,120.48,114.50,677,1111,223,140,24,56,33,24,14,11,10,6,23,47,13,9,16,22,1,0,0,0,0,0,3385,1710,83,39,3.03,5880,4778,22,106,4.88,258,313,0,9,7.28,271,366,0,5,8.1
50,Thilina Kandamby,Sri Lanka,43,Batsman ,Left Handed Bat ,Right-arm legbreak,0,39,5,0,0,36,4,0,0,870,13,0,0,1250,21,0,0,93,10,0,0,29,3.25,0,0,69.60,61.91,0,0,71,0,0,0,0,0,0,0,2,1,0,0,5,0,0,0,0,0,0,0,0,0,0,0,0,0,0,0,174,173,1,2,5.97,0,0,0,0,0,0,0,0,0,0
51,Upul Chandana,Sri Lanka,54,Bowler ,Right Handed Bat ,Right-arm legbreak,16,147,0,0,24,111,0,0,616,1627,0,0,1217,2229,0,0,92,89,0,0,26.78,17.31,0,0,50.62,73.00,0,0,77,108,0,0,6,22,0,0,0,8,0,0,2,5,0,0,0,0,0,0,0,0,0,0,2685,1535,64,37,3.43,6142,4818,20,151,4.71,0,0,0,0,0,0,0,0,0,0
52,Chaminda Vaas,Sri Lanka,52,Bowler ,Left Handed Bat ,Left-arm fast-medium,111,322,6,13,162,220,2,11,3089,2025,33,81,7033,2792,41,73,100,50,21,20,24.32,13.68,33,10.13,43.93,72.53,80.49,110.96,376,127,1,2,16,22,0,3,12,25,0,3,13,1,0,0,1,0,0,0,0,0,0,0,23438,10501,895,355,2.69,15775,11014,279,400,4.19,132,128,1,6,5.82,282,355,2,18,7.55
53,Nuwan Zoysa,Sri Lanka,48,Batsman ,Left Handed Bat ,Left-arm fast-medium,30,95,0,3,40,47,0,2,288,343,0,11,695,358,0,9,28,47,0,10,8.47,13.19,0,11,41.44,95.82,0,122.23,31,29,0,1,5,7,0,0,9,5,0,0,0,0,0,0,0,0,0,0,0,0,0,0,4422,2157,160,64,2.93,4259,3213,61,108,4.53,0,0,0,0,0,66,99,0,2,9
54,Muthiah Muralidaran,Sri Lanka,54,Bowler ,Right Handed Bat ,Right-arm offbreak,133,350,12,66,164,162,2,9,1261,674,1,20,1794,869,5,30,67,33,1,6,11.68,6.81,0.5,3.33,70.29,77.57,20.00,66.67,146,50,0,1,29,12,0,0,33,25,1,2,1,0,0,0,0,0,0,0,0,0,0,0,44039,18180,1794,800,2.48,18811,12326,198,534,3.93,282,297,0,13,6.32,1524,1696,1,63,6.68
55,Lasith Malinga,Sri Lanka,42,Bowler ,Right Handed Bat ,Right-arm fast,30,226,84,122,37,120,33,25,275,567,136,88,619,761,161,99,64,56,27,17,11.46,6.83,6.48,5.5,44.43,74.51,84.48,88.89,36,45,9,6,6,21,5,5,9,26,8,6,1,1,0,0,0,0,0,0,0,0,0,0,5209,3349,112,101,3.86,10936,9759,103,338,5.35,1799,2225,1,107,7.42,2827,3365,8,170,7.14
56,Farveez Maharoof,Sri Lanka,41,Batting Allrounder ,Right Handed Bat ,Right-arm fast-medium,22,109,8,20,34,75,5,14,556,1113,33,177,1404,1294,43,123,72,69,13,39,18.53,19.53,8.25,17.7,39.61,86.02,76.75,143.91,67,89,0,12,3,25,1,9,1,3,1,2,3,2,0,0,0,0,0,0,0,0,0,0,2940,1631,107,25,3.33,4640,3789,50,135,4.9,162,199,0,7,7.37,420,520,0,27,7.43
57,Avishka Gunawardene,Sri Lanka,48,Batsman ,Left Handed Bat,,6,61,0,0,11,61,0,0,181,1708,0,0,323,2389,0,0,43,132,0,0,16.45,28.47,0,0,56.04,71.50,0,0,33,210,0,0,0,5,0,0,1,5,0,0,0,12,0,0,0,1,0,0,0,0,0,0,0,0,0,0,0,0,0,0,0,0,0,0,0,0,0,0,0,0,0,0
58,Habibul Bashar,Bangladesh,53,Batsman ,Right Handed Bat ,Right-arm offbreak,50,111,0,0,99,105,0,0,3026,2168,0,0,5020,3586,0,0,113,78,0,0,30.88,21.68,0,0,60.28,60.46,0,0,401,183,0,0,4,10,0,0,7,18,0,0,24,14,0,0,3,0,0,0,0,0,0,0,282,217,1,0,4.62,175,142,0,1,4.87,0,0,0,0,0,0,0,0,0,0
59,Javed Omar,Bangladesh,49,Batsman ,Right Handed Bat ,Right-arm legbreak,40,59,0,0,80,59,0,0,1720,1312,0,0,4509,2528,0,0,119,85,0,0,22.05,23.85,0,0,38.15,51.90,0,0,240,139,0,0,1,5,0,0,5,2,0,0,8,10,0,0,1,0,0,0,0,0,0,0,6,12,0,0,12,0,0,0,0,0,0,0,0,0,0,0,0,0,0,0
60,Rajin Saleh,Bangladesh,42,Batting Allrounder ,Right Handed Bat ,Right-arm offbreak,24,43,0,0,46,43,0,0,1141,1005,0,0,3182,1833,0,0,89,108,0,0,25.93,23.93,0,0,35.86,54.83,0,0,138,94,0,0,5,3,0,0,8,5,0,0,7,6,0,0,0,1,0,0,0,0,0,0,438,268,5,2,3.67,539,459,1,15,5.11,0,0,0,0,0,0,0,0,0,0
61,Mohammad Ashraful,Bangladesh,41,Batsman ,Right Handed Bat ,Right-arm legbreak,61,177,23,1,119,169,23,1,2737,3468,450,2,5940,4947,359,10,190,109,65,2,24.01,22.23,19.57,2,46.08,70.11,125.35,20.00,335,355,47,0,22,28,11,0,16,14,2,0,8,20,2,0,6,3,0,0,0,0,0,0,1733,1271,14,21,4.4,697,661,4,18,5.69,138,210,0,8,9.13,0,0,0,0,0
62,Alok Kapali,Bangladesh,42,Batsman ,Right Handed Bat ,Right-arm legbreak,17,69,7,0,34,66,7,0,584,1235,57,0,1201,1817,85,0,85,115,19,0,17.7,19.6,11.4,0,48.63,67.97,67.06,0,80,101,3,0,3,10,1,0,6,5,2,0,2,5,0,0,0,1,0,0,0,0,0,0,1103,709,15,6,3.86,1452,1255,8,24,5.19,30,35,0,2,7,0,0,0,0,0
63,Khaled Mahmud,Bangladesh,54,Bowler ,Right Handed Bat ,Right-arm medium,12,77,0,0,23,72,0,0,266,991,0,0,455,1461,0,0,45,50,0,0,12.09,14.36,0,0,58.47,67.84,0,0,30,90,0,0,3,7,0,0,4,9,0,0,0,1,0,0,0,0,0,0,0,0,0,0,1620,832,65,13,3.08,3385,2865,30,67,5.08,0,0,0,0,0,0,0,0,0,0
64,Khaled Mashud,Bangladesh,50,WK-Batsman ,Right Handed Bat,,44,126,0,0,84,110,0,0,1409,1818,0,0,4136,3315,0,0,103,71,0,0,19.04,21.9,0,0,34.07,54.85,0,0,147,124,0,0,1,5,0,0,11,8,0,0,3,7,0,0,1,0,0,0,0,0,0,0,0,0,0,0,0,0,0,0,0,0,0,0,0,0,0,0,0,0,0,0
65,Mohammad Rafique,Bangladesh,55,Bowler ,Left Handed Bat ,Left-arm orthodox,33,125,1,0,63,106,1,0,1059,1191,13,0,1630,1663,5,0,111,77,13,0,18.58,13.38,13,0,64.97,71.62,260.00,0,110,110,3,0,34,29,0,0,8,15,0,0,4,2,0,0,1,0,0,0,0,0,0,0,8744,4076,301,100,2.8,6414,4739,63,125,4.43,24,22,0,1,5.5,0,0,0,0,0
66,Tapash Baisya,Bangladesh,43,Bowler ,Right Handed Bat ,Right-arm fast-medium,21,56,0,0,40,41,0,0,384,336,0,0,769,576,0,0,66,35,0,0,11.29,12,0,0,49.94,58.34,0,0,47,26,0,0,2,4,0,0,9,4,0,0,2,0,0,0,0,0,0,0,0,0,0,0,3376,2137,93,36,3.8,2608,2452,18,59,5.64,0,0,0,0,0,0,0,0,0,0
67,Abdur Razzak,Bangladesh,43,Bowler ,Left Handed Bat ,Left-arm orthodox,13,153,34,1,22,97,20,1,248,779,41,0,382,1020,74,2,43,53,9,0,15.5,13.43,4.1,0,64.93,76.38,55.41,0.00,30,55,1,0,6,21,0,0,1,12,5,0,0,1,0,0,0,0,0,0,0,0,0,0,3015,1673,70,28,3.33,7965,6065,71,207,4.57,730,839,4,43,6.9,12,29,0,0,14.5
68,Imran Farhat,Pakistan,44,Batsman ,Left Handed Bat ,Right-arm legbreak,40,58,7,0,77,58,7,0,2400,1719,76,0,4970,2489,70,0,128,107,19,0,32,30.7,10.86,0,48.29,69.07,108.58,0,348,190,14,0,4,16,0,0,3,3,1,0,14,13,0,0,3,1,0,0,0,0,0,0,427,284,4,3,3.99,116,110,2,6,5.69,0,0,0,0,0,0,0,0,0,0
69,Younis Khan,Pakistan,48,Batsman ,Right Handed Bat ,Right-arm medium,118,265,25,1,213,255,23,1,10099,7249,442,3,19375,9628,364,7,313,144,51,3,52.06,31.25,22.1,3,52.13,75.30,121.43,42.86,1082,578,31,0,70,56,12,0,19,22,2,0,33,48,2,0,34,7,0,0,6,0,0,0,804,491,18,9,3.66,284,288,1,3,6.08,22,18,0,3,4.91,0,0,0,0,0
70,Imran Nazir,Pakistan,44,Batsman ,Right Handed Bat ,Right-arm legbreak,8,79,25,0,13,79,24,0,427,1895,500,0,730,2339,370,0,131,160,72,0,32.85,24.61,21.74,0,58.50,81.02,135.14,0,63,235,59,0,4,32,22,0,3,10,2,0,1,9,3,0,2,2,0,0,0,0,0,0,0,0,0,0,0,49,48,0,1,5.88,0,0,0,0,0,0,0,0,0,0
71,Danish Kaneria,Pakistan,45,Bowler ,Right Handed Bat ,Right-arm legbreak,61,18,0,0,84,10,0,0,360,12,0,0,743,22,0,0,29,6,0,0,7.06,6,0,0,48.46,54.55,0,0,46,1,0,0,3,0,0,0,25,2,0,0,0,0,0,0,0,0,0,0,0,0,0,0,17697,9082,517,261,3.08,854,683,11,15,4.8,0,0,0,0,0,0,0,0,0,0
72,Shane Warne,Australia,52,Bowler ,Right Handed Bat ,Right-arm legbreak,145,194,0,55,199,107,0,29,3154,1018,0,198,5470,1413,0,214,99,55,0,34,17.33,13.05,0,9.9,57.66,72.05,0,92.53,353,60,0,14,37,13,0,6,34,10,0,7,12,1,0,0,0,0,0,0,0,0,0,0,40705,17995,1761,708,2.65,10642,7541,110,293,4.25,0,0,0,0,0,1194,1447,1,57,7.27
73,Damien Martyn,Australia,54,Batsman ,Right Handed Bat ,Right-arm medium,67,208,4,1,109,182,4,1,4406,5346,120,19,8569,6877,74,24,165,144,96,19,46.38,40.81,30,19,51.42,77.74,162.17,79.17,513,441,11,1,10,22,5,0,7,10,0,0,23,37,1,0,13,5,0,0,0,0,0,0,348,168,16,2,2.9,794,704,2,12,5.32,0,0,0,0,0,0,0,0,0,0
74,Michael Clarke,Australia,45,Batsman ,Right Handed Bat ,Left-arm orthodox,115,245,34,6,198,223,28,6,8643,7981,488,98,15456,10104,473,94,329,130,67,41,48.83,44.59,21.22,16.33,55.93,78.99,103.18,104.26,977,665,28,12,39,53,10,0,9,10,2,0,27,58,1,0,28,8,0,0,4,0,0,0,2435,1184,62,31,2.92,2585,2146,7,57,4.98,156,225,0,6,8.65,66,67,0,2,6.09
75,Brad Hogg,Australia,55,Bowler ,Left Handed Bat ,Left-arm wrist-spin,7,123,15,21,10,65,4,6,186,790,55,22,376,1004,39,22,79,71,41,13,26.57,20.26,13.75,7.33,49.47,78.69,141.03,100.00,14,41,3,1,2,5,3,0,0,9,0,0,1,2,0,0,0,0,0,0,0,0,0,0,1524,933,40,17,3.67,5564,4188,37,156,4.52,294,373,1,7,7.61,458,570,1,23,7.47
76,Michael Kasprowicz,Australia,54,Bowler ,Right Handed Bat ,Right-arm fast-medium,38,43,2,0,54,13,1,0,445,74,3,0,966,89,5,0,25,28,3,0,10.6,18.5,0,0,46.07,83.15,60.00,0,46,6,0,0,3,1,0,0,7,2,0,0,0,0,0,0,0,0,0,0,0,0,0,0,7140,3716,245,113,3.12,2225,1674,28,67,4.51,42,57,0,5,8.14,0,0,0,0,0
77,Shahid Afridi,Pakistan,46,Bowling Allrounder ,Right Handed Bat ,Right-arm legbreak,27,398,99,10,48,369,91,9,1716,8064,1416,81,1973,6892,944,46,156,124,54,33,36.51,23.58,17.92,10.13,86.98,117.01,150.00,176.09,220,729,103,7,52,351,73,6,6,30,8,1,8,39,4,0,5,6,0,0,0,0,0,0,3194,1709,69,48,3.21,17670,13631,76,395,4.63,2168,2396,4,98,6.63,180,225,0,9,7.5
78,Salman Butt,Pakistan,41,Batsman ,Left Handed Bat ,Right-arm offbreak,33,78,24,7,62,78,23,7,1889,2725,595,193,4002,3572,551,161,122,136,74,73,30.47,36.33,28.33,27.57,47.21,76.29,107.99,119.88,276,343,66,30,1,7,10,2,6,15,1,0,10,14,3,1,3,8,0,0,0,0,0,0,137,106,1,1,4.64,69,90,0,0,7.83,0,0,0,0,0,0,0,0,0,0
79,Dinesh Karthik,India,40,WK-Batsman ,Right Handed Bat,,26,94,60,257,42,79,48,234,1025,1752,686,4842,2080,2392,481,3577,129,79,55,97,25,30.21,26.38,26.32,49.28,73.25,142.62,135.37,134,176,71,466,4,15,28,161,4,6,3,18,7,9,1,22,1,0,0,0,0,0,0,0,0,0,0,0,0,0,0,0,0,0,6,18,0,0,18,0,0,0,0,0
80,Ajit Agarkar,India,48,Bowler ,Right Handed Bat ,Right-arm fast-medium,26,191,4,42,39,113,2,23,571,1269,15,179,1081,1574,11,154,109,95,14,39,16.79,14.59,7.5,17.9,52.83,80.63,136.37,116.24,83,103,2,13,3,22,0,5,9,10,0,1,0,3,0,0,1,0,0,0,0,0,0,0,4857,2745,168,58,3.39,9484,8021,100,288,5.07,63,85,1,3,8.1,782,1151,0,29,8.83
81,Matthew Hayden,Australia,54,Batsman ,Left Handed Bat ,Right-arm medium,103,161,9,32,184,155,9,32,8625,6133,308,1107,14349,7767,214,805,380,181,73,93,50.74,43.81,51.33,36.9,60.11,78.97,143.93,137.52,1049,636,37,121,82,87,13,44,14,9,0,1,29,36,4,8,30,10,0,0,2,0,0,0,54,40,0,0,4.44,6,18,0,0,18,0,0,0,0,0,0,0,0,0,0
82,Shane Watson,Australia,44,Batting Allrounder ,Right Handed Bat ,Right-arm fast-medium,59,190,58,145,109,169,56,141,3731,5757,1462,3874,7094,6365,1006,2809,176,185,124,117,35.2,40.54,29.24,30.99,52.60,90.45,145.33,137.92,484,570,115,376,31,131,83,190,6,12,3,7,24,33,10,21,4,9,1,4,0,0,0,0,5495,2526,238,75,2.76,6466,5342,36,168,4.96,930,1187,2,48,7.66,2029,2682,3,92,7.93
83,Brad Haddin,Australia,48,WK-Batsman ,Right Handed Bat,,66,126,34,1,112,115,29,1,3266,3121,402,18,5584,3706,351,11,169,110,47,18,32.99,31.53,17.48,18,58.49,84.22,114.53,163.64,362,296,30,2,54,71,13,1,8,2,2,0,18,16,0,0,4,2,0,0,0,0,0,0,0,0,0,0,0,0,0,0,0,0,0,0,0,0,0,0,0,0,0,0
84,Michael Vaughan,England,51,Batsman ,Right Handed Bat ,Right-arm offbreak,82,86,2,0,147,83,2,0,5719,1982,27,0,11184,2898,22,0,197,90,27,0,41.44,27.15,13.5,0,51.14,68.40,122.73,0,742,204,4,0,22,13,0,0,9,9,1,0,18,16,0,0,18,0,0,0,0,0,0,0,978,561,21,6,3.44,796,649,2,16,4.89,0,0,0,0,0,0,0,0,0,0
85,Kabir Ali,England,45,Bowler ,Right Handed Bat ,Right-arm fast-medium,1,14,0,0,2,9,0,0,10,93,0,0,28,108,0,0,9,39,0,0,5,15.5,0,0,35.72,86.12,0,0,1,8,0,0,0,1,0,0,0,2,0,0,0,0,0,0,0,0,0,0,0,0,0,0,216,136,5,5,3.78,673,682,4,20,6.08,0,0,0,0,0,0,0,0,0,0
86,Ashley Giles,England,53,Bowler ,Right Handed Bat ,Left-arm orthodox,54,62,0,0,81,35,0,0,1421,385,0,0,3064,551,0,0,59,41,0,0,20.9,17.5,0,0,46.38,69.88,0,0,175,24,0,0,5,4,0,0,9,2,0,0,4,0,0,0,0,0,0,0,0,0,0,0,12180,5806,397,143,2.86,2856,2069,17,55,4.35,0,0,0,0,0,0,0,0,0,0
87,Geraint Jones,England,49,WK-Batsman ,Right Handed Bat,,34,51,2,0,53,43,2,0,1172,861,33,0,2165,1116,25,0,100,80,19,0,23.92,24.6,33,0,54.14,77.16,132.00,0,155,74,5,0,12,14,0,0,2,1,0,0,6,4,0,0,1,0,0,0,0,0,0,0,0,0,0,0,0,0,0,0,0,0,0,0,0,0,0,0,0,0,0,0
88,Vikram Solanki,England,50,Batsman ,Right Handed Bat ,Right-arm offbreak,0,51,3,0,0,46,3,0,0,1097,76,0,0,1504,61,0,0,106,43,0,0,26.76,25.33,0,0,72.94,124.60,0,0,135,10,0,0,7,1,0,0,2,0,0,0,5,0,0,0,2,0,0,0,0,0,0,0,0,0,0,0,111,105,0,1,5.68,0,0,0,0,0,0,0,0,0,0
89,Sir Andrew,England,49,Batsman ,Left Handed Bat ,Left-arm medium,100,127,4,0,178,126,4,0,7037,4205,73,0,14383,5194,64,0,177,158,33,0,40.91,35.34,18.25,0,48.93,80.96,114.07,0,867,454,9,0,10,25,0,0,15,9,1,0,27,27,0,0,21,6,0,0,0,0,0,0,0,0,0,0,0,6,3,0,0,3,0,0,0,0,0,0,0,0,0,0
90,Tatenda Taibu,Zimbabwe,43,WK-Batsman ,Right Handed Bat ,Right-arm offbreak,28,150,17,3,54,137,15,3,1546,3393,254,31,3732,5020,250,26,153,107,45,15,30.31,29.25,28.22,10.33,41.43,67.59,101.60,119.24,182,235,19,3,7,32,2,0,5,16,2,0,12,22,0,0,1,2,0,0,0,0,0,0,48,27,1,1,3.38,84,61,1,2,4.36,24,41,0,0,10.25,0,0,0,0,0
91,Elton Chigumbura,Zimbabwe,40,Bowling Allrounder ,Right Handed Bat ,Right-arm medium,14,213,57,0,27,198,56,0,569,4340,893,0,1133,5423,637,0,88,117,54,0,21.07,25.23,19,0,50.23,80.03,140.19,0,67,343,61,0,6,106,53,0,6,17,6,0,4,19,3,0,0,2,0,0,0,0,0,0,1806,966,61,21,3.21,4339,4274,23,101,5.91,276,427,0,16,9.28,0,0,0,0,0
92,Stuart Matsikenyeri,Zimbabwe,43,Batting Allrounder ,Right Handed Bat ,Right-arm offbreak,8,113,10,0,16,110,10,0,351,2224,76,0,694,3072,82,0,57,90,32,0,23.4,22.02,7.6,0,50.58,72.40,92.69,0,46,209,6,0,3,18,3,0,0,8,2,0,2,13,0,0,0,0,0,0,0,0,0,0,483,345,6,2,4.29,920,778,2,16,5.07,16,23,0,0,8.63,0,0,0,0,0
93,Tawanda Mupariwa,Zimbabwe,41,Bowler ,Right Handed Bat ,Right-arm fast-medium,1,40,4,0,2,32,2,0,15,185,5,0,45,325,3,0,14,33,3,0,15,8.41,0,0,33.34,56.93,166.67,0,2,14,0,0,0,2,0,0,0,9,0,0,0,0,0,0,0,0,0,0,0,0,0,0,204,136,1,0,4,2019,1690,23,57,5.02,78,94,0,1,7.23,0,0,0,0,0
94,Mluleki Nkala,Zimbabwe,45,Bowler ,Right Handed Bat ,Right-arm fast-medium,10,50,1,0,15,35,1,0,187,324,1,0,452,526,3,0,47,47,1,0,14.38,10.8,1,0,41.38,61.60,33.34,0,23,22,0,0,1,4,0,0,4,5,0,0,0,0,0,0,0,0,0,0,0,0,0,0,1452,727,53,11,3,1582,1570,8,22,5.95,0,0,0,0,0,0,0,0,0,0
95,Ed Rainsford,Zimbabwe,41,Bowler ,Right Handed Bat ,Right-arm fast-medium,0,39,2,0,0,23,1,0,0,55,1,0,0,134,2,0,0,9,1,0,0,5.5,0,0,0,41.05,50.00,0,0,2,0,0,0,1,0,0,0,2,0,0,0,0,0,0,0,0,0,0,0,0,0,0,0,0,0,0,0,1907,1401,33,45,4.41,36,67,0,0,11.17,0,0,0,0,0
96,Vusi Sibanda,Zimbabwe,42,Batsman ,Right Handed Bat ,Right-arm medium,14,127,26,0,28,126,26,0,591,2994,511,0,1177,4716,503,0,93,116,59,0,21.11,24.54,20.44,0,50.22,63.49,101.60,0,86,329,52,0,6,35,11,0,3,14,3,0,2,21,1,0,0,2,0,0,0,0,0,0,0,0,0,0,0,267,265,1,3,5.96,0,0,0,0,0,0,0,0,0,0
97,Brendan Taylor,Zimbabwe,40,WK-Batsman ,Right Handed Bat ,Right-arm offbreak,36,207,59,0,71,205,57,0,2403,6704,1216,0,4300,8762,994,0,171,145,123,0,35.87,35.28,23.84,0,55.89,76.52,122.34,0,267,599,125,0,22,106,30,0,3,16,6,0,12,39,6,0,6,11,1,0,0,0,0,0,42,38,0,0,5.43,396,406,0,9,6.15,30,17,0,1,3.4,0,0,0,0,0
98,Prosper Utseya,Zimbabwe,41,Bowling Allrounder ,Right Handed Bat ,Right-arm offbreak,4,164,35,0,8,132,21,0,107,1406,95,0,229,2410,114,0,45,68,13,0,15.29,16.74,7.92,0,46.73,58.35,83.34,0,12,88,6,0,1,17,1,0,2,16,3,0,0,4,0,0,0,0,0,0,0,0,0,0,753,410,16,10,3.27,8571,6239,65,133,4.37,749,858,2,26,6.87,0,0,0,0,0
99,Mark Vermeulen,Zimbabwe,47,Batting Allrounder ,Right Handed Bat ,Right-arm offbreak,9,43,0,0,18,43,0,0,449,868,0,0,940,1227,0,0,118,92,0,0,24.94,21.7,0,0,47.77,70.75,0,0,58,110,0,0,2,2,0,0,3,4,0,0,2,6,0,0,1,0,0,0,0,0,0,0,6,5,0,0,5,5,5,0,1,0,0,0,0,0,0,0,0,0,0,0
100,Aftab Ahmed,Bangladesh,40,Batsman ,Right Handed Bat ,Right-arm medium,16,85,11,0,31,85,11,0,582,1954,228,0,1173,2353,178,0,82,92,62,0,20.07,24.73,22.8,0,49.62,83.05,128.09,0,78,205,26,0,3,49,6,0,4,8,0,0,1,14,1,0,0,0,0,0,0,0,0,0,344,237,8,5,4.13,739,656,0,12,5.33,2,8,0,0,0,0,0,0,0,0
101,Nafees Iqbal,Bangladesh,40,Batsman ,Right Handed Bat ,Right-arm medium,11,16,0,0,22,16,0,0,518,309,0,0,1332,568,0,0,121,58,0,0,23.55,19.31,0,0,38.89,54.41,0,0,72,32,0,0,1,2,0,0,2,1,0,0,2,2,0,0,1,0,0,0,0,0,0,0,0,0,0,0,0,0,0,0,0,0,0,0,0,0,0,0,0,0,0,0
102,Nazmul Hossain,Bangladesh,38,Bowler ,Right Handed Bat ,Right-arm fast-medium,2,38,4,0,4,21,2,0,16,35,3,0,21,128,15,0,8,6,3,0,8,4.38,0,0,76.20,27.35,20.00,0,2,0,0,0,1,0,0,0,2,4,0,0,0,0,0,0,0,0,0,0,0,0,0,0,329,194,10,5,3.54,1649,1386,23,44,5.04,42,67,0,1,9.57,0,0,0,0,0
103,Steve Tikolo,Kenya,54,Batting Allrounder ,Right Handed Bat,,0,135,15,0,0,130,15,0,0,3428,345,0,0,4524,281,0,0,111,56,0,0,29.05,28.75,0,0,75.78,122.78,0,0,353,46,0,0,33,6,0,0,13,3,0,0,24,2,0,0,3,0,0,0,0,0,0,0,0,0,0,0,4016,3215,23,94,4.8,170,168,0,12,5.93,0,0,0,0,0
104,Ragheb Aga,Kenya,41,Bowling Allrounder ,Right Handed Bat ,Right-arm fast-medium,0,12,20,0,0,9,18,0,0,150,213,0,0,210,196,0,0,86,52,0,0,16.67,13.31,0,0,71.43,108.68,0,0,16,15,0,0,0,5,0,0,1,0,0,0,1,1,0,0,0,0,0,0,0,0,0,0,0,0,0,0,408,330,2,8,4.85,288,306,1,15,6.38,0,0,0,0,0
105,Hitesh Modi,Kenya,54,Batsman ,Left Handed Bat ,Right-arm offbreak,0,63,0,0,0,56,0,0,0,1109,0,0,0,1906,0,0,0,78,0,0,0,23.6,0,0,0,58.19,0,0,0,94,0,0,0,3,0,0,0,5,0,0,0,5,0,0,0,0,0,0,0,0,0,0,0,0,0,0,0,19,27,1,0,8.53,0,0,0,0,0,0,0,0,0,0
106,Thomas Odoyo,Kenya,48,Bowling Allrounder ,Right Handed Bat ,Right-arm fast-medium,0,136,11,0,0,119,10,0,0,2420,95,0,0,3438,119,0,0,111,22,0,0,23.5,9.5,0,0,70.39,79.84,0,0,193,6,0,0,57,2,0,0,13,1,0,0,8,0,0,0,1,0,0,0,0,0,0,0,0,0,0,0,5649,4335,77,145,4.6,216,170,0,11,4.72,0,0,0,0,0
107,Peter Ongondo,Kenya,49,Bowler ,Right Handed Bat ,Right-arm fast-medium,0,79,8,0,0,62,6,0,0,391,28,0,0,621,23,0,0,36,16,0,0,9.09,4.67,0,0,62.97,121.74,0,0,24,1,0,0,10,2,0,0,9,2,0,0,0,0,0,0,0,0,0,0,0,0,0,0,0,0,0,0,3102,2350,51,78,4.55,156,177,1,5,6.81,0,0,0,0,0
108,Lameck Onyango,Kenya,52,Bowler ,Right Handed Bat ,Right-arm medium,0,29,5,0,0,18,4,0,0,144,17,0,0,188,21,0,0,34,5,0,0,13.09,8.5,0,0,76.60,80.96,0,0,12,0,0,0,4,0,0,0,2,0,0,0,0,0,0,0,0,0,0,0,0,0,0,0,0,0,0,0,995,981,9,26,5.92,78,128,0,4,9.85,0,0,0,0,0
109,Kennedy Otieno,Kenya,54,Bowler ,Right Handed Bat,,0,90,4,0,0,87,4,0,0,2016,74,0,0,3561,79,0,0,144,40,0,0,23.44,18.5,0,0,56.62,93.68,0,0,202,5,0,0,31,2,0,0,12,0,0,0,12,0,0,0,2,0,0,0,0,0,0,0,0,0,0,0,6,5,0,0,5,0,0,0,0,0,0,0,0,0,0
110,Morris Ouma,Kenya,43,WK-Batsman ,Right Handed Bat,,0,80,22,0,0,77,19,0,0,1501,127,0,0,2520,160,0,0,61,19,0,0,20.85,7.06,0,0,59.57,79.38,0,0,139,15,0,0,5,1,0,0,6,3,0,0,7,0,0,0,0,0,0,0,0,0,0,0,0,0,0,0,0,0,0,0,0,0,0,0,0,0,0,0,0,0,0
111,Malhar Patel,Kenya,42,Batting Allrounder ,Right Handed Bat,,0,3,0,0,0,3,0,0,0,40,0,0,0,95,0,0,0,25,0,0,0,13.33,0,0,0,42.11,0,0,0,3,0,0,0,0,0,0,0,1,0,0,0,0,0,0,0,0,0,0,0,0,0,0,0,0,0,0,0,0,0,0,0,0,0,0,0,0,0,0,0,0,0,0
112,Ravi Shah,Kenya,53,Batting Allrounder ,Right Handed Bat ,Right-arm fast-medium,0,56,0,0,0,55,0,0,0,1506,0,0,0,2298,0,0,0,113,0,0,0,27.89,0,0,0,65.54,0,0,0,180,0,0,0,10,0,0,0,5,0,0,0,12,0,0,0,1,0,0,0,0,0,0,0,0,0,0,0,60,72,0,0,7.2,0,0,0,0,0,0,0,0,0,0
113,Tony Suji,Kenya,50,Batting Allrounder ,Right Handed Bat ,Right-arm medium,0,60,8,0,0,46,5,0,0,506,15,0,0,977,29,0,0,67,7,0,0,12.97,5,0,0,51.80,51.73,0,0,46,0,0,0,3,0,0,0,1,0,0,0,1,0,0,0,0,0,0,0,0,0,0,0,0,0,0,0,1295,1175,12,21,5.44,97,116,1,4,7.18,0,0,0,0,0
114,Brendon McCullum,New Zealand,44,WK-Batsman ,Right Handed Bat,,101,260,71,109,176,228,70,109,6453,6083,2140,2880,9989,6312,1571,2186,302,166,123,158,38.64,30.42,35.67,27.69,64.61,96.38,136.22,131.75,776,577,199,293,107,200,91,130,14,20,3,6,31,32,13,13,12,5,2,2,4,0,0,0,175,88,5,1,3.02,0,0,0,0,0,0,0,0,0,0,0,0,0,0,0
115,Kyle Mills,New Zealand,47,Bowler ,Right Handed Bat ,Right-arm fast-medium,19,170,42,0,30,101,19,0,289,1047,137,0,749,1282,123,0,57,54,33,0,11.56,15.63,11.42,0,38.59,81.67,111.39,0,37,76,11,0,3,38,5,0,5,8,4,0,1,2,0,0,0,0,0,0,0,0,0,0,2902,1453,118,44,3,8230,6485,127,240,4.73,897,1228,1,43,8.21,0,0,0,0,0
116,Michael Papps,New Zealand,46,Batsman ,Right Handed Bat,,8,6,0,0,16,6,0,0,246,207,0,0,696,342,0,0,86,92,0,0,16.4,41.4,0,0,35.35,60.53,0,0,37,24,0,0,0,0,0,0,4,0,0,0,2,2,0,0,0,0,0,0,0,0,0,0,0,0,0,0,0,0,0,0,0,0,0,0,0,0,0,0,0,0,0,0
117,Daryl Tuffey,New Zealand,47,Batsman ,Right Handed Bat ,Right-arm fast-medium,26,94,3,0,36,52,2,0,427,295,5,0,1004,372,5,0,80,36,5,0,16.42,9.52,5,0,42.53,79.31,100.00,0,46,23,1,0,4,7,0,0,6,7,1,0,1,0,0,0,0,0,0,0,0,0,0,0,4877,2445,209,77,3.01,4333,3534,70,110,4.89,60,93,0,3,9.3,0,0,0,0,0
118,Daniel Vettori,New Zealand,47,Bowling Allrounder ,Left Handed Bat ,Left-arm orthodox,113,295,34,34,174,187,22,15,4531,2253,205,90,7787,2715,190,90,140,83,38,29,30.01,17.33,12.81,11.25,58.19,82.99,107.90,100.00,557,175,14,7,17,15,2,2,20,23,3,1,23,4,0,0,6,0,0,0,0,0,0,0,28814,12441,1200,362,2.59,14060,9674,99,305,4.13,787,748,1,38,5.7,777,879,0,28,6.79
119,Azhar Mahmood,Pakistan,51,Bowling Allrounder ,Right Handed Bat ,Right-arm fast-medium,21,143,0,23,34,110,0,21,900,1521,0,388,1772,1988,0,303,136,67,0,80,30,18.11,0,20.42,50.80,76.51,0,128.06,113,119,0,39,5,24,0,13,5,9,0,2,1,3,0,2,3,0,0,0,0,0,0,0,3015,1402,111,39,2.79,6242,4813,58,123,4.63,0,0,0,0,0,537,700,0,29,7.82
120,Graeme Smith,South Africa,45,Batsman ,Left Handed Bat ,Right-arm offbreak,117,197,33,29,205,194,33,29,9265,6989,982,739,15525,8648,770,668,277,141,89,91,47.76,37.78,31.68,28.42,59.68,80.82,127.54,110.63,1165,789,123,94,24,44,26,9,11,8,1,3,38,47,5,4,27,10,0,0,5,0,0,0,1418,885,28,8,3.74,1026,951,0,18,5.56,24,57,0,0,14.25,0,0,0,0,0
121,Mark Boucher,South Africa,49,WK-Batsman ,Right Handed Bat ,Right-arm medium,147,295,25,31,206,221,21,24,5515,4686,268,394,11005,5528,275,309,125,147,36,50,30.3,28.57,17.87,28.14,50.12,84.77,97.46,127.51,655,356,22,32,20,83,2,13,17,16,0,0,35,26,0,1,5,1,0,0,0,0,0,0,8,6,0,1,4.5,0,0,0,0,0,0,0,0,0,0,0,0,0,0,0
122,Nicky Boje,South Africa,53,Batting Allrounder ,Left Handed Bat ,Left-arm orthodox,43,115,1,0,62,71,0,0,1312,1414,0,0,2715,1594,0,0,85,129,0,0,25.23,26.68,0,0,48.33,88.71,0,0,184,135,0,0,6,13,0,0,5,2,0,0,4,4,0,0,0,2,0,0,0,0,0,0,8620,4265,293,100,2.97,4541,3415,22,96,4.51,24,27,0,1,6.75,0,0,0,0,0
123,Jean,South Africa,42,Batting Allrounder ,Left Handed Bat ,Right-arm offbreak,46,199,81,83,74,179,75,77,2103,5117,1934,2029,4544,6050,1532,1636,166,150,96,78,32.86,36.81,38.68,39.78,46.29,84.58,126.25,124.03,251,347,138,126,13,75,71,79,9,7,6,1,8,27,11,14,6,4,0,0,0,0,0,0,2703,1601,48,42,3.55,3513,3143,9,69,5.37,463,599,0,21,7.76,678,834,0,23,7.38
124,Herschelle Gibbs,South Africa,52,Batsman ,Right Handed Bat,,90,248,23,36,154,240,23,36,6167,8094,400,886,12270,9721,318,807,228,175,90,69,41.67,35.81,18.18,27.69,50.27,83.27,125.79,109.79,887,930,45,83,47,128,12,31,11,22,4,4,26,37,3,6,14,21,0,0,2,0,0,0,6,4,0,0,4,0,0,0,0,0,0,0,0,0,0,0,0,0,0,0
125,Jacques Kallis,South Africa,50,Batting Allrounder ,Right Handed Bat ,Right-arm fast-medium,166,328,25,98,280,314,23,96,13289,11579,666,2427,28903,15885,558,2222,224,139,73,89,55.37,44.36,35.05,28.55,45.98,72.90,119.36,109.23,1488,911,56,255,97,137,20,44,16,17,0,9,58,86,5,17,45,17,0,0,2,0,0,0,20232,9535,846,292,2.83,10750,8680,78,273,4.84,276,333,1,12,7.24,1742,2293,3,65,7.9
126,Charl Langeveldt,South Africa,51,Batsman ,Right Handed Bat ,Right-arm fast-medium,6,72,9,7,4,21,3,2,16,73,4,8,52,124,8,9,10,12,2,8,8,6.64,4,4,30.77,58.88,50.00,88.89,3,8,0,0,0,0,0,1,1,1,0,1,0,0,0,0,0,0,0,0,0,0,0,0,999,593,27,16,3.56,3489,2962,29,100,5.09,198,241,0,17,7.3,156,187,0,13,7.19
127,Makhaya Ntini,South Africa,48,Bowler ,Right Handed Bat ,Right-arm fast,101,173,10,9,116,47,4,2,699,199,10,11,1439,298,11,18,32,42,5,11,9.85,8.65,5,11,48.58,66.78,90.91,61.12,104,16,2,2,8,6,0,0,21,9,1,0,0,0,0,0,0,0,0,0,0,0,0,0,20834,11242,759,390,3.24,8687,6559,123,266,4.53,192,298,0,6,9.31,210,242,2,7,6.91
128,Shaun Pollock,South Africa,52,Bowling Allrounder ,Right Handed Bat ,Right-arm fast-medium,108,303,12,13,156,205,9,8,3781,3519,86,147,7198,4059,70,111,111,130,36,33,32.32,26.46,12.29,18.38,52.53,86.70,122.86,132.44,412,248,4,12,35,58,4,8,9,20,3,2,16,14,0,0,2,1,0,0,0,0,0,0,24353,9733,1222,421,2.4,15712,9631,313,393,3.68,243,309,1,15,7.63,276,301,1,11,6.54
129,Jacques Rudolph,South Africa,45,Batsman ,Left Handed Bat ,Right-arm legbreak,48,45,1,0,83,39,1,0,2622,1174,6,0,5984,1725,7,0,222,81,6,0,35.43,35.58,0,0,43.82,68.06,85.72,0,362,109,0,0,7,5,0,0,8,0,0,0,11,7,0,0,6,0,0,0,1,0,0,0,664,432,13,4,3.9,24,26,0,0,6.5,0,0,0,0,0,0,0,0,0,0
130,Andre Nel,South Africa,48,Bowler ,Right Handed Bat ,Right-arm fast-medium,36,79,2,1,42,22,1,1,337,127,0,0,731,166,2,0,34,30,0,0,9.91,12.7,0,0,46.11,76.51,0.00,0,40,14,0,0,5,3,0,0,11,2,0,1,0,0,0,0,0,0,0,0,0,0,0,0,7630,3919,280,123,3.08,3801,2935,58,106,4.63,48,42,0,2,5.25,18,31,0,1,10.33
131,Dilhara Fernando,Sri Lanka,46,Bowler ,Right Handed Bat ,Right-arm fast-medium,40,147,18,10,47,61,7,2,249,239,25,4,709,392,27,3,39,20,21,2,8.3,9.19,5,0,35.12,60.97,92.60,133.34,30,19,4,0,1,2,0,0,8,9,2,0,0,0,0,0,0,0,0,0,0,0,0,0,6181,3784,143,100,3.67,6507,5648,53,187,5.21,378,464,3,18,7.37,234,298,0,17,7.64
132,Kaushal Lokuarachchi,Sri Lanka,44,Batting Allrounder ,Right Handed Bat ,Right-arm legbreak,4,21,2,0,5,18,2,0,94,210,11,0,162,262,13,0,28,69,11,0,23.5,14,5.5,0,58.03,80.16,84.62,0,14,9,1,0,1,5,0,0,0,2,1,0,0,1,0,0,0,0,0,0,0,0,0,0,594,295,20,5,2.98,1011,725,7,31,4.3,36,48,0,2,8,0,0,0,0,0
133,Brian Lara,West Indies,57,Batsman ,Left Handed Bat ,Right-arm legbreak,131,299,0,0,232,289,0,0,11953,10405,0,0,19753,13086,0,0,400,169,0,0,52.89,40.17,0,0,60.52,79.52,0,0,1559,1035,0,0,88,133,0,0,17,16,0,0,48,63,0,0,34,19,0,0,9,0,0,0,60,28,1,0,2.8,49,61,0,4,7.47,0,0,0,0,0,0,0,0,0,0
134,Ian Bradshaw,West Indies,51,Bowler ,Left Handed Bat ,Left-arm fast-medium,5,62,1,0,8,34,1,0,96,287,0,0,356,480,0,0,33,37,0,0,13.71,12.48,0,0,26.97,59.80,0,0,11,18,0,0,0,4,0,0,1,6,0,0,0,0,0,0,0,0,0,0,0,0,0,0,1021,540,33,9,3.17,3172,2299,38,78,4.35,24,22,0,0,5.5,0,0,0,0,0
135,Dwayne Bravo,West Indies,42,Batting Allrounder ,Right Handed Bat ,Right-arm fast-medium,40,164,91,161,71,141,74,113,2200,2968,1255,1560,4527,3606,1090,1204,113,112,66,70,31.43,25.37,22.02,22.61,48.60,82.31,115.14,129.57,269,240,73,121,21,58,55,66,6,11,5,5,13,10,4,5,3,2,0,0,0,0,0,0,6466,3426,213,86,3.18,6511,5874,38,199,5.41,1505,2036,0,78,8.12,3119,4360,3,183,8.39
136,Shivnarine Chanderpaul,West Indies,51,Batsman ,Left Handed Bat ,Right-arm legbreak,164,268,22,3,280,251,22,3,11867,8778,343,25,27395,12408,347,31,203,150,41,16,51.37,41.41,20.18,8.33,43.32,70.75,98.85,80.65,1285,722,34,4,36,85,5,0,15,6,0,0,66,59,0,0,30,11,0,0,2,0,0,0,1740,883,50,9,3.04,740,636,0,14,5.16,0,0,0,0,0,0,0,0,0,0
137,Corey Collymore,West Indies,48,Bowler ,Right Handed Bat ,Right-arm fast-medium,30,84,0,0,52,35,0,0,197,104,0,0,642,261,0,0,16,13,0,0,7.88,5.78,0,0,30.69,39.85,0,0,19,5,0,0,0,2,0,0,11,8,0,0,0,0,0,0,0,0,0,0,0,0,0,0,6337,3004,245,93,2.84,4074,2924,45,83,4.31,0,0,0,0,0,0,0,0,0,0
138,Chris Gayle,West Indies,46,Batsman ,Left Handed Bat ,Right-arm offbreak,103,301,79,142,182,294,75,141,7215,10480,1899,4965,11970,12019,1381,3333,333,215,117,175,42.19,37.7,27.93,39.72,60.28,87.20,137.51,148.97,1046,1128,158,405,98,331,124,357,15,25,4,8,37,54,14,31,15,25,2,6,3,1,0,0,7109,3120,230,73,2.63,7424,5926,38,167,4.79,381,440,0,20,6.93,554,729,0,18,7.9
139,Ryan Hinds,West Indies,45,Batting Allrounder ,Left Handed Bat ,Left-arm orthodox,15,14,0,0,25,9,0,0,505,101,0,0,1245,170,0,0,84,18,0,0,21.04,16.83,0,0,40.57,59.42,0,0,61,11,0,0,2,0,0,0,1,0,0,0,2,0,0,0,0,0,0,0,0,0,0,0,1743,870,53,13,2.99,407,350,0,6,5.16,0,0,0,0,0,0,0,0,0,0
140,Wavell Hinds,West Indies,49,Batting Allrounder ,Left Handed Bat ,Right-arm medium,45,119,5,0,80,111,5,0,2608,2880,30,0,5459,4393,41,0,213,127,14,0,33.01,28.51,7.5,0,47.78,65.56,73.18,0,368,261,3,0,16,50,0,0,6,8,1,0,14,14,0,0,5,5,0,0,1,0,0,0,1123,590,41,16,3.15,945,837,3,28,5.31,0,0,0,0,0,0,0,0,0,0
141,Sylvester Joseph,West Indies,47,Batsman ,Right Handed Bat ,Right-arm offbreak,5,13,0,0,10,11,0,0,147,161,0,0,389,302,0,0,45,58,0,0,14.7,16.1,0,0,37.79,53.32,0,0,20,11,0,0,1,2,0,0,1,2,0,0,0,1,0,0,0,0,0,0,0,0,0,0,12,8,0,0,4,0,0,0,0,0,0,0,0,0,0,0,0,0,0,0
142,Ramnaresh Sarwan,West Indies,45,Batsman ,Right Handed Bat ,Right-arm legbreak,87,181,18,4,154,169,16,4,5842,5804,298,73,12484,7663,286,75,291,120,59,31,39.74,42.06,22.92,18.25,46.80,75.75,104.20,97.34,747,480,19,6,14,58,6,1,12,8,1,0,31,38,2,0,15,5,0,0,2,0,0,0,2022,1163,33,23,3.45,581,586,3,16,6.05,12,10,0,2,5,0,0,0,0,0
143,Daren Sammy,West Indies,42,Batting Allrounder ,Right Handed Bat ,Right-arm medium,38,126,68,22,63,105,52,20,1323,1871,587,295,1949,1870,398,241,106,89,42,60,21.69,24.95,17.26,19.67,67.89,100.06,147.49,122.41,155,145,45,15,34,84,31,18,8,4,3,2,5,9,0,1,1,0,0,0,0,0,0,0,6215,3007,214,84,2.9,4956,3851,41,81,4.66,916,1116,0,44,7.31,236,350,0,11,8.9
144,Dwayne Smith,West Indies,43,Batting Allrounder ,Right Handed Bat ,Right-arm medium,10,105,33,91,14,89,32,89,320,1560,582,2385,457,1683,476,1764,105,97,72,87,24.62,18.57,18.19,28.39,70.03,92.70,122.27,135.21,47,142,62,245,6,64,31,117,4,14,1,8,0,8,3,17,1,0,0,0,0,0,0,0,651,344,20,7,3.17,2726,2285,18,61,5.03,142,212,0,7,8.96,539,810,0,26,9.02
145,Aakash Chopra,India,48,Batsman ,Right Handed Bat,,10,0,0,7,19,0,0,6,437,0,0,53,1263,0,0,71,60,0,0,24,23,0,0,8.83,34.61,0,0,74.65,49,0,0,7,0,0,0,0,1,0,0,0,2,0,0,0,0,0,0,0,0,0,0,0,0,0,0,0,0,0,0,0,0,0,0,0,0,0,0,0,0,0,0,0
146,Dinesh Mongia,India,49,Batting Allrounder ,Left Handed Bat ,Left-arm orthodox,0,57,1,0,0,51,1,0,0,1230,38,0,0,1721,45,0,0,159,38,0,0,27.95,38,0,0,71.48,84.45,0,0,122,4,0,0,8,1,0,0,4,0,0,0,4,0,0,0,1,0,0,0,0,0,0,0,0,0,0,0,640,571,1,14,5.35,0,0,0,0,0,0,0,0,0,0
147,MS Dhoni,India,44,WK-Batsman ,Right Handed Bat ,Right-arm medium,90,350,98,278,144,297,85,242,4876,10773,1617,5439,8248,12303,1282,3957,224,183,56,84,38.09,50.58,37.6,38.3,59.12,87.57,126.14,137.46,544,826,116,375,78,229,52,264,10,10,1,6,33,73,2,24,6,10,0,0,1,0,0,0,96,67,1,0,4.19,36,31,0,1,5.17,0,0,0,0,0,0,0,0,0,0
148,Ashish Nehra,India,47,Bowler ,Right Handed Bat ,Left-arm fast-medium,17,120,27,88,25,46,5,22,77,141,28,41,256,246,39,62,19,24,22,22,5.5,5.64,5.6,5.86,30.08,57.32,71.80,66.13,8,12,1,3,3,3,2,1,10,9,3,5,0,0,0,0,0,0,0,0,0,0,0,0,3447,1866,122,44,3.25,5751,4981,56,157,5.2,588,758,2,34,7.73,1908,2495,2,106,7.85
149,Joginder Sharma,India,42,Batting Allrounder ,Right Handed Bat ,Right-arm fast-medium,0,4,4,16,0,3,0,6,0,35,0,36,0,30,0,30,0,29,0,16,0,35,0,9,0,116.67,0,120.00,0,5,0,1,0,0,0,2,0,0,0,2,0,0,0,0,0,0,0,0,0,0,0,0,0,0,0,0,0,150,115,3,1,4.6,87,138,0,4,9.52,256,419,0,12,9.82
150,Misbah,Pakistan,51,Batsman ,Right Handed Bat ,Right-arm legbreak,75,162,39,8,132,149,34,8,5222,5122,788,117,11726,6947,715,81,161,96,87,47,46.63,43.41,37.52,16.71,44.54,73.73,110.21,144.45,511,343,45,10,81,82,27,6,9,6,2,2,39,42,3,0,10,0,0,0,0,0,0,0,0,0,0,0,0,24,30,0,0,7.5,0,0,0,0,0,0,0,0,0,0
151,Iftikhar Anjum,Pakistan,45,Batting Allrounder ,Right Handed Bat ,Right-arm medium,1,62,2,0,1,34,0,0,9,234,0,0,39,378,0,0,9,32,0,0,0,15.6,0,0,23.08,61.91,0,0,2,15,0,0,0,3,0,0,0,4,0,0,0,0,0,0,0,0,0,0,0,0,0,0,84,62,1,0,4.43,2960,2430,41,77,4.93,48,67,0,1,8.38,0,0,0,0,0
152,Bazid Khan,Pakistan,45,Batsman ,Right Handed Bat ,Right-arm offbreak,1,5,0,0,2,5,0,0,32,131,0,0,47,232,0,0,23,66,0,0,16,26.2,0,0,68.09,56.47,0,0,5,7,0,0,0,1,0,0,0,1,0,0,0,2,0,0,0,0,0,0,0,0,0,0,0,0,0,0,0,12,11,0,0,5.5,0,0,0,0,0,0,0,0,0,0
153,Rangana Herath,Sri Lanka,48,Bowler ,Left Handed Bat ,Left-arm orthodox,93,71,17,0,144,30,6,0,1699,140,8,0,3405,217,12,0,80,17,3,0,14.52,9.33,2.67,0,49.90,64.52,66.67,0,201,10,0,0,6,2,0,0,23,3,0,0,3,0,0,0,0,0,0,0,0,0,0,0,25992,12159,813,433,2.81,3242,2362,19,74,4.37,365,373,3,18,6.13,0,0,0,0,0
154,Graeme Cremer,Zimbabwe,39,Bowler ,Right Handed Bat ,Right-arm legbreak,19,96,35,0,38,70,21,0,540,744,71,0,1657,1196,112,0,102,58,17,0,16.36,14.59,5.07,0,32.59,62.21,63.40,0,47,48,2,0,2,5,0,0,7,7,3,0,0,1,0,0,1,0,0,0,0,0,0,0,4214,2604,71,57,3.71,4680,3598,28,119,4.61,696,829,1,40,7.15,0,0,0,0,0
155,Nathan Hauritz,Australia,44,Bowler ,Right Handed Bat ,Right-arm offbreak,17,58,3,0,24,32,2,0,426,336,6,0,854,349,10,0,75,53,4,0,25.06,22.4,3,0,49.89,96.28,60.00,0,50,21,1,0,3,8,0,0,1,0,0,0,2,1,0,0,0,0,0,0,0,0,0,0,4200,2204,143,63,3.15,2724,2152,12,63,4.74,44,47,0,2,6.41,0,0,0,0,0
156,Simon Katich,Australia,50,Batsman ,Left Handed Bat ,Left-arm wrist-spin,56,45,3,11,99,42,2,11,4188,1324,69,241,8483,1926,47,186,157,107,39,75,45.03,35.78,34.5,24.1,49.37,68.75,146.81,129.57,490,138,8,25,9,4,2,8,4,3,0,1,25,9,0,2,10,1,0,0,0,0,0,0,1039,635,21,21,3.67,0,0,0,0,0,0,0,0,0,0,0,0,0,0,0
157,Justin Langer,Australia,55,Batsman ,Left Handed Bat ,Right-arm medium,105,8,0,0,182,7,0,0,7696,160,0,0,14192,180,0,0,250,36,0,0,44.74,32,0,0,54.23,88.89,0,0,912,13,0,0,40,4,0,0,12,0,0,0,30,0,0,0,23,0,0,0,3,0,0,0,6,3,0,0,3,0,0,0,0,0,0,0,0,0,0,0,0,0,0,0
158,Cameron White,Australia,42,Batsman ,Right Handed Bat ,Right-arm legbreak,4,91,47,47,7,77,44,45,146,2072,984,954,330,2586,740,755,46,105,85,78,29.2,33.97,32.8,26.5,44.25,80.13,132.98,126.36,15,145,71,76,1,45,44,36,0,4,3,4,0,11,5,6,0,2,0,0,0,0,0,0,558,342,8,5,3.68,331,351,2,12,6.36,42,51,0,1,7.29,42,86,0,1,12.29
159,Brad Hodge,Australia,51,Batting Allrounder ,Right Handed Bat ,Right-arm offbreak,6,25,15,66,11,21,11,63,503,575,183,1400,965,657,144,1118,203,123,36,73,55.89,30.26,26.14,33.33,52.13,87.52,127.09,125.23,60,51,9,122,1,12,7,43,0,3,0,3,2,3,0,6,1,1,0,0,1,0,0,0,12,8,0,0,4,66,51,0,1,4.64,30,43,0,1,8.6,234,303,0,17,7.77
160,Murali Kartik,India,49,Bowler ,Left Handed Bat ,Left-arm orthodox,8,37,1,56,10,14,0,16,88,126,0,113,231,178,0,108,43,32,0,21,9.78,14,0,16.14,38.10,70.79,0,104.63,11,10,0,7,0,1,0,1,2,1,0,1,0,0,0,0,0,0,0,0,0,0,0,0,1932,820,74,24,2.55,1907,1612,19,37,5.07,24,27,0,0,6.75,1150,1388,1,31,7.24
161,Asim Kamal,Pakistan,49,Batsman ,Left Handed Bat ,Right-arm offbreak,12,0,0,0,20,0,0,0,717,0,0,0,1518,0,0,0,99,0,0,0,37.74,0,0,0,47.24,0,0,0,104,0,0,0,6,0,0,0,2,0,0,0,8,0,0,0,0,0,0,0,0,0,0,0,0,0,0,0,0,0,0,0,0,0,0,0,0,0,0,0,0,0,0,0
162,Zulqarnain Haider,Pakistan,40,Batsman ,Right Handed Bat,,1,4,3,0,2,4,3,0,88,48,23,0,201,68,30,0,88,19,17,0,44,24,7.67,0,43.79,70.59,76.67,0,15,3,1,0,0,0,0,0,1,0,0,0,1,0,0,0,0,0,0,0,0,0,0,0,0,0,0,0,0,0,0,0,0,0,0,0,0,0,0,0,0,0,0,0
163,Jehan Mubarak,Sri Lanka,45,Batting Allrounder ,Left Handed Bat ,Right-arm offbreak,13,40,16,0,23,37,15,0,385,704,238,0,885,1115,188,0,49,72,46,0,17.5,22.71,21.64,0,43.51,63.14,126.60,0,50,62,21,0,3,5,8,0,5,1,2,0,0,4,0,0,0,0,0,0,0,0,0,0,103,66,2,0,3.84,129,95,0,2,4.42,8,17,0,1,12.75,0,0,0,0,0
164,Thilan Samaraweera,Sri Lanka,49,Batsman ,Right Handed Bat ,Right-arm offbreak,81,53,0,0,132,42,0,0,5462,862,0,0,11641,1244,0,0,231,105,0,0,48.77,27.81,0,0,46.93,69.30,0,0,633,76,0,0,7,0,0,0,11,4,0,0,30,0,0,0,14,2,0,0,2,0,0,0,1327,689,36,15,3.12,702,542,2,11,4.63,0,0,0,0,0,0,0,0,0,0
165,Gautam Gambhir,India,44,Batsman ,Left Handed Bat ,Right-arm legbreak,58,147,37,154,104,143,36,152,4154,5238,932,4218,8067,6144,783,3404,206,150,75,93,41.96,39.68,27.41,31.01,51.50,85.26,119.03,123.92,517,561,109,491,10,17,10,59,7,11,2,12,22,34,7,36,9,11,0,0,1,0,0,0,12,4,0,0,2,6,13,0,0,13,0,0,0,0,0,0,0,0,0,0
166,Boeta Dippenaar,South Africa,48,Batting Allrounder ,Right Handed Bat ,Right-arm offbreak,38,107,1,0,62,95,1,0,1718,3421,1,0,4128,5047,5,0,177,125,1,0,30.14,42.23,1,0,41.62,67.79,20.00,0,237,334,0,0,5,16,0,0,8,4,0,0,7,26,0,0,3,4,0,0,0,0,0,0,12,1,1,0,0.5,0,0,0,0,0,0,0,0,0,0,0,0,0,0,0
167,Hashim Amla,South Africa,43,Batsman ,Right Handed Bat ,Right-arm medium,124,181,44,16,215,178,44,16,9282,8113,1277,577,18574,9179,967,407,311,159,97,104,46.41,49.47,33.61,44.38,49.98,88.39,132.06,141.77,1170,823,146,60,14,53,26,21,13,4,2,2,41,39,8,3,28,27,0,2,4,0,0,0,54,37,0,0,4.11,0,0,0,0,0,0,0,0,0,0,0,0,0,0,0
168,Andrew Hall,South Africa,50,Batting Allrounder ,Right Handed Bat ,Right-arm fast-medium,21,88,2,0,33,56,1,0,760,905,11,0,1650,1206,10,0,163,81,11,0,26.21,21.05,11,0,46.07,75.05,110.00,0,96,90,1,0,4,10,0,0,7,5,0,0,3,3,0,0,1,0,0,0,0,0,0,0,3001,1617,95,45,3.23,3341,2515,30,95,4.52,48,60,0,3,7.5,0,0,0,0,0
169,Justin Ontong,South Africa,46,Batsman ,Right Handed Bat ,Right-arm offbreak,2,28,14,0,4,16,10,0,57,184,158,0,155,267,109,0,32,32,48,0,19,13.14,15.8,0,36.78,68.92,144.96,0,8,18,6,0,0,1,11,0,1,1,1,0,0,0,0,0,0,0,0,0,0,0,0,0,185,133,2,1,4.31,538,396,3,9,4.42,36,83,0,1,13.83,0,0,0,0,0
170,Robin Peterson,South Africa,46,Bowling Allrounder ,Left Handed Bat ,Left-arm orthodox,15,79,21,5,20,41,12,5,464,556,124,32,649,688,113,30,84,68,34,16,27.29,20.59,15.5,10.67,71.50,80.82,109.74,106.67,61,51,13,3,2,5,2,1,2,4,1,1,3,1,0,0,0,0,0,0,0,0,0,0,2515,1416,85,38,3.38,3278,2680,16,75,4.91,359,451,1,24,7.54,48,70,0,3,8.75
171,Alfonso Thomas,South Africa,49,Bowler ,Right Handed Bat ,Right-arm fast-medium,0,0,1,15,0,0,0,4,0,0,0,20,0,0,0,19,0,0,0,12,0,0,0,10,0,0,0,105.27,0,0,0,1,0,0,0,1,0,0,0,0,0,0,0,0,0,0,0,0,0,0,0,0,0,0,0,0,0,0,0,0,0,0,24,25,0,3,6.25,315,406,2,14,7.73
172,Andre Adams,New Zealand,50,Bowling Allrounder ,Right Handed Bat ,Right-arm fast-medium,1,42,4,0,2,34,2,0,18,419,13,0,20,417,12,0,11,45,7,0,9,17.46,13,0,90.00,100.48,108.34,0,3,31,1,0,0,18,0,0,0,1,0,0,0,0,0,0,0,0,0,0,0,0,0,0,190,105,5,6,3.32,1885,1643,15,53,5.23,77,105,0,3,8.18,0,0,0,0,0
173,Mashrafe Mortaza,Bangladesh,42,Bowler ,Right Handed Bat ,Right-arm fast-medium,36,220,54,1,67,158,39,1,797,1787,377,2,1186,2041,278,2,79,51,36,2,12.85,13.75,13.46,0,67.21,87.56,135.62,100.00,95,149,28,0,22,62,23,0,12,15,6,0,3,1,0,0,0,0,0,0,0,0,0,0,5990,3239,202,78,3.24,10928,8897,123,270,4.88,1139,1528,1,42,8.05,24,58,0,0,14.5
174,Mohammad Asif,Pakistan,43,Bowler ,Left Handed Bat ,Right-arm fast-medium,23,38,11,8,38,16,3,2,141,34,9,3,463,100,3,6,29,6,5,3,5.64,3.78,0,1.5,30.46,34.00,300.00,50.00,19,2,2,0,0,0,0,0,14,3,0,1,0,0,0,0,0,0,0,0,0,0,0,0,5171,2583,200,106,3,1941,1524,29,46,4.71,257,343,1,13,8.01,192,296,0,8,9.25
175,Stuart MacGill,Australia,55,Bowler ,Right Handed Bat ,Right-arm legbreak,44,3,0,0,47,2,0,0,349,1,0,0,715,3,0,0,43,1,0,0,9.69,1,0,0,48.82,33.34,0,0,38,0,0,0,2,0,0,0,12,0,0,0,0,0,0,0,0,0,0,0,0,0,0,0,11237,6038,365,208,3.22,180,105,4,6,3.5,0,0,0,0,0,0,0,0,0,0
176,Marlon Samuels,West Indies,45,Batting Allrounder ,Right Handed Bat ,Right-arm offbreak,71,207,67,15,127,196,65,14,3917,5606,1611,161,8219,7463,1386,172,260,133,89,46,32.64,32.98,29.29,12.38,47.66,75.12,116.24,93.61,537,526,144,9,32,118,69,7,14,11,0,1,24,30,10,0,7,10,0,0,1,0,0,0,4392,2445,79,41,3.34,5091,4127,23,89,4.86,479,622,0,22,7.79,214,284,0,9,7.96
177,Pedro Collins,West Indies,49,Bowler ,Right Handed Bat ,Left-arm fast-medium,32,30,0,0,47,12,0,0,235,30,0,0,701,50,0,0,24,10,0,0,5.88,4.29,0,0,33.53,60.00,0,0,30,1,0,0,0,0,0,0,14,2,0,0,0,0,0,0,0,0,0,0,0,0,0,0,6964,3671,221,106,3.16,1577,1212,18,39,4.61,0,0,0,0,0,0,0,0,0,0
178,Xavier Marshall,United States of America,40,Batsman ,Right Handed Bat ,Right-arm offbreak,7,37,20,0,12,37,18,0,243,596,300,0,488,901,290,0,85,157,47,0,20.25,17.53,17.65,0,49.80,66.15,103.45,0,37,59,26,0,2,17,9,0,1,6,2,0,2,1,0,0,0,1,0,0,0,0,0,0,12,0,2,0,0,9,6,0,0,4,0,0,0,0,0,0,0,0,0,0
179,Mohammad Hafeez,Pakistan,45,Batting Allrounder ,Right Handed Bat ,Right-arm offbreak,55,218,119,8,105,216,108,8,3652,6614,2514,64,6520,8634,2060,83,224,140,99,16,37.65,32.91,26.46,9.14,56.02,76.61,122.04,77.11,455,664,251,7,28,110,76,2,8,19,7,0,12,38,14,0,10,11,0,0,1,0,0,0,4067,1808,118,53,2.67,7733,5401,48,139,4.19,1261,1388,3,61,6.6,60,68,0,2,6.8
180,James Hopes,Australia,47,Batsman ,Right Handed Bat ,Right-arm medium,0,84,12,21,0,61,7,19,0,1326,105,417,0,1415,98,306,0,63,30,71,0,25.02,21,26.06,0,93.72,107.15,136.28,0,123,7,49,0,6,1,11,0,1,0,1,0,3,0,4,0,0,0,0,0,0,0,0,0,0,0,0,0,3157,2384,32,67,4.53,222,283,0,10,7.65,360,548,0,14,9.13
181,James Marshall,New Zealand,47,Batsman ,Right Handed Bat ,Right-arm medium,7,10,3,0,11,10,2,0,218,250,14,0,558,313,15,0,52,161,13,0,19.82,25,7,0,39.07,79.88,93.34,0,29,19,2,0,0,4,0,0,2,2,0,0,1,1,0,0,0,1,0,0,0,0,0,0,0,0,0,0,0,0,0,0,0,0,0,0,0,0,0,0,0,0,0,0
182,Craig Cumming,New Zealand,50,Batsman ,Right Handed Bat,,11,13,0,0,19,13,0,0,441,161,0,0,1265,301,0,0,74,45,0,0,24.5,13.42,0,0,34.87,53.49,0,0,56,20,0,0,2,0,0,0,1,3,0,0,1,0,0,0,0,0,0,0,0,0,0,0,0,0,0,0,0,18,17,0,0,5.67,0,0,0,0,0,0,0,0,0,0
183,Arshad Khan,Pakistan,55,Bowler ,Right Handed Bat ,Right-arm offbreak,9,58,0,0,8,29,0,0,31,133,0,0,168,217,0,0,9,20,0,0,5.17,12.09,0,0,18.46,61.30,0,0,3,6,0,0,0,1,0,0,1,5,0,0,0,0,0,0,0,0,0,0,0,0,0,0,2538,960,119,32,2.27,2823,1948,27,56,4.14,0,0,0,0,0,0,0,0,0,0
184,AB de,South Africa,42,WK-Batsman ,Right Handed Bat ,Right-arm medium,114,228,78,184,191,218,75,170,8765,9577,1672,5162,16076,9473,1237,3403,278,176,79,133,50.66,53.5,26.13,39.71,54.53,101.10,135.17,151.69,1024,840,140,413,64,204,60,251,8,7,5,10,46,53,10,40,22,25,0,3,2,0,0,0,204,104,6,2,3.06,192,202,0,7,6.31,0,0,0,0,0,0,0,0,0,0
185,Ashwell Prince,South Africa,48,Batsman ,Left Handed Bat ,Right-arm offbreak,66,52,1,0,104,41,1,0,3665,1018,5,0,8385,1502,6,0,162,89,5,0,41.65,35.1,5,0,43.71,67.78,83.34,0,397,77,0,0,13,4,0,0,7,4,0,0,11,3,0,0,11,0,0,0,0,0,0,0,96,47,1,1,2.94,12,3,0,0,1.5,0,0,0,0,0,0,0,0,0,0
186,Monde Zondeki,South Africa,43,Bowler ,Right Handed Bat ,Right-arm fast,6,13,1,0,5,3,1,0,82,4,0,0,226,5,1,0,59,3,0,0,16.4,4,0,0,36.29,80.00,0.00,0,12,0,0,0,0,0,0,0,1,1,1,0,1,0,0,0,0,0,0,0,0,0,0,0,780,480,25,19,3.69,558,504,8,11,5.42,18,41,0,1,13.67,0,0,0,0,0
187,Devon Smith,West Indies,44,Batsman ,Left Handed Bat ,Right-arm offbreak,43,47,6,0,76,45,6,0,1760,1059,203,0,3834,1506,161,0,108,107,61,0,23.78,24.63,33.83,0,45.91,70.32,126.09,0,246,110,22,0,1,9,5,0,7,4,0,0,8,5,2,0,1,1,0,0,0,0,0,0,6,3,0,0,3,17,17,0,0,6,0,0,0,0,0,0,0,0,0,0
188,Narsingh Deonarine,West Indies,42,Batting Allrounder ,Left Handed Bat ,Right-arm offbreak,18,31,8,0,30,29,7,0,725,682,55,0,1728,989,53,0,82,65,36,0,25.89,26.23,11,0,41.96,68.96,103.78,0,78,57,5,0,7,9,0,0,3,0,3,0,5,4,0,0,0,0,0,0,0,0,0,0,1503,713,49,24,2.85,501,475,2,6,5.69,54,87,0,0,9.67,0,0,0,0,0
189,Daren Ganga,West Indies,47,Batsman ,Right Handed Bat ,Right-arm offbreak,48,35,1,0,86,34,1,0,2160,843,26,0,5556,1414,31,0,135,71,26,0,25.71,25.55,26,0,38.88,59.62,83.88,0,284,69,3,0,2,7,1,0,9,5,0,0,9,9,0,0,3,0,0,0,0,0,0,0,186,106,2,1,3.42,1,4,0,0,0,0,0,0,0,0,0,0,0,0,0
190,Daren Powell,West Indies,48,Bowler ,Right Handed Bat ,Right-arm fast-medium,37,55,5,0,57,25,1,0,407,118,1,0,1141,164,1,0,36,48,1,0,7.83,5.36,0,0,35.68,71.96,100.00,0,50,4,0,0,4,5,0,0,15,8,0,0,0,0,0,0,0,0,0,0,0,0,0,0,7077,4068,219,85,3.45,2850,2239,35,71,4.71,102,131,0,2,7.71,0,0,0,0,0
191,Jerome Taylor,West Indies,41,Bowler ,Right Handed Bat ,Right-arm fast,46,90,30,5,73,42,15,2,856,278,118,3,1368,323,92,3,106,43,21,2,12.97,8.42,13.11,3,62.58,86.07,128.27,100.00,116,31,10,0,19,5,6,0,12,7,1,0,1,0,0,0,1,0,0,0,0,0,0,0,7757,4480,255,130,3.47,4341,3780,35,128,5.22,600,863,2,33,8.63,117,157,0,6,8.05
192,Shahid Nazir,Pakistan,48,Bowler ,Right Handed Bat ,Right-arm fast-medium,15,17,0,0,19,8,0,0,194,25,0,0,418,43,0,0,40,8,0,0,12.13,25,0,0,46.42,58.14,0,0,22,3,0,0,2,0,0,0,3,0,0,0,0,0,0,0,0,0,0,0,0,0,0,0,2234,1272,71,36,3.42,810,649,6,19,4.81,0,0,0,0,0,0,0,0,0,0
193,Fidel Edwards,West Indies,44,Bowler ,Right Handed Bat ,Right-arm fast,55,50,26,6,88,22,6,2,394,73,11,4,1397,160,14,5,30,13,7,3,6.57,9.13,5.5,4,28.21,45.63,78.58,80.00,48,5,1,0,2,0,0,0,19,2,1,0,0,0,0,0,0,0,0,0,0,0,0,0,9602,6251,183,165,3.91,2138,1812,23,60,5.09,449,617,0,20,8.24,140,154,1,5,6.6
194,Tino Best,West Indies,44,Bowling Allrounder ,Right Handed Bat ,Right-arm fast,25,26,6,0,38,16,1,0,401,76,17,0,706,125,9,0,95,24,17,0,12.53,9.5,0,0,56.80,60.80,188.89,0,52,7,0,0,5,0,2,0,9,1,0,0,1,0,0,0,0,0,0,0,0,0,0,0,3716,2292,79,57,3.7,1300,1157,9,34,5.34,120,154,0,6,7.7,0,0,0,0,0
195,Runako Morton,West Indies,33,Batsman ,Right Handed Bat,,15,56,7,0,27,51,7,0,573,1519,96,0,1192,2289,103,0,70,110,40,0,22.04,33.76,16,0,48.08,66.37,93.21,0,79,123,8,0,7,15,2,0,1,7,1,0,4,10,0,0,0,2,0,0,0,0,0,0,66,50,0,0,4.55,6,2,0,0,2,0,0,0,0,0,0,0,0,0,0
196,Ian Bell,England,44,Batsman ,Right Handed Bat ,Right-arm medium,118,161,8,0,205,157,8,0,7727,5416,188,0,15622,7019,163,0,235,141,60,0,42.69,37.87,26.86,0,49.47,77.17,115.34,0,918,525,23,0,39,32,2,0,14,6,0,0,46,35,1,0,22,4,0,0,1,0,0,0,108,76,3,1,4.22,88,88,0,6,6,0,0,0,0,0,0,0,0,0,0
197,Matthew Hoggard,England,49,Bowler ,Right Handed Bat ,Right-arm fast-medium,67,26,0,0,92,6,0,0,473,17,0,0,2090,30,0,0,38,7,0,0,7.28,4.25,0,0,22.64,56.67,0,0,42,0,0,0,0,0,0,0,19,1,0,0,0,0,0,0,0,0,0,0,0,0,0,0,13909,7564,493,248,3.26,1306,1152,13,32,5.29,0,0,0,0,0,0,0,0,0,0
198,Jon Lewis,England,50,Bowling Allrounder ,Right Handed Bat ,Right-arm medium,1,13,2,0,2,8,2,0,27,50,1,0,45,63,4,0,20,17,1,0,13.5,8.33,1,0,60.00,79.37,25.00,0,5,4,0,0,0,0,0,0,0,0,0,0,0,0,0,0,0,0,0,0,0,0,0,0,246,122,9,3,2.98,716,500,13,18,4.19,42,55,0,4,7.86,0,0,0,0,0
199,Enamul Haque,Bangladesh,39,Bowler ,Right Handed Bat ,Left-arm orthodox,15,10,0,0,26,5,0,0,59,12,0,0,271,19,0,0,13,5,0,0,5.9,3,0,0,21.78,63.16,0,0,7,0,0,0,0,0,0,0,4,2,0,0,0,0,0,0,0,0,0,0,0,0,0,0,3549,1787,101,44,3.02,576,422,3,14,4.4,0,0,0,0,0,0,0,0,0,0
200,Shahadat Hossain,Bangladesh,39,Bowler ,Right Handed Bat ,Right-arm fast-medium,38,51,6,0,69,27,5,0,521,79,8,0,1134,151,12,0,40,16,4,0,10.02,7.9,4,0,45.95,52.32,66.67,0,69,7,0,0,6,1,0,0,10,3,1,0,0,0,0,0,0,0,0,0,0,0,0,0,5380,3731,92,72,4.16,2198,2143,18,47,5.85,120,198,0,4,9.9,0,0,0,0,0
201,Shahriar Nafees,Bangladesh,41,Batsman ,Left Handed Bat,,24,75,1,0,48,75,1,0,1267,2201,25,0,2268,3167,17,0,138,123,25,0,26.4,31.44,25,0,55.87,69.50,147.06,0,189,277,3,0,1,7,1,0,4,11,0,0,7,13,0,0,1,4,0,0,0,0,0,0,0,0,0,0,0,0,0,0,0,0,0,0,0,0,0,0,0,0,0,0
202,Mushfiqur Rahim,Bangladesh,39,WK-Batsman ,Right Handed Bat,,102,274,102,0,188,256,93,0,6763,7795,1500,0,13929,9780,1305,0,219,144,72,0,39.09,36.26,19.23,0,48.56,79.71,114.95,0,773,617,126,0,39,100,37,0,13,12,8,0,29,49,6,0,14,9,0,0,3,0,0,0,0,0,0,0,0,0,0,0,0,0,0,0,0,0,0,0,0,0,0,0
203,Kevin Pietersen,England,45,Batsman ,Right Handed Bat ,Right-arm offbreak,104,136,37,36,181,125,36,36,8181,4440,1176,1001,13255,5128,831,743,227,130,79,103,47.29,40.73,37.94,35.75,61.73,86.59,141.52,134.73,985,427,119,91,81,77,32,40,10,7,1,4,35,25,7,4,23,9,0,1,3,0,0,0,1311,887,15,10,4.06,400,370,0,7,5.55,30,53,0,1,10.6,174,215,0,7,7.41
204,Tushar Imran,Bangladesh,42,Batsman ,Right Handed Bat,,5,41,0,0,10,40,0,0,89,574,0,0,263,970,0,0,28,65,0,0,8.9,14.35,0,0,33.85,59.18,0,0,12,67,0,0,0,1,0,0,3,8,0,0,0,2,0,0,0,0,0,0,0,0,0,0,60,48,0,0,4.8,126,103,0,1,4.9,0,0,0,0,0,0,0,0,0,0
205,Chris Tremlett,England,44,Bowler ,Right Handed Bat ,Right-arm fast-medium,12,15,1,0,15,11,0,0,113,50,0,0,299,89,0,0,25,19,0,0,10.27,7.14,0,0,37.80,56.18,0,0,12,2,0,0,0,2,0,0,3,1,0,0,0,0,0,0,0,0,0,0,0,0,0,0,2902,1431,114,53,2.96,784,705,2,15,5.4,24,45,0,2,11.25,0,0,0,0,0
206,Denesh Ramdin,West Indies,41,WK-Batsman ,Right Handed Bat,,74,139,71,0,126,110,50,0,2898,2200,636,0,5945,2738,551,0,166,169,55,0,25.88,25,18.71,0,48.75,80.36,115.43,0,376,165,51,0,6,31,19,0,9,4,3,0,15,8,1,0,4,2,0,0,0,0,0,0,0,0,0,0,0,0,0,0,0,0,0,0,0,0,0,0,0,0,0,0
207,Omari Banks,West Indies,43,Bowling Allrounder ,Right Handed Bat ,Right-arm offbreak,10,5,0,0,16,5,0,0,318,83,0,0,817,149,0,0,50,33,0,0,26.5,16.6,0,0,38.93,55.71,0,0,42,3,0,0,2,2,0,0,1,0,0,0,1,0,0,0,0,0,0,0,0,0,0,0,2401,1367,62,28,3.42,270,189,1,7,4.2,0,0,0,0,0,0,0,0,0,0
208,Deighton Butler,West Indies,51,Bowler ,Left Handed Bat ,Left-arm fast-medium,0,5,1,0,0,4,0,0,0,25,0,0,0,34,0,0,0,13,0,0,0,25,0,0,0,73.53,0,0,0,4,0,0,0,0,0,0,0,0,0,0,0,0,0,0,0,0,0,0,0,0,0,0,0,0,0,0,0,246,188,3,3,4.59,18,22,0,0,7.33,0,0,0,0,0
209,Gayan Wijekoon,Sri Lanka,49,Batting Allrounder ,Left Handed Bat ,Left-arm medium,2,0,3,0,3,0,2,0,38,0,1,0,93,0,5,0,14,0,1,0,12.67,0,1,0,40.87,0,20.00,0,4,0,0,0,0,0,0,0,0,0,1,0,0,0,0,0,0,0,0,0,0,0,0,0,114,66,4,2,3.47,0,0,0,0,0,66,101,0,2,9.18,0,0,0,0,0
210,Russel Arnold,Sri Lanka,52,Batting Allrounder ,Left Handed Bat ,Right-arm offbreak,44,180,1,0,69,155,1,0,1821,3950,7,0,4084,5443,7,0,123,103,7,0,28.02,35.27,7,0,44.59,72.58,100.00,0,222,284,0,0,3,21,0,0,7,7,0,0,10,28,0,0,3,1,0,0,0,0,0,0,1334,598,45,11,2.69,2157,1739,8,40,4.84,0,0,0,0,0,0,0,0,0,0
211,Shaun Tait,Australia,43,Bowler ,Right Handed Bat ,Right-arm fast,3,35,21,21,5,7,6,5,20,25,11,23,46,29,15,26,8,11,6,11,6.67,12.5,2.75,7.67,43.48,86.21,73.34,88.47,4,3,0,1,0,1,1,1,0,1,1,1,0,0,0,0,0,0,0,0,0,0,0,0,414,302,6,5,4.38,1688,1461,11,62,5.19,478,589,2,28,7.39,473,640,1,23,8.12
212,James Hildreth,England,41,Batsman ,Right Handed Bat ,Right-arm fast-medium,,,,,,,,,,,,,,,,,,,,,,,,,,,,,,,,,,,,,,,,,,,,,,,,,,,,,,,,,,,,,,,,,,,,,,,,
213,Venugopal Rao,India,44,Batsman ,Right Handed Bat ,Right-arm offbreak,0,16,0,65,0,11,0,54,0,218,0,985,0,363,0,836,0,61,0,71,0,24.22,0,22.39,0,60.06,0,117.83,0,16,0,77,0,3,0,37,0,2,0,2,0,1,0,3,0,0,0,0,0,0,0,0,0,0,0,0,0,0,0,0,0,0,0,0,0,0,0,216,337,0,6,9.36
214,Suresh Raina,India,39,Batsman ,Left Handed Bat ,Right-arm offbreak,18,226,78,205,31,194,66,200,768,5615,1604,5528,1445,6005,1190,4043,120,116,101,100,26.48,35.31,29.16,32.52,53.15,93.51,134.79,136.74,100,476,145,506,4,120,58,203,8,14,3,8,7,36,5,39,1,5,1,1,0,0,0,0,1041,603,22,13,3.48,2126,1811,5,36,5.11,349,442,0,13,7.6,908,1118,0,25,7.39
215,Upul Tharanga,Sri Lanka,41,Batsman ,Left Handed Bat,,31,235,26,0,58,223,26,0,1754,6951,407,0,3212,9155,330,0,165,174,47,0,31.89,33.74,16.28,0,54.61,75.93,123.34,0,239,799,42,0,9,52,12,0,6,17,3,0,8,37,0,0,3,15,0,0,0,0,0,0,0,0,0,0,0,0,0,0,0,0,0,0,0,0,0,0,0,0,0,0
216,Dilhara Lokuhettige,Sri Lanka,45,Batting Allrounder ,Right Handed Bat ,Right-arm fast-medium,0,9,2,0,0,9,1,0,0,83,18,0,0,107,9,0,0,29,18,0,0,9.22,0,0,0,77.58,200.00,0,0,8,0,0,0,4,1,0,0,1,0,0,0,0,0,0,0,0,0,0,0,0,0,0,0,0,0,0,0,330,261,3,6,4.75,30,30,0,2,6,0,0,0,0,0
217,Lou Vincent,New Zealand,47,Batsman ,Right Handed Bat ,Right-arm medium,23,102,9,0,40,99,9,0,1332,2413,174,0,2827,3453,174,0,224,172,42,0,34.15,27.11,19.33,0,47.12,69.89,100.00,0,161,222,17,0,12,37,3,0,4,8,1,0,9,11,0,0,3,3,0,0,1,0,0,0,6,2,0,0,2,20,25,1,1,7.5,0,0,0,0,0,0,0,0,0,0
218,Shane Bond,New Zealand,50,Bowler ,Right Handed Bat ,Right-arm fast,18,82,20,8,20,40,8,1,168,292,21,1,432,384,21,2,41,31,8,1,12.92,16.22,4.2,1,38.89,76.05,100.00,50.00,20,19,2,0,4,9,0,0,1,2,2,0,0,0,0,0,0,0,0,0,0,0,0,0,3372,1922,113,87,3.42,4295,3070,88,147,4.29,465,543,2,25,7.01,186,224,1,9,7.23
219,James Franklin,New Zealand,45,Bowling Allrounder ,Left Handed Bat ,Left-arm medium,31,110,38,20,46,80,31,16,808,1270,463,327,2163,1651,391,301,122,98,60,79,20.72,23.96,20.13,29.73,37.36,76.93,118.42,108.64,82,97,28,25,5,17,23,9,6,5,2,0,2,4,2,1,1,0,0,0,0,0,0,0,4767,2786,143,82,3.51,3848,3354,34,81,5.23,327,417,0,20,7.65,151,220,0,9,8.74
220,Chris Martin,New Zealand,51,Bowler ,Right Handed Bat ,Right-arm fast-medium,71,20,6,0,104,7,1,0,123,8,5,0,615,27,6,0,12,3,5,0,2.37,1.6,0,0,20.00,29.63,83.34,0,15,0,0,0,0,0,0,0,36,2,0,0,0,0,0,0,0,0,0,0,0,0,0,0,14026,7878,486,233,3.37,948,804,14,18,5.09,138,193,1,7,8.39,0,0,0,0,0
221,Hamilton Masakadza,Zimbabwe,42,Batting Allrounder ,Right Handed Bat ,Right-arm medium,38,209,66,0,76,208,66,0,2222,5658,1662,0,5008,7728,1418,0,158,178,93,0,30.03,27.74,25.97,0,44.37,73.22,117.21,0,265,585,151,0,23,86,65,0,10,15,1,0,8,34,11,0,5,5,0,0,0,0,0,0,1164,489,49,16,2.52,1844,1636,5,39,5.32,72,113,0,2,9.42,0,0,0,0,0
222,Blessing Mahwire,Zimbabwe,43,Bowler ,Right Handed Bat ,Right-arm medium,10,23,0,0,17,19,0,0,147,117,0,0,346,249,0,0,50,22,0,0,13.36,10.64,0,0,42.49,46.99,0,0,21,5,0,0,2,2,0,0,2,2,0,0,1,0,0,0,0,0,0,0,0,0,0,0,1287,915,35,18,4.27,885,775,12,21,5.25,0,0,0,0,0,0,0,0,0,0
223,Chris Mpofu,Zimbabwe,40,Bowler ,Right Handed Bat ,Right-arm medium,15,84,32,0,28,41,11,0,105,57,35,0,249,210,43,0,33,9,17,0,5.83,2.85,8.75,0,42.17,27.15,81.40,0,7,1,3,0,5,0,1,0,9,7,3,0,0,0,0,0,0,0,0,0,0,0,0,0,2489,1392,86,29,3.36,3960,3581,41,93,5.43,694,1036,0,33,8.96,0,0,0,0,0
224,Keith Dabengwa,Zimbabwe,45,Batsman ,Left Handed Bat ,Left-arm orthodox,3,37,8,0,6,34,7,0,90,514,51,0,140,851,44,0,35,45,16,0,15,19.04,12.75,0,64.29,60.40,115.91,0,14,32,5,0,2,8,2,0,1,4,0,0,0,0,0,0,0,0,0,0,0,0,0,0,438,249,10,5,3.41,1109,936,2,23,5.06,66,106,0,2,9.64,0,0,0,0,0
225,Anthony Ireland,Zimbabwe,41,Batting Allrounder ,Right Handed Bat ,Right-arm medium,0,26,1,0,0,13,1,0,0,30,2,0,0,101,3,0,0,8,2,0,0,3.75,0,0,0,29.71,66.67,0,0,2,0,0,0,0,0,0,0,3,0,0,0,0,0,0,0,0,0,0,0,0,0,0,0,0,0,0,0,1326,1115,13,38,5.05,18,33,0,1,11,0,0,0,0,0
226,Stuart Clark,Australia,50,Bowler ,Right Handed Bat ,Right-arm fast-medium,24,39,9,0,26,12,0,0,248,69,0,0,354,88,0,0,39,16,0,0,13.05,13.8,0,0,70.06,78.41,0,0,21,6,0,0,6,1,0,0,5,1,0,0,0,0,0,0,0,0,0,0,0,0,0,0,5146,2243,230,94,2.62,1829,1477,18,53,4.85,216,237,0,13,6.58,0,0,0,0,0
227,Syed Rasel,Bangladesh,41,Bowler ,Left Handed Bat ,Left-arm fast-medium,6,52,8,0,12,27,3,0,37,81,7,0,95,185,9,0,19,15,6,0,4.63,5.06,3.5,0,38.95,43.79,77.78,0,6,7,1,0,0,0,0,0,2,5,0,0,0,0,0,0,0,0,0,0,0,0,0,0,879,573,18,12,3.91,2657,2051,41,61,4.63,174,202,2,4,6.97,0,0,0,0,0
228,RP Singh,India,40,Bowler ,Right Handed Bat ,Left-arm fast-medium,14,58,10,82,19,20,2,30,116,104,3,52,276,242,3,76,30,23,2,10,7.25,10.4,0,3.47,42.03,42.98,100.00,68.43,16,5,0,2,1,1,0,1,7,3,0,5,0,0,0,0,0,0,0,0,0,0,0,0,2534,1682,59,40,3.98,2565,2343,31,69,5.48,198,225,0,15,6.82,1775,2338,2,90,7.9
229,Jeetan Patel,New Zealand,46,Bowling Allrounder ,Right Handed Bat ,Right-arm offbreak,24,43,11,0,38,15,4,0,381,95,9,0,738,162,14,0,47,34,5,0,12.7,13.57,3,0,51.63,58.65,64.29,0,44,5,1,0,3,2,0,0,7,1,1,0,0,0,0,0,0,0,0,0,0,0,0,0,5833,3078,202,65,3.17,2014,1691,9,49,5.04,199,269,1,16,8.11,0,0,0,0,0
230,Chamu Chibhabha,Zimbabwe,39,Batting Allrounder ,Right Handed Bat ,Right-arm medium,5,109,36,0,10,108,35,0,175,2456,667,0,450,3880,610,0,60,99,67,0,17.5,23.17,19.06,0,38.89,63.30,109.35,0,25,237,78,0,0,14,13,0,0,8,4,0,1,16,5,0,0,0,0,0,0,0,0,0,246,162,4,1,3.95,1679,1631,12,35,5.83,323,455,0,14,8.45,0,0,0,0,0
231,Sean Williams,Zimbabwe,39,Batting Allrounder ,Left Handed Bat ,Left-arm orthodox,24,164,85,0,47,159,84,0,1946,5217,1805,0,3020,6000,1407,0,154,174,77,0,45.26,37.53,23.75,0,64.44,86.95,128.29,0,222,470,178,0,16,66,44,0,0,9,7,0,7,37,12,0,6,8,0,0,0,0,0,0,2488,1309,44,26,3.16,5014,4097,35,86,4.9,1242,1433,0,49,6.92,0,0,0,0,0
232,Terry Duffin,Zimbabwe,44,Batsman ,Left Handed Bat ,Right-arm medium,2,23,0,0,4,23,0,0,80,546,0,0,179,993,0,0,56,88,0,0,20,23.74,0,0,44.70,54.99,0,0,12,57,0,0,0,0,0,0,0,1,0,0,1,3,0,0,0,0,0,0,0,0,0,0,0,0,0,0,0,0,0,0,0,0,0,0,0,0,0,0,0,0,0,0
233,Nathan Bracken,Australia,48,Batsman ,Right Handed Bat ,Left-arm fast-medium,5,116,19,0,6,35,6,0,70,199,15,0,112,282,22,0,37,21,4,0,17.5,11.71,5,0,62.50,70.57,68.19,0,7,10,1,0,0,5,0,0,0,5,1,0,0,0,0,0,0,0,0,0,0,0,0,0,1110,505,53,12,2.73,5759,4240,90,174,4.42,377,438,2,19,6.97,0,0,0,0,0
234,Vidyut Sivaramakrishnan,India,44,Batting Allrounder ,Right Handed Bat,,0,0,0,9,0,0,0,8,0,0,0,145,0,0,0,109,0,0,0,54,0,0,0,18.13,0,0,0,133.03,0,0,0,21,0,0,0,3,0,0,0,1,0,0,0,1,0,0,0,0,0,0,0,0,0,0,0,0,0,0,0,0,0,0,0,0,0,0,0,12,22,0,1,11
235,Vikram Singh,India,41,Batting Allrounder ,Right Handed Bat ,Right-arm fast-medium,5,2,0,19,6,1,0,2,47,8,0,4,42,13,0,3,29,8,0,4,11.75,8,0,2,111.91,61.54,0,133.34,9,1,0,1,0,0,0,0,0,0,0,1,0,0,0,0,0,0,0,0,0,0,0,0,669,427,20,8,3.83,72,105,0,0,8.75,0,0,0,0,0,360,542,0,12,9.03
236,S Sreesanth,India,43,Bowler ,Right Handed Bat ,Right-arm fast-medium,27,53,10,44,40,21,3,14,281,44,20,34,539,121,14,55,35,10,19,15,10.41,4,20,8.5,52.14,36.37,142.86,61.82,38,2,4,6,4,0,0,0,10,3,1,3,0,0,0,0,0,0,0,0,0,0,0,0,5419,3271,165,87,3.62,2476,2508,16,75,6.08,204,288,2,7,8.47,880,1190,4,40,8.11
237,Piyush Chawla,India,37,Bowler ,Left Handed Bat ,Right-arm legbreak,3,25,7,192,3,12,1,92,6,38,0,624,23,58,1,563,4,13,0,24,2,5.43,0,11.14,26.09,65.52,0.00,110.84,1,3,0,56,0,0,0,20,0,1,1,16,0,0,0,0,0,0,0,0,0,0,0,0,492,270,13,7,3.29,1312,1117,6,32,5.11,138,151,1,4,6.57,3850,5108,2,192,7.96
238,Liam Plunkett,United States of America,41,Bowler ,Right Handed Bat ,Right-arm fast,13,89,22,7,20,50,11,2,238,646,42,1,509,629,34,3,55,56,18,1,15.87,20.84,6,1,46.76,102.71,123.53,33.34,31,53,3,0,0,18,1,0,7,3,3,1,1,1,0,0,0,0,0,0,0,0,0,0,2659,1536,71,41,3.47,4137,4010,14,135,5.82,476,627,1,25,7.9,150,225,0,4,9
239,Alex Loudon,England,45,Batting Allrounder ,Right Handed Bat ,Right-arm offbreak,0,1,0,0,0,1,0,0,0,0,0,0,0,0,0,0,0,0,0,0,0,0,0,0,0,0,0,0,0,0,0,0,0,0,0,0,0,1,0,0,0,0,0,0,0,0,0,0,0,0,0,0,0,0,0,0,0,36,36,0,0,6,0,0,0,0,0,0,0,0,0,0
240,Shaun Udal,England,57,Bowler ,Right Handed Bat ,Right-arm offbreak,4,11,0,0,7,7,0,0,109,35,0,0,214,46,0,0,33,11,0,0,18.17,11.67,0,0,50.94,76.09,0,0,14,1,0,0,1,0,0,0,1,1,0,0,0,0,0,0,0,0,0,0,0,0,0,0,596,344,13,8,3.46,612,400,4,9,3.92,0,0,0,0,0,0,0,0,0,0
241,Albie Morkel,South Africa,44,Batting Allrounder ,Left Handed Bat ,Right-arm fast-medium,1,58,50,91,1,43,38,68,58,782,572,974,71,780,402,686,58,97,43,73,58,23.7,21.19,24.35,81.70,100.26,142.29,141.99,10,71,29,61,1,25,39,55,0,1,1,3,1,2,0,3,0,0,0,0,0,0,0,0,192,132,4,1,4.13,2073,1899,13,50,5.5,647,864,2,26,8.01,1723,2359,3,85,8.21
242,Johan Botha,South Africa,44,Bowling Allrounder ,Right Handed Bat ,Right-arm offbreak,5,78,40,34,6,50,20,28,83,609,201,409,238,710,165,359,25,46,34,67,20.75,19.03,18.27,20.45,34.88,85.78,121.82,113.93,9,56,15,39,0,3,9,5,0,2,1,0,0,0,0,1,0,0,0,0,0,0,0,0,1017,573,32,17,3.38,3823,2916,13,72,4.58,774,823,1,37,6.38,694,800,0,25,6.92
243,Sir Alastair,England,41,Batsman ,Left Handed Bat ,Right-arm medium,161,92,4,0,291,92,4,0,12472,3204,61,0,26562,4154,54,0,294,137,26,0,45.35,36.41,15.25,0,46.96,77.14,112.97,0,1441,363,10,0,11,10,0,0,9,7,0,0,57,19,0,0,33,5,0,0,5,0,0,0,18,7,0,1,2.33,0,0,0,0,0,0,0,0,0,0,0,0,0,0,0
244,Andrew Puttick,South Africa,45,Batting Allrounder ,Left Handed Bat ,Right-arm medium,0,1,0,0,0,1,0,0,0,0,0,0,0,5,0,0,0,0,0,0,0,0,0,0,0,0.00,0,0,0,0,0,0,0,0,0,0,0,1,0,0,0,0,0,0,0,0,0,0,0,0,0,0,0,0,0,0,0,0,0,0,0,0,0,0,0,0,0,0,0,0,0,0
245,Chamara Kapugedera,Sri Lanka,39,Batsman ,Right Handed Bat ,Right-arm medium,8,102,43,5,15,84,38,3,418,1624,703,16,786,2254,591,23,96,95,50,8,34.83,21.09,22.68,5.33,53.19,72.05,118.96,69.57,48,117,58,0,7,28,25,0,1,7,0,1,4,8,1,0,0,0,0,0,0,0,0,0,12,9,0,0,4.5,264,225,0,2,5.11,0,0,0,0,0,17,49,0,0,17.29
246,Malinga Bandara,Sri Lanka,46,Batsman ,Right Handed Bat ,Right-arm legbreak,8,31,4,0,11,17,3,0,124,160,12,0,240,224,15,0,43,31,7,0,15.5,12.31,6,0,51.67,71.43,80.00,0,14,8,0,0,2,5,0,0,2,3,0,0,0,0,0,0,0,0,0,0,0,0,0,0,1152,633,29,16,3.3,1470,1232,3,36,5.03,84,96,0,4,6.86,0,0,0,0,0
247,Mick Lewis,Australia,51,Bowler ,Right Handed Bat ,Right-arm fast-medium,0,7,2,0,0,1,0,0,0,4,0,0,0,4,0,0,0,4,0,0,0,0,0,0,0,100.00,0,0,0,0,0,0,0,0,0,0,0,0,0,0,0,0,0,0,0,0,0,0,0,0,0,0,0,0,0,0,0,341,391,1,7,6.88,45,49,0,4,6.53,0,0,0,0,0
248,Yasir Arafat,Pakistan,44,Bowler ,Right Handed Bat ,Right-arm medium,3,11,13,0,3,8,11,0,94,74,92,0,201,110,79,0,50,27,17,0,47,14.8,13.14,0,46.77,67.28,116.46,0,9,7,8,0,2,1,2,0,1,0,0,0,1,0,0,0,0,0,0,0,0,0,0,0,627,438,12,9,4.19,414,373,2,4,5.41,236,317,0,16,8.06,0,0,0,0,0
249,Ian Blackwell,England,47,Batting Allrounder ,Left Handed Bat ,Left-arm orthodox,1,34,0,0,1,29,0,0,4,403,0,0,16,465,0,0,4,82,0,0,4,14.93,0,0,25.00,86.67,0,0,0,38,0,0,0,9,0,0,0,6,0,0,0,1,0,0,0,0,0,0,0,0,0,0,114,71,2,0,3.74,1230,877,8,24,4.28,0,0,0,0,0,0,0,0,0,0
250,Mitchell Johnson,Australia,44,Bowler ,Left Handed Bat ,Left-arm fast,73,153,30,54,109,91,17,30,2065,951,109,167,3536,987,95,164,123,73,28,16,22.2,16.12,10.9,12.85,58.40,96.36,114.74,101.83,247,81,8,10,31,23,3,7,19,6,2,2,11,2,0,0,1,0,0,0,0,0,0,0,16001,8891,512,313,3.33,7489,6037,74,239,4.84,656,797,2,38,7.29,1232,1702,2,61,8.29
251,Garnett Kruger,South Africa,49,Bowler ,Right Handed Bat ,Right-arm fast-medium,0,3,1,0,0,2,1,0,0,0,3,0,0,10,5,0,0,0,3,0,0,0,3,0,0,0.00,60.00,0,0,0,0,0,0,0,0,0,0,1,0,0,0,0,0,0,0,0,0,0,0,0,0,0,0,0,0,0,0,138,139,1,2,6.04,24,29,0,0,7.25,0,0,0,0,0
252,Phil Jaques,Australia,47,Batsman ,Left Handed Bat ,Left-arm medium,11,6,0,0,19,6,0,0,902,125,0,0,1663,176,0,0,150,94,0,0,47.47,20.83,0,0,54.24,71.03,0,0,99,16,0,0,3,1,0,0,1,1,0,0,6,1,0,0,3,0,0,0,0,0,0,0,0,0,0,0,0,0,0,0,0,0,0,0,0,0,0,0,0,0,0,0
253,Wasim Jaffer,India,48,Batsman ,Right Handed Bat ,Right-arm offbreak,31,2,0,8,58,2,0,8,1944,10,0,130,4045,23,0,121,212,10,0,50,34.11,5,0,16.25,48.06,43.48,0,107.44,272,2,0,14,3,0,0,3,6,1,0,1,11,0,0,1,5,0,0,0,2,0,0,0,66,18,3,2,1.64,0,0,0,0,0,0,0,0,0,0,0,0,0,0,0
254,Ruchira Perera,Sri Lanka,49,Bowler ,Left Handed Bat ,Left-arm fast-medium,8,19,2,0,9,7,2,0,33,8,0,0,124,18,0,0,11,4,0,0,11,1.6,0,0,26.62,44.45,0,0,4,0,0,0,0,0,0,0,1,4,0,0,0,0,0,0,0,0,0,0,0,0,0,0,1130,661,31,17,3.51,888,820,11,19,5.54,42,77,0,0,11,0,0,0,0,0
255,Jamie How,New Zealand,45,Batsman ,Right Handed Bat ,Right-arm medium,19,41,5,0,35,37,5,0,772,1046,56,0,1530,1572,67,0,92,139,31,0,22.71,29.06,11.2,0,50.46,66.54,83.59,0,104,117,5,0,2,7,1,0,4,3,0,0,4,7,0,0,0,1,0,0,0,0,0,0,12,4,1,0,2,0,0,0,0,0,0,0,0,0,0,0,0,0,0,0
256,Peter Fulton,New Zealand,47,Batsman ,Right Handed Bat,,23,49,12,0,39,46,12,0,967,1334,127,0,2462,1833,140,0,136,112,25,0,25.45,32.54,11.55,0,39.28,72.78,90.72,0,117,111,7,0,18,20,6,0,3,2,2,0,5,8,0,0,2,1,0,0,0,0,0,0,0,0,0,0,0,0,0,0,0,0,0,0,0,0,0,0,0,0,0,0
257,Umar Gul,Pakistan,42,Bowler ,Right Handed Bat ,Right-arm fast-medium,47,130,60,6,67,65,27,4,577,457,165,39,1204,642,156,19,65,39,32,24,9.95,9.72,9.17,13,47.93,71.19,105.77,205.27,63,36,11,1,20,14,10,5,15,10,6,0,1,0,0,0,0,0,0,0,0,0,0,0,9599,5553,255,163,3.47,6064,5255,68,179,5.2,1203,1442,2,85,7.19,135,184,1,12,8.18
258,Brett Dorey,Australia,48,Bowler ,Right Handed Bat ,Right-arm fast-medium,0,4,0,0,0,1,0,0,0,2,0,0,0,8,0,0,0,2,0,0,0,2,0,0,0,25.00,0,0,0,0,0,0,0,0,0,0,0,0,0,0,0,0,0,0,0,0,0,0,0,0,0,0,0,0,0,0,0,162,146,2,2,5.41,0,0,0,0,0,0,0,0,0,0
259,Michael Vandort,Sri Lanka,46,Batting Allrounder ,Left Handed Bat ,Right-arm medium,20,1,0,0,33,1,0,0,1144,48,0,0,2421,117,0,0,140,48,0,0,36.9,48,0,0,47.26,41.03,0,0,132,3,0,0,6,0,0,0,3,0,0,0,4,0,0,0,4,0,0,0,0,0,0,0,0,0,0,0,0,0,0,0,0,0,0,0,0,0,0,0,0,0,0,0
260,Nuwan Kulasekara,Sri Lanka,43,Bowling Allrounder ,Right Handed Bat ,Right-arm fast-medium,21,184,58,6,28,123,30,1,391,1327,215,5,930,1629,184,3,64,73,31,5,14.48,15.43,10.24,0,42.05,81.47,116.85,166.67,47,95,14,1,8,39,7,0,4,13,4,0,1,4,0,0,0,0,0,0,0,0,0,0,3573,1795,120,48,3.01,8263,6751,105,199,4.9,1231,1530,6,66,7.46,102,120,0,5,7.06
261,Dale Steyn,South Africa,42,Bowler ,Right Handed Bat ,Right-arm fast,93,125,47,95,119,51,12,37,1251,365,21,167,2824,562,26,160,76,60,5,19,13.6,9.36,3.5,7.59,44.30,64.95,80.77,104.38,124,35,2,14,36,9,0,3,14,8,2,5,2,1,0,0,0,0,0,0,0,0,0,0,18608,10077,658,439,3.25,6256,5088,72,196,4.88,1015,1175,3,64,6.95,2176,2508,7,97,6.92
262,Johan van,South Africa,48,Batting Allrounder ,Right Handed Bat ,Right-arm fast-medium,0,10,8,3,0,8,4,3,0,89,46,18,0,70,39,16,0,37,21,14,0,14.83,15.33,9,0,127.15,117.95,112.50,0,3,3,1,0,8,1,1,0,3,0,1,0,0,0,0,0,0,0,0,0,0,0,0,0,0,0,0,0,526,551,2,13,6.29,186,231,0,8,7.45,72,129,0,3,10.75
263,Akalanka Ganegama,Sri Lanka,45,Bowler ,Right Handed Bat ,Right-arm fast-medium,0,4,0,0,0,2,0,0,0,7,0,0,0,9,0,0,0,7,0,0,0,3.5,0,0,0,77.78,0,0,0,1,0,0,0,0,0,0,0,1,0,0,0,0,0,0,0,0,0,0,0,0,0,0,0,0,0,0,0,66,88,0,2,8,0,0,0,0,0,0,0,0,0,0
264,Faisal Iqbal,Pakistan,44,Batsman ,Right Handed Bat ,Right-arm medium,26,18,0,0,44,16,0,0,1124,314,0,0,2545,519,0,0,139,100,0,0,26.76,22.43,0,0,44.17,60.51,0,0,136,24,0,0,5,4,0,0,4,3,0,0,8,0,0,0,1,1,0,0,0,0,0,0,6,7,0,0,7,18,33,0,0,11,0,0,0,0,0,0,0,0,0,0
265,Monty Panesar,England,44,Bowler ,Left Handed Bat ,Left-arm orthodox,50,26,1,0,68,8,1,0,220,26,1,0,749,91,2,0,26,13,1,0,4.89,5.2,1,0,29.38,28.58,50.00,0,23,2,0,0,1,0,0,0,20,0,0,0,0,0,0,0,0,0,0,0,0,0,0,0,12475,5797,468,167,2.79,1308,980,10,24,4.5,24,40,0,2,10,0,0,0,0,0
266,Ramesh Powar,India,48,Bowler ,Right Handed Bat ,Right-arm offbreak,2,31,0,27,2,19,0,10,13,163,0,67,18,260,0,64,7,54,0,28,6.5,11.64,0,22.33,72.23,62.70,0,104.69,2,12,0,6,0,2,0,1,0,0,0,1,0,1,0,0,0,0,0,0,0,0,0,0,252,118,8,6,2.81,1536,1191,6,34,4.65,0,0,0,0,0,426,527,0,13,7.42
267,Rawl Lewis,West Indies,51,Batsman ,Right Handed Bat ,Right-arm legbreak,5,28,1,0,10,21,1,0,89,291,0,0,196,367,4,0,40,49,0,0,8.9,18.19,0,0,45.41,79.30,0.00,0,15,14,0,0,0,10,0,0,4,1,1,0,0,0,0,0,0,0,0,0,0,0,0,0,883,456,27,4,3.1,1150,983,2,22,5.13,6,9,0,0,9,0,0,0,0,0
268,Michael Mason,New Zealand,51,Bowler ,Right Handed Bat ,Right-arm fast-medium,1,26,3,0,2,7,1,0,3,24,2,0,33,45,2,0,3,13,2,0,1.5,8,2,0,9.10,53.34,100.00,0,0,3,0,0,0,0,0,0,1,1,0,0,0,0,0,0,0,0,0,0,0,0,0,0,132,105,5,0,4.77,1179,1024,15,31,5.21,54,65,0,2,7.22,0,0,0,0,0
269,Dhammika Prasad,Sri Lanka,42,Bowler ,Right Handed Bat ,Right-arm fast-medium,25,24,1,0,39,12,0,0,476,128,0,0,888,146,0,0,47,31,0,0,12.86,21.33,0,0,53.61,87.68,0,0,54,9,0,0,8,3,0,0,8,1,0,0,0,0,0,0,0,0,0,0,0,0,0,0,4327,2698,97,75,3.74,1015,977,4,32,5.78,18,37,0,0,12.33,0,0,0,0,0
270,Prasanna Jayawardene,Sri Lanka,46,WK-Batsman ,Right Handed Bat,,58,6,0,0,83,5,0,0,2124,27,0,0,4361,44,0,0,154,20,0,0,29.5,5.4,0,0,48.71,61.37,0,0,223,3,0,0,15,0,0,0,9,1,0,0,5,0,0,0,4,0,0,0,0,0,0,0,0,0,0,0,0,0,0,0,0,0,0,0,0,0,0,0,0,0,0,0
271,Hasantha Fernando,Sri Lanka,46,Batting Allrounder ,Right Handed Bat ,Right-arm fast-medium,2,7,0,0,4,5,0,0,38,43,0,0,79,72,0,0,24,23,0,0,9.5,21.5,0,0,48.11,59.73,0,0,8,4,0,0,0,1,0,0,2,0,0,0,0,0,0,0,0,0,0,0,0,0,0,0,234,108,7,4,2.77,234,159,4,6,4.08,0,0,0,0,0,0,0,0,0,0
272,Roger Telemachus,South Africa,53,Bowler ,Right Handed Bat ,Right-arm fast-medium,0,37,3,0,0,15,1,0,0,73,5,0,0,94,3,0,0,29,5,0,0,6.08,0,0,0,77.66,166.67,0,0,4,0,0,0,3,0,0,0,2,0,0,0,0,0,0,0,0,0,0,0,0,0,0,0,0,0,0,0,1918,1565,23,56,4.9,72,90,0,2,7.5,0,0,0,0,0
273,Owais Shah,England,47,Bowling Allrounder ,Right Handed Bat ,Right-arm offbreak,6,71,17,23,10,66,15,22,269,1834,347,506,642,2331,284,389,88,107,55,76,26.9,30.57,24.79,33.73,41.91,78.68,122.19,130.08,35,144,26,34,3,26,13,23,0,6,0,0,2,12,1,4,0,1,0,0,0,0,0,0,30,31,0,0,6.2,193,184,1,7,5.72,0,0,0,0,0,0,0,0,0,0
274,Ross Taylor,Samoa,42,Batsman ,Right Handed Bat ,Right-arm offbreak,112,236,106,55,196,220,97,54,7684,8602,1954,1017,12957,10331,1611,822,290,181,63,81,44.16,47.52,25.05,25.43,59.31,83.27,121.30,123.73,932,712,124,66,55,147,72,46,14,9,6,3,35,51,7,3,19,21,0,0,3,0,0,0,99,48,3,3,2.91,42,35,0,0,5,0,0,0,0,0,12,24,0,0,12
275,Munaf Patel,India,42,Bowler ,Right Handed Bat ,Right-arm fast-medium,13,70,3,63,14,27,1,15,60,74,0,39,142,112,1,41,15,15,0,23,7.5,6.73,0,6.5,42.26,66.08,0.00,95.13,8,7,0,5,1,1,0,0,4,4,1,5,0,0,0,0,0,0,0,0,0,0,0,0,2658,1349,95,35,3.05,3154,2603,38,86,4.95,60,86,0,4,8.6,1355,1698,5,74,7.52
276,Abdur Rehman,Pakistan,46,Bowler ,Left Handed Bat ,Left-arm orthodox,22,31,8,0,31,23,5,0,395,142,22,0,931,263,29,0,60,31,7,0,14.11,8.35,11,0,42.43,54.00,75.87,0,47,11,0,0,9,1,0,0,4,4,0,0,2,0,0,0,0,0,0,0,0,0,0,0,6892,2910,256,99,2.53,1624,1142,12,30,4.22,156,192,0,11,7.38,0,0,0,0,0
277,Sajid Mahmood,England,44,Bowler ,Right Handed Bat ,Right-arm fast-medium,8,26,4,0,11,15,2,0,81,85,1,0,161,101,2,0,34,22,1,0,8.1,7.73,0,0,50.32,84.16,50.00,0,10,8,0,0,0,1,0,0,3,3,0,0,0,0,0,0,0,0,0,0,0,0,0,0,1130,762,25,20,4.05,1197,1169,7,30,5.86,84,155,0,3,11.07,0,0,0,0,0
278,Dan Cullen,Australia,42,Bowler ,Right Handed Bat ,Right-arm offbreak,1,5,0,0,0,1,0,0,0,2,0,0,0,3,0,0,0,2,0,0,0,0,0,0,0,66.67,0,0,0,0,0,0,0,0,0,0,0,0,0,0,0,0,0,0,0,0,0,0,0,0,0,0,84,54,0,1,3.86,213,147,4,2,4.14,0,0,0,0,0,0,0,0,0,0
279,Robin Uthappa,India,40,WK-Batsman ,Right Handed Bat ,Right-arm medium,0,46,13,205,0,42,12,197,0,934,249,4952,0,1031,211,3799,0,86,50,88,0,25.94,24.9,27.51,0,90.60,118.01,130.36,0,107,26,481,0,19,6,182,0,4,1,8,0,6,1,27,0,0,0,0,0,0,0,0,0,0,0,0,0,2,0,0,0,0,0,0,0,0,0,0,0,0,0,0
280,Ryan Higgins,Zimbabwe,38,Batting Allrounder ,Right Handed Bat ,Right-arm legbreak,0,11,0,0,0,8,0,0,0,15,0,0,0,63,0,0,0,7,0,0,0,2.5,0,0,0,23.81,0,0,0,0,0,0,0,0,0,0,0,3,0,0,0,0,0,0,0,0,0,0,0,0,0,0,0,0,0,0,0,544,380,6,13,4.19,0,0,0,0,0,0,0,0,0,0
281,Keegan Meth,Zimbabwe,38,Batting Allrounder ,Right Handed Bat ,Right-arm medium,2,11,2,0,4,8,1,0,72,106,6,0,129,183,6,0,31,53,6,0,24,13.25,0,0,55.82,57.93,100.00,0,7,10,0,0,2,1,0,0,0,2,0,0,0,1,0,0,0,0,0,0,0,0,0,0,324,98,18,4,1.81,406,419,2,6,6.19,42,64,0,0,9.14,0,0,0,0,0
282,Piet Rinke,Zimbabwe,44,Batting Allrounder ,Right Handed Bat ,Right-arm fast-medium,0,18,0,0,0,18,0,0,0,317,0,0,0,378,0,0,0,72,0,0,0,17.61,0,0,0,83.87,0,0,0,41,0,0,0,2,0,0,0,2,0,0,0,3,0,0,0,0,0,0,0,0,0,0,0,0,0,0,0,277,273,2,8,5.91,0,0,0,0,0,0,0,0,0,0
283,Gregory Strydom,Zimbabwe,42,Batting Allrounder ,Right Handed Bat ,Right-arm medium,0,12,5,0,0,10,5,0,0,147,74,0,0,225,75,0,0,58,49,0,0,14.7,14.8,0,0,65.34,98.67,0,0,17,5,0,0,3,3,0,0,2,2,0,0,1,0,0,0,0,0,0,0,0,0,0,0,0,0,0,0,66,61,0,1,5.55,0,0,0,0,0,0,0,0,0,0
284,Mark Cosgrove,Australia,41,Batting Allrounder ,Left Handed Bat ,Right-arm medium,0,3,0,0,0,3,0,0,0,112,0,0,0,116,0,0,0,74,0,0,0,37.33,0,0,0,96.56,0,0,0,12,0,0,0,2,0,0,0,0,0,0,0,1,0,0,0,0,0,0,0,0,0,0,0,0,0,0,0,30,13,0,1,2.6,0,0,0,0,0,0,0,0,0,0
285,Sewnarine Chattergoon,West Indies,45,Batting Allrounder ,Left Handed Bat ,Right-arm legbreak,4,18,0,0,7,17,0,0,127,370,0,0,289,615,0,0,46,54,0,0,18.14,24.67,0,0,43.95,60.17,0,0,16,54,0,0,0,3,0,0,0,2,0,0,0,2,0,0,0,0,0,0,0,0,0,0,0,0,0,0,0,80,48,0,1,3.6,0,0,0,0,0,0,0,0,0,0
286,Dave Mohammed,West Indies,46,Batting Allrounder ,Left Handed Bat ,Left-arm wrist-spin,5,7,0,0,8,1,0,0,225,0,0,0,314,2,0,0,52,0,0,0,32.14,0,0,0,71.66,0.00,0,0,32,0,0,0,6,0,0,0,0,0,0,0,1,0,0,0,0,0,0,0,0,0,0,0,1065,668,20,13,3.76,353,235,5,10,3.99,0,0,0,0,0,0,0,0,0,0
287,Carlton Baugh,West Indies,43,WK-Batsman ,Right Handed Bat ,Right-arm legbreak,21,47,3,0,36,35,3,0,610,482,10,0,1220,719,12,0,68,49,7,0,17.94,20.08,3.33,0,50.00,67.04,83.34,0,71,37,1,0,4,7,0,0,1,2,0,0,3,0,0,0,0,0,0,0,0,0,0,0,0,0,0,0,0,0,0,0,0,0,0,0,0,0,0,0,0,0,0,0
288,Tim Bresnan,England,41,Bowling Allrounder ,Right Handed Bat ,Right-arm fast-medium,23,85,34,0,26,64,22,0,575,871,216,0,1458,965,170,0,91,80,47,0,26.14,19.8,16.62,0,39.44,90.26,127.06,0,67,88,16,0,1,6,6,0,3,6,3,0,3,1,0,0,0,0,0,0,0,0,0,0,4674,2357,186,72,3.03,4221,3813,36,109,5.42,663,887,1,24,8.03,0,0,0,0,0
289,Glen Chapple,England,52,Batting Allrounder ,Right Handed Bat ,Right-arm fast-medium,0,1,0,0,0,1,0,0,0,14,0,0,0,7,0,0,0,14,0,0,0,14,0,0,0,200.00,0,0,0,1,0,0,0,1,0,0,0,0,0,0,0,0,0,0,0,0,0,0,0,0,0,0,0,0,0,0,0,24,14,0,0,3.5,0,0,0,0,0,0,0,0,0,0
290,Jamie Dalrymple,England,45,Batting Allrounder ,Right Handed Bat ,Right-arm offbreak,0,27,3,0,0,26,3,0,0,487,60,0,0,672,57,0,0,67,32,0,0,19.48,20,0,0,72.48,105.27,0,0,32,6,0,0,3,0,0,0,2,0,0,0,2,0,0,0,0,0,0,0,0,0,0,0,0,0,0,0,840,666,2,14,4.76,30,39,0,2,7.8,0,0,0,0,0
291,Ed Joyce,Ireland,47,Batsman ,Left Handed Bat ,Right-arm medium,1,77,18,0,2,77,15,0,47,2622,405,0,102,3630,431,0,43,160,78,0,23.5,38,33.75,0,46.08,72.24,93.97,0,6,255,30,0,0,25,5,0,0,5,0,0,0,15,1,0,0,6,0,0,0,0,0,0,0,0,0,0,0,0,0,0,0,0,0,0,0,0,0,0,0,0,0,0
292,Samiullah Khan,Pakistan,43,Bowler ,Right Handed Bat ,Left-arm fast-medium,0,2,0,0,0,0,0,0,0,0,0,0,0,0,0,0,0,0,0,0,0,0,0,0,0,0,0,0,0,0,0,0,0,0,0,0,0,0,0,0,0,0,0,0,0,0,0,0,0,0,0,0,0,0,0,0,0,120,115,0,0,5.75,0,0,0,0,0,0,0,0,0,0
293,Thandi Tshabalala,South Africa,41,Batting Allrounder ,Right Handed Bat ,Right-arm offbreak,0,4,0,0,0,1,0,0,0,2,0,0,0,3,0,0,0,2,0,0,0,0,0,0,0,66.67,0,0,0,0,0,0,0,0,0,0,0,0,0,0,0,0,0,0,0,0,0,0,0,0,0,0,0,0,0,0,0,150,151,2,3,6.04,0,0,0,0,0,0,0,0,0,0
294,Farhad Reza,Bangladesh,39,Bowling Allrounder ,Right Handed Bat ,Right-arm fast-medium,0,34,13,0,0,31,9,0,0,412,72,0,0,636,88,0,0,50,19,0,0,16.48,8,0,0,64.78,81.82,0,0,39,4,0,0,8,2,0,0,2,1,0,0,1,0,0,0,0,0,0,0,0,0,0,0,0,0,0,0,1139,1017,12,22,5.36,156,261,0,6,10.04,0,0,0,0,0
295,Shakib Al,Bangladesh,39,Batting Allrounder ,Left Handed Bat ,Left-arm orthodox,71,247,129,71,130,234,126,52,4609,7570,2551,793,7473,9138,2104,637,217,134,84,66,37.78,37.11,23.19,19.83,61.68,82.85,121.25,124.49,556,699,258,73,28,54,53,21,6,12,9,4,31,56,13,2,5,9,0,0,1,0,0,0,15675,7803,487,246,2.99,12575,9360,102,317,4.47,2745,3116,3,149,6.81,1484,1839,1,63,7.44
296,Friday Kasteni,Zimbabwe,38,Batsman ,Left Handed Bat,,0,3,0,0,0,3,0,0,0,18,0,0,0,42,0,0,0,9,0,0,0,6,0,0,0,42.86,0,0,0,1,0,0,0,0,0,0,0,1,0,0,0,0,0,0,0,0,0,0,0,0,0,0,0,0,0,0,0,0,0,0,0,0,0,0,0,0,0,0,0,0,0,0
297,Tafadzwa Mufambisi,Zimbabwe,39,WK-Batsman ,Right Handed Bat ,Right-arm offbreak,0,6,0,0,0,6,0,0,0,55,0,0,0,90,0,0,0,21,0,0,0,9.17,0,0,0,61.12,0,0,0,6,0,0,0,0,0,0,0,0,0,0,0,0,0,0,0,0,0,0,0,0,0,0,0,0,0,0,0,0,0,0,0,0,0,0,0,0,0,0,0,0,0,0
298,Loots Bosman,South Africa,49,Batsman ,Right Handed Bat ,Right-arm medium,0,14,14,0,0,12,14,0,0,301,323,0,0,305,219,0,0,88,94,0,0,25.08,24.85,0,0,98.69,147.49,0,0,37,27,0,0,9,20,0,0,2,2,0,0,2,3,0,0,0,0,0,0,0,0,0,0,0,0,0,0,0,0,0,0,0,0,0,0,0,0,0,0,0,0,0
299,Chris Read,England,47,WK-Batsman ,Right Handed Bat,,15,36,1,0,23,24,1,0,360,300,13,0,912,410,11,0,55,30,13,0,18.95,17.65,13,0,39.48,73.18,118.19,0,36,21,2,0,4,6,0,0,5,4,0,0,1,0,0,0,0,0,0,0,0,0,0,0,0,0,0,0,0,0,0,0,0,0,0,0,0,0,0,0,0,0,0,0
300,Jimmy Kamande,Kenya,47,Batting Allrounder ,Right Handed Bat ,Right-arm offbreak,0,86,12,0,0,72,9,0,0,1055,83,0,0,1685,92,0,0,74,42,0,0,17.3,9.22,0,0,62.62,90.22,0,0,92,5,0,0,15,3,0,0,8,2,0,0,3,0,0,0,0,0,0,0,0,0,0,0,0,0,0,0,2619,2169,19,48,4.97,206,212,1,13,6.17,0,0,0,0,0
301,Collins Obuya,Kenya,44,Batting Allrounder ,Right Handed Bat ,Right-arm legbreak,0,104,76,0,0,89,71,0,0,2044,1793,0,0,2981,1489,0,0,98,96,0,0,25.55,30.39,0,0,68.57,120.42,0,0,160,132,0,0,30,87,0,0,6,6,0,0,11,10,0,0,0,0,0,0,0,0,0,0,0,0,0,0,1818,1637,8,35,5.4,422,487,1,25,6.92,0,0,0,0,0
302,Tanmay Mishra,India,39,Batsman ,Right Handed Bat ,Right-arm fast-medium,0,42,15,1,0,40,15,0,0,1128,227,0,0,1534,263,0,0,72,38,0,0,34.18,15.13,0,0,73.54,86.32,0,0,84,15,0,0,7,4,0,0,4,2,0,0,8,0,0,0,0,0,0,0,0,0,0,0,0,0,0,0,9,12,0,1,8,30,34,0,3,6.8,0,0,0,0,0
303,Nehemiah Odhiambo,Kenya,42,Bowling Allrounder ,Right Handed Bat ,Right-arm fast-medium,0,67,43,0,0,53,31,0,0,528,284,0,0,736,272,0,0,66,41,0,0,12,10.92,0,0,71.74,104.42,0,0,47,31,0,0,12,6,0,0,9,6,0,0,1,0,0,0,0,0,0,0,0,0,0,0,0,0,0,0,2688,2483,25,66,5.54,631,855,1,31,8.13,0,0,0,0,0
304,Hiren Varaiya,Kenya,42,Bowler ,Right Handed Bat ,Left-arm orthodox,0,63,25,0,0,38,12,0,0,252,55,0,0,489,85,0,0,34,18,0,0,12,55,0,0,51.54,64.71,0,0,11,1,0,0,1,0,0,0,3,0,0,0,0,0,0,0,0,0,0,0,0,0,0,0,0,0,0,0,2951,2047,40,68,4.16,464,460,2,18,5.95,0,0,0,0,0
305,Stuart Broad,England,39,Bowler ,Left Handed Bat ,Right-arm fast-medium,167,121,56,0,244,68,26,0,3662,529,118,0,5607,709,118,0,169,45,18,0,17.95,12.3,7.38,0,65.32,74.62,100.00,0,438,35,7,0,55,10,3,0,39,8,2,0,13,0,0,0,1,0,0,0,0,0,0,0,33698,16719,1302,604,2.98,6109,5364,57,178,5.27,1173,1491,2,65,7.63,0,0,0,0,0
306,Rikki Clarke,England,44,Batting Allrounder ,Right Handed Bat ,Right-arm fast-medium,2,20,0,0,3,13,0,0,96,144,0,0,253,232,0,0,55,39,0,0,32,11.08,0,0,37.95,62.07,0,0,8,12,0,0,1,1,0,0,0,2,0,0,1,0,0,0,0,0,0,0,0,0,0,0,174,60,11,4,2.07,469,415,3,11,5.31,0,0,0,0,0,0,0,0,0,0
307,Michael Yardy,England,45,Bowler ,Left Handed Bat ,Left-arm orthodox,0,28,14,0,0,24,8,0,0,326,96,0,0,472,72,0,0,60,35,0,0,20.38,32,0,0,69.07,133.34,0,0,20,10,0,0,1,1,0,0,1,3,0,0,2,0,0,0,0,0,0,0,0,0,0,0,0,0,0,0,1332,1075,8,21,4.84,276,299,0,11,6.5,0,0,0,0,0
308,Doug Bollinger,Australia,44,Bowler ,Left Handed Bat ,Left-arm fast-medium,12,39,9,27,14,8,2,4,54,50,1,21,159,54,1,23,21,30,1,16,7.71,8.33,0,21,33.97,92.60,100.00,91.31,7,5,0,1,0,0,0,1,3,1,0,0,0,0,0,0,0,0,0,0,0,0,0,0,2401,1296,78,50,3.24,1942,1482,28,62,4.58,210,249,0,9,7.11,576,693,3,37,7.22
309,Ben Hilfenhaus,Australia,43,Bowler ,Right Handed Bat ,Right-arm fast-medium,27,25,7,17,38,11,3,1,355,29,2,0,655,69,10,0,56,16,2,0,13.65,9.67,1,0,54.20,42.03,20.00,0,48,2,0,0,5,0,0,0,8,0,1,0,1,0,0,0,0,0,0,0,0,0,0,0,6078,2822,260,99,2.79,1216,1075,16,29,5.3,156,161,0,9,6.19,372,479,2,22,7.73
310,David Hussey,Australia,48,Batting Allrounder ,Right Handed Bat ,Right-arm offbreak,0,69,39,64,0,61,36,59,0,1796,756,1291,0,1980,623,1056,0,111,88,71,0,32.65,22.91,26.35,0,90.71,121.35,122.26,0,130,41,88,0,30,34,58,0,4,4,4,0,14,3,5,0,1,0,0,0,0,0,0,0,0,0,0,0,802,698,1,18,5.22,361,392,1,19,6.52,317,474,0,8,8.97
311,Shaun Marsh,Australia,42,Batsman ,Left Handed Bat ,Left-arm orthodox,38,73,15,71,68,72,15,69,2265,2773,255,2477,5165,3405,248,1866,182,151,47,115,34.32,40.78,18.21,39.95,43.86,81.44,102.83,132.75,264,247,15,266,8,36,10,78,10,3,2,1,10,15,0,20,6,7,0,1,0,0,0,0,0,0,0,0,0,0,0,0,0,0,0,0,0,0,0,0,0,0,0,0
312,Mehrab Hossain,Bangladesh,38,Batsman ,Left Handed Bat ,Left-arm orthodox,7,18,2,0,13,16,2,0,243,276,16,0,476,642,25,0,83,54,10,0,20.25,17.25,16,0,51.06,43.00,64.00,0,32,24,1,0,1,0,0,0,1,1,0,0,1,1,0,0,0,0,0,0,0,0,0,0,407,281,3,4,4.14,253,214,0,4,5.08,17,20,0,0,7.06,0,0,0,0,0
313,Nadif Chowdhury,Bangladesh,39,Batsman ,Right Handed Bat ,Left-arm orthodox,0,0,3,0,0,0,3,0,0,0,27,0,0,0,23,0,0,0,12,0,0,0,9,0,0,0,117.40,0,0,0,2,0,0,0,0,0,0,0,0,0,0,0,0,0,0,0,0,0,0,0,0,0,0,0,0,0,0,0,0,0,0,0,0,0,0,0,0,0,0,0,0,0
314,Nazmus Sadat,Bangladesh,39,Batting Allrounder ,Left Handed Bat ,Left-arm orthodox,0,0,1,0,0,0,1,0,0,0,4,0,0,0,3,0,0,0,4,0,0,0,4,0,0,0,133.34,0,0,0,0,0,0,0,0,0,0,0,0,0,0,0,0,0,0,0,0,0,0,0,0,0,0,0,0,0,0,0,0,0,0,0,0,0,0,0,0,0,0,0,0,0
315,Ravi Bopara,England,41,Batting Allrounder ,Right Handed Bat ,Right-arm medium,13,120,38,24,19,109,35,22,575,2695,711,531,1087,3462,599,453,143,101,65,84,31.94,30.63,28.44,29.5,52.90,77.85,118.70,117.22,71,204,54,39,2,34,17,16,5,4,0,2,0,14,3,3,3,1,0,0,0,0,0,0,434,290,10,1,4.01,1860,1523,11,40,4.91,322,387,1,16,7.21,206,292,0,11,8.5
316,Mal Loye,England,53,Batsman ,Right Handed Bat ,Right-arm offbreak,0,7,0,0,0,7,0,0,0,142,0,0,0,184,0,0,0,45,0,0,0,20.29,0,0,0,77.18,0,0,0,19,0,0,0,5,0,0,0,1,0,0,0,0,0,0,0,0,0,0,0,0,0,0,0,0,0,0,0,0,0,0,0,0,0,0,0,0,0,0,0,0,0,0
317,Graham Onions,England,43,Bowler ,Right Handed Bat ,Right-arm fast-medium,9,4,0,0,10,1,0,0,30,1,0,0,97,2,0,0,17,1,0,0,10,1,0,0,30.93,50.00,0,0,4,0,0,0,0,0,0,0,3,0,0,0,0,0,0,0,0,0,0,0,0,0,0,0,1606,957,50,32,3.58,204,185,1,4,5.44,0,0,0,0,0,0,0,0,0,0
318,S Badrinath,India,45,Batsman ,Right Handed Bat ,Right-arm offbreak,2,7,1,95,3,6,1,67,63,79,43,1441,178,172,37,1212,56,27,43,71,21,15.8,43,30.66,35.40,45.94,116.22,118.90,8,4,5,154,0,0,0,28,0,0,0,6,1,0,0,11,0,0,0,0,0,0,0,0,0,0,0,0,0,0,0,0,0,0,0,0,0,0,0,0,0,0,0,0
319,Rohit Sharma,India,39,Batsman ,Right Handed Bat ,Right-arm offbreak,67,282,159,280,116,274,151,275,4301,11577,4231,7329,7538,12482,3003,5510,212,264,121,109,40.58,48.85,31.34,29.91,57.06,92.75,140.90,133.02,473,1089,383,661,88,357,205,323,6,16,12,18,18,61,32,49,12,33,5,2,1,3,0,0,383,224,5,2,3.51,610,533,2,9,5.24,68,113,0,1,9.97,339,453,0,15,8.02
320,Mark Gillespie,New Zealand,46,Bowler ,Right Handed Bat ,Right-arm fast-medium,5,32,11,0,8,14,6,0,76,93,21,0,134,118,29,0,27,28,7,0,10.86,15.5,10.5,0,56.72,78.82,72.42,0,10,8,0,0,3,1,0,0,3,1,0,0,0,0,0,0,0,0,0,0,0,0,0,0,868,631,24,22,4.36,1521,1369,30,37,5.4,210,255,3,10,7.29,0,0,0,0,0
321,Gareth Hopkins,New Zealand,49,WK-Batsman ,Right Handed Bat,,4,25,10,0,7,17,8,0,71,236,86,0,277,311,71,0,15,45,36,0,11.83,14.75,10.75,0,25.64,75.89,121.13,0,8,19,5,0,0,2,5,0,0,3,0,0,0,0,0,0,0,0,0,0,0,0,0,0,0,0,0,0,0,0,0,0,0,0,0,0,0,0,0,0,0,0,0,0
322,Nathan McCullum,New Zealand,45,Bowling Allrounder ,Right Handed Bat ,Right-arm offbreak,0,84,63,2,0,62,41,2,0,1076,299,26,0,1220,297,22,0,65,36,15,0,21.1,11.5,26,0,88.20,100.68,118.19,0,70,19,0,0,33,8,1,0,3,4,0,0,4,0,0,0,0,0,0,0,0,0,0,0,0,0,0,0,3536,2956,7,63,5.02,1123,1278,0,58,6.83,30,34,0,0,6.8
323,Peter McGlashan,New Zealand,46,WK-Batsman ,Right Handed Bat,,0,4,11,0,0,2,9,0,0,63,61,0,0,51,64,0,0,56,26,0,0,63,7.63,0,0,123.53,95.32,0,0,6,6,0,0,1,2,0,0,0,0,0,0,1,0,0,0,0,0,0,0,0,0,0,0,0,0,0,0,0,0,0,0,0,0,0,0,0,0,0,0,0,0,0
324,Warren McSkimming,New Zealand,46,Batsman ,Right Handed Bat ,Right-arm medium,,,,,,,,,,,,,,,,,,,,,,,,,,,,,,,,,,,,,,,,,,,,,,,,,,,,,,,,,,,,,,,,,,,,,,,,
325,Jesse Ryder,New Zealand,41,Batting Allrounder ,Left Handed Bat ,Right-arm medium,18,48,22,29,33,42,21,29,1269,1362,457,604,2299,1429,358,458,201,107,62,86,40.94,33.22,22.85,21.57,55.20,95.32,127.66,131.88,146,152,47,69,6,38,18,19,4,5,2,4,6,6,3,4,3,3,0,0,1,0,0,0,492,280,23,5,3.41,407,412,0,12,6.07,60,68,0,2,6.8,236,303,1,8,7.7
326,Alviro Petersen,South Africa,45,Batsman ,Right Handed Bat ,Right-arm offbreak,36,21,2,0,64,19,2,0,2093,504,14,0,4044,610,19,0,182,80,8,0,34.88,28,7,0,51.76,82.63,73.69,0,256,54,1,0,12,3,0,0,3,0,0,0,8,4,0,0,5,0,0,0,0,0,0,0,114,62,1,1,3.26,6,7,0,0,7,0,0,0,0,0,0,0,0,0,0
327,Tafadzwa Kamungozi,Zimbabwe,38,Bowler ,Right Handed Bat ,Right-arm legbreak,1,14,1,0,2,11,0,0,5,27,0,0,10,55,0,0,5,12,0,0,2.5,5.4,0,0,50.00,49.10,0,0,0,5,0,0,0,0,0,0,1,2,0,0,0,0,0,0,0,0,0,0,0,0,0,0,156,58,6,1,2.23,636,548,1,12,5.17,12,17,0,0,8.5,0,0,0,0,0
328,Ravindra Jadeja,India,37,Bowling Allrounder ,Left Handed Bat ,Left-arm orthodox,89,210,74,265,133,142,41,206,4095,2905,515,3450,7389,3396,405,2645,175,87,46,77,38.27,32.28,21.46,28.51,55.43,85.55,127.17,130.44,398,210,39,255,82,55,14,121,8,6,3,9,28,13,0,5,6,0,0,0,0,0,0,0,20241,8741,770,348,2.59,10404,8478,59,232,4.89,1356,1612,4,54,7.13,4212,5392,2,178,7.68
329,Tanmay Srivastava,India,36,Batsman ,Left Handed Bat,,0,0,0,7,0,0,0,3,0,0,0,8,0,0,0,11,0,0,0,7,0,0,0,8,0,0,0,72.73,0,0,0,0,0,0,0,0,0,0,0,0,0,0,0,0,0,0,0,0,0,0,0,0,0,0,0,0,0,0,0,0,0,0,0,0,0,0,0,0,0,0,0,0
330,Praveen Kumar,India,39,Bowler ,Right Handed Bat ,Right-arm fast-medium,6,68,10,119,10,33,3,59,149,292,7,340,159,331,16,314,40,54,6,34,14.9,13.9,2.33,8.95,93.72,88.22,43.75,108.29,21,25,0,22,5,7,0,17,2,2,1,9,0,1,0,0,0,0,0,0,0,0,0,0,1611,697,62,27,2.6,3242,2774,45,77,5.13,156,193,1,8,7.42,2524,3251,14,90,7.73
331,Mithun Manhas,India,46,Batting Allrounder ,Right Handed Bat ,Right-arm offbreak,0,0,0,55,0,0,0,38,0,0,0,514,0,0,0,470,0,0,0,42,0,0,0,22.35,0,0,0,109.37,0,0,0,43,0,0,0,10,0,0,0,6,0,0,0,0,0,0,0,0,0,0,0,0,0,0,0,0,0,0,0,0,0,0,0,0,0,0,0,42,42,0,0,6
332,Gary Brent,Zimbabwe,50,Batsman ,Right Handed Bat ,Right-arm fast-medium,4,70,3,0,6,54,1,0,35,408,2,0,151,698,5,0,25,59,2,0,5.83,12,2,0,23.18,58.46,40.00,0,2,25,0,0,0,5,0,0,3,3,0,0,0,1,0,0,0,0,0,0,0,0,0,0,818,314,39,7,2.3,3390,2776,40,75,4.91,66,93,0,4,8.45,0,0,0,0,0
333,Lendl Simmons,West Indies,41,Batsman ,Right Handed Bat ,Right-arm medium,8,68,68,29,16,65,67,29,278,1958,1527,1079,593,2680,1265,852,49,122,91,100,17.38,31.58,26.33,39.96,46.89,73.06,120.72,126.65,28,162,140,109,4,50,68,44,1,9,6,2,0,16,9,11,0,2,0,1,0,0,0,0,192,147,1,1,4.59,156,172,0,1,6.62,43,72,0,6,10.05,18,34,0,1,11.33
334,Tino Mawoyo,Zimbabwe,40,Batsman ,Right Handed Bat ,Right-arm fast-medium,11,7,0,0,22,7,0,0,616,58,0,0,1661,160,0,0,163,15,0,0,29.33,8.29,0,0,37.09,36.25,0,0,77,4,0,0,0,0,0,0,2,1,0,0,3,0,0,0,1,0,0,0,0,0,0,0,0,0,0,0,0,0,0,0,0,0,0,0,0,0,0,0,0,0,0,0
335,Tyron Henderson,South Africa,51,Batting Allrounder ,Right Handed Bat ,Right-arm fast-medium,0,0,1,2,0,0,1,2,0,0,0,11,0,0,2,16,0,0,0,11,0,0,0,5.5,0,0,0.00,68.75,0,0,0,0,0,0,0,1,0,0,1,1,0,0,0,0,0,0,0,0,0,0,0,0,0,0,0,0,0,0,0,0,0,0,24,31,0,0,7.75,36,40,0,1,6.67
336,Chamara Silva,Sri Lanka,46,Batsman ,Right Handed Bat ,Right-arm legbreak,11,75,16,3,17,62,15,3,537,1587,175,40,854,2254,177,26,152,107,38,23,33.56,28.85,13.46,20,62.89,70.41,98.88,153.85,68,139,19,5,1,10,3,1,3,6,0,1,2,13,0,0,1,1,0,0,0,0,0,0,102,65,2,1,3.82,42,33,1,1,4.71,18,15,0,1,5,6,21,0,0,21
337,Iain O,New Zealand,49,Batsman ,Right Handed Bat ,Right-arm fast-medium,22,10,4,0,34,2,0,0,219,3,0,0,569,11,0,0,31,3,0,0,7.55,0,0,0,38.49,27.28,0,0,29,0,0,0,1,0,0,0,8,0,0,0,0,0,0,0,0,0,0,0,0,0,0,0,4394,2429,158,73,3.32,453,488,3,14,6.46,78,116,0,6,8.92,0,0,0,0,0
338,Adam Voges,Australia,46,Batsman ,Right Handed Bat ,Left-arm orthodox,20,31,7,9,31,28,5,7,1485,870,139,181,2667,997,114,143,269,112,51,45,61.88,45.79,46.33,45.25,55.69,87.27,121.93,126.58,186,61,8,15,5,10,2,3,2,0,0,0,4,4,1,0,5,1,0,0,2,0,0,0,76,44,1,0,3.47,301,276,1,6,5.5,12,5,0,2,2.5,54,76,0,0,8.44
339,Paul Harris,South Africa,47,Bowler ,Right Handed Bat ,Left-arm orthodox,37,3,0,0,48,0,0,0,460,0,0,0,1357,0,0,0,46,0,0,0,10.7,0,0,0,33.90,0,0,0,47,0,0,0,3,0,0,0,9,0,0,0,0,0,0,0,0,0,0,0,0,0,0,0,8809,3901,337,103,2.66,180,83,4,3,2.77,0,0,0,0,0,0,0,0,0,0
340,Paul Nixon,England,55,WK-Batsman ,Left Handed Bat,,0,19,1,0,0,18,1,0,0,297,31,0,0,347,22,0,0,49,31,0,0,21.21,0,0,0,85.60,140.91,0,0,21,2,0,0,7,1,0,0,2,0,0,0,0,0,0,0,0,0,0,0,0,0,0,0,0,0,0,0,0,0,0,0,0,0,0,0,0,0,0,0,0,0,0
341,Morne Morkel,South Africa,41,Bowler ,Left Handed Bat ,Right-arm fast,86,117,44,70,104,47,8,23,944,268,22,126,1858,354,18,90,40,32,8,23,11.65,9.24,7.33,11.45,50.81,75.71,122.23,140.00,143,24,3,11,5,7,1,5,22,9,0,5,0,0,0,0,0,0,0,0,0,0,0,0,16498,8550,606,309,3.11,5760,4761,47,188,4.96,952,1191,3,47,7.51,1629,2089,3,77,7.69
342,Shane Harwood,Australia,52,Batting Allrounder ,Right Handed Bat ,Right-arm fast-medium,0,1,3,3,0,1,1,2,0,0,0,9,0,4,0,14,0,0,0,6,0,0,0,0,0,0.00,0,64.29,0,0,0,0,0,0,0,0,0,1,0,0,0,0,0,0,0,0,0,0,0,0,0,0,0,0,0,0,0,60,57,0,2,5.7,72,113,0,3,9.42,60,73,0,3,7.3
343,Rayad Emrit,West Indies,45,Bowling Allrounder ,Right Handed Bat ,Right-arm fast-medium,0,2,4,0,0,2,3,0,0,13,17,0,0,35,27,0,0,13,11,0,0,13,5.67,0,0,37.15,62.97,0,0,1,0,0,0,0,1,0,0,0,0,0,0,0,0,0,0,0,0,0,0,0,0,0,0,0,0,0,0,84,99,0,0,7.07,96,156,0,4,9.75,0,0,0,0,0
344,Mohammad Sharif,Bangladesh,40,Batsman ,Right Handed Bat ,Right-arm fast-medium,10,9,0,0,20,9,0,0,122,53,0,0,282,102,0,0,24,13,0,0,7.18,13.25,0,0,43.27,51.97,0,0,10,1,0,0,4,0,0,0,7,1,0,0,0,0,0,0,0,0,0,0,0,0,0,0,1651,1106,47,14,4.02,499,424,5,10,5.1,0,0,0,0,0,0,0,0,0,0
345,Tamim Iqbal,Bangladesh,37,Batsman ,Left Handed Bat,,70,243,78,0,134,240,78,0,5134,8357,1758,0,8852,10642,1500,0,206,158,103,0,38.89,36.65,24.08,0,58.00,78.53,117.20,0,656,925,189,0,41,103,45,0,11,19,6,0,31,56,7,0,10,14,1,0,1,0,0,0,30,20,0,0,4,6,13,0,0,13,0,0,0,0,0,0,0,0,0,0
346,Gulam Bodi,South Africa,47,Batsman ,Left Handed Bat ,Left-arm wrist-spin,0,2,1,0,0,2,1,0,0,83,8,0,0,132,25,0,0,51,8,0,0,41.5,8,0,0,62.88,32.00,0,0,9,0,0,0,1,0,0,0,0,0,0,0,1,0,0,0,0,0,0,0,0,0,0,0,0,0,0,0,6,8,0,0,8,0,0,0,0,0,0,0,0,0,0
347,Morne van,South Africa,47,WK-Batsman ,Right Handed Bat ,Left-arm orthodox,0,17,8,5,0,17,7,5,0,425,225,167,0,617,157,132,0,82,114,74,0,26.56,37.5,55.67,0,68.89,143.32,126.52,0,48,19,19,0,4,14,1,0,2,0,1,0,4,1,1,0,0,1,0,0,0,0,0,0,0,0,0,0,0,0,0,0,0,0,0,0,0,0,0,0,0,0,0
348,Trent Johnston,Ireland,52,Bowler ,Right Handed Bat ,Right-arm fast-medium,0,67,30,0,0,53,19,0,0,743,249,0,0,785,184,0,0,45,62,0,0,19.55,20.75,0,0,94.65,135.33,0,0,48,13,0,0,23,11,0,0,3,1,0,0,0,1,0,0,0,0,0,0,0,0,0,0,0,0,0,0,2930,2115,46,66,4.33,594,636,5,32,6.42,0,0,0,0,0
349,Kyle McCallan,Ireland,50,Batsman ,Right Handed Bat ,Right-arm offbreak,0,39,9,0,0,28,3,0,0,361,11,0,0,419,15,0,0,50,9,0,0,20.06,11,0,0,86.16,73.34,0,0,36,1,0,0,2,0,0,0,5,1,0,0,1,0,0,0,0,0,0,0,0,0,0,0,0,0,0,0,1804,1208,12,39,4.02,131,152,0,8,6.96,0,0,0,0,0
350,Andre Botha,Ireland,50,Bowling Allrounder ,Left Handed Bat ,Right-arm medium,0,42,14,0,0,38,11,0,0,666,130,0,0,970,141,0,0,56,38,0,0,19.59,13,0,0,68.66,92.20,0,0,69,12,0,0,5,1,0,0,5,2,0,0,2,0,0,0,0,0,0,0,0,0,0,0,0,0,0,0,1560,1134,22,42,4.36,204,184,0,21,5.41,0,0,0,0,0
351,Jeremy Bray,Ireland,52,WK-Batsman ,Left Handed Bat,,0,15,2,0,0,15,2,0,0,401,2,0,0,594,17,0,0,116,2,0,0,28.64,1,0,0,67.51,11.77,0,0,44,0,0,0,6,0,0,0,2,1,0,0,0,0,0,0,2,0,0,0,0,0,0,0,0,0,0,0,0,0,0,0,0,0,0,0,0,0,0,0,0,0,0
352,Peter Gillespie,Ireland,52,Bowling Allrounder ,Right Handed Bat ,Right-arm medium,0,5,0,0,0,4,0,0,0,2,0,0,0,14,0,0,0,2,0,0,0,0.5,0,0,0,14.29,0,0,0,0,0,0,0,0,0,0,0,3,0,0,0,0,0,0,0,0,0,0,0,0,0,0,0,0,0,0,0,0,0,0,0,0,0,0,0,0,0,0,0,0,0,0
353,Dave Langford,Ireland,49,Bowler ,Right Handed Bat ,Right-arm fast-medium,0,22,0,0,0,17,0,0,0,142,0,0,0,133,0,0,0,31,0,0,0,15.78,0,0,0,106.77,0,0,0,8,0,0,0,6,0,0,0,2,0,0,0,0,0,0,0,0,0,0,0,0,0,0,0,0,0,0,0,942,797,12,25,5.08,0,0,0,0,0,0,0,0,0,0
354,John Mooney,Ireland,44,Bowling Allrounder ,Left Handed Bat ,Right-arm medium,0,64,27,0,0,55,23,0,0,963,231,0,0,1215,214,0,0,96,31,0,0,23.49,16.5,0,0,79.26,107.95,0,0,92,25,0,0,14,1,0,0,6,0,0,0,3,0,0,0,0,0,0,0,0,0,0,0,0,0,0,0,1791,1634,19,47,5.47,156,176,1,10,6.77,0,0,0,0,0
355,Paul Mooney,Ireland,49,Bowler ,Right Handed Bat ,Right-arm medium,0,4,0,0,0,3,0,0,0,12,0,0,0,9,0,0,0,11,0,0,0,12,0,0,0,133.34,0,0,0,1,0,0,0,0,0,0,0,1,0,0,0,0,0,0,0,0,0,0,0,0,0,0,0,0,0,0,0,87,100,0,0,6.9,0,0,0,0,0,0,0,0,0,0
356,Eoin Morgan,England,39,Batsman ,Left Handed Bat ,Right-arm medium,16,248,115,83,24,230,106,75,700,7701,2458,1405,1278,8447,1805,1146,130,148,91,68,30.43,39.09,28.58,22.66,54.78,91.17,136.18,122.61,77,654,186,112,6,220,120,64,4,18,3,6,3,47,14,5,2,14,0,0,0,0,0,0,0,0,0,0,0,0,0,0,0,0,0,0,0,0,0,0,0,0,0,0
357,William Porterfield,Ireland,41,Batsman ,Left Handed Bat ,Right-arm offbreak,3,147,61,0,6,145,59,0,58,4343,1079,0,227,6297,971,0,32,139,72,0,9.67,30.58,20.36,0,25.56,68.97,111.13,0,7,455,120,0,0,32,23,0,1,12,5,0,0,20,3,0,0,11,0,0,0,0,0,0,0,0,0,0,0,0,0,0,0,0,0,0,0,0,0,0,0,0,0,0
358,Boyd Rankin,Ireland,41,Bowler ,Left Handed Bat ,Right-arm fast-medium,3,75,50,0,6,34,15,0,43,101,64,0,99,239,74,0,17,18,16,0,8.6,7.77,9.14,0,43.44,42.26,86.49,0,6,4,3,0,0,1,3,0,1,4,2,0,0,0,0,0,0,0,0,0,0,0,0,0,443,304,6,8,4.12,3708,2958,42,107,4.79,1068,1219,2,55,6.85,0,0,0,0,0
359,Andrew White,Ireland,45,Batting Allrounder ,Right Handed Bat ,Right-arm offbreak,0,61,18,0,0,46,12,0,0,776,137,0,0,1235,128,0,0,79,29,0,0,18.05,19.57,0,0,62.84,107.04,0,0,60,12,0,0,1,2,0,0,4,0,0,0,1,0,0,0,0,0,0,0,0,0,0,0,0,0,0,0,869,688,4,25,4.75,24,18,0,2,4.5,0,0,0,0,0
360,Luuk van,Netherlands,56,Batsman ,Left Handed Bat ,Left-arm medium,0,23,0,0,0,20,0,0,0,284,0,0,0,456,0,0,0,40,0,0,0,14.95,0,0,0,62.29,0,0,0,27,0,0,0,6,0,0,0,3,0,0,0,0,0,0,0,0,0,0,0,0,0,0,0,0,0,0,0,246,280,0,4,6.83,0,0,0,0,0,0,0,0,0,0
361,Bas Zuiderent,Netherlands,49,Batsman ,Right Handed Bat ,Right-arm medium,0,57,6,0,0,56,6,0,0,1097,108,0,0,1873,124,0,0,77,43,0,0,23.85,21.6,0,0,58.57,87.10,0,0,92,8,0,0,9,1,0,0,7,0,0,0,8,0,0,0,0,0,0,0,0,0,0,0,0,0,0,0,0,0,0,0,0,0,0,0,0,0,0,0,0,0,0
362,Adeel Raja,Netherlands,45,Bowler ,Right Handed Bat ,Right-arm offbreak,0,21,0,0,0,12,0,0,0,28,0,0,0,139,0,0,0,8,0,0,0,2.8,0,0,0,20.15,0,0,0,2,0,0,0,0,0,0,0,4,0,0,0,0,0,0,0,0,0,0,0,0,0,0,0,0,0,0,0,846,690,6,17,4.89,0,0,0,0,0,0,0,0,0,0
363,Peter Borren,Netherlands,42,Batting Allrounder ,Right Handed Bat ,Right-arm medium,0,58,41,0,0,50,38,0,0,1004,637,0,0,1175,524,0,0,96,57,0,0,22.31,19.3,0,0,85.45,121.57,0,0,84,60,0,0,19,18,0,0,5,2,0,0,5,1,0,0,0,0,0,0,0,0,0,0,0,0,0,0,1979,1619,11,46,4.91,526,603,0,18,6.88,0,0,0,0,0
364,Tim de,Netherlands,58,Batting Allrounder ,Right Handed Bat ,Right-arm medium,0,29,0,0,0,25,0,0,0,400,0,0,0,628,0,0,0,58,0,0,0,16.67,0,0,0,63.70,0,0,0,39,0,0,0,5,0,0,0,4,0,0,0,2,0,0,0,0,0,0,0,0,0,0,0,0,0,0,0,1139,999,6,29,5.26,0,0,0,0,0,0,0,0,0,0
365,Mark Jonkman,Netherlands,40,Bowler ,Right Handed Bat ,Right-arm fast,0,16,3,0,0,9,1,0,0,59,1,0,0,79,8,0,0,16,1,0,0,11.8,1,0,0,74.69,12.50,0,0,6,0,0,0,0,0,0,0,1,0,0,0,0,0,0,0,0,0,0,0,0,0,0,0,0,0,0,0,719,565,12,24,4.71,48,47,0,4,5.88,0,0,0,0,0
366,Alexei Kervezee,Netherlands,36,Batsman ,Right Handed Bat ,Right-arm medium,0,39,9,0,0,36,10,0,0,924,289,0,0,1263,262,0,0,92,58,0,0,28,32.11,0,0,73.16,110.31,0,0,95,19,0,0,10,6,0,0,2,0,0,0,4,2,0,0,0,0,0,0,0,0,0,0,0,0,0,0,24,34,0,0,8.5,0,0,0,0,0,0,0,0,0,0
367,Mohammad Kashif,Netherlands,41,Bowler ,Right Handed Bat ,Right-arm offbreak,0,11,3,0,0,3,1,0,0,1,0,0,0,17,0,0,0,1,0,0,0,0.33,0,0,0,5.89,0,0,0,0,0,0,0,0,0,0,0,2,0,0,0,0,0,0,0,0,0,0,0,0,0,0,0,0,0,0,0,450,410,4,9,5.47,42,55,0,4,7.86,0,0,0,0,0
368,Darron Reekers,Netherlands,52,Batsman ,Right Handed Bat ,Right-arm medium,0,19,6,0,0,19,5,0,0,481,64,0,0,411,49,0,0,104,29,0,0,25.32,12.8,0,0,117.04,130.62,0,0,81,10,0,0,6,2,0,0,3,1,0,0,0,0,0,0,1,0,0,0,0,0,0,0,0,0,0,0,510,436,5,13,5.13,0,0,0,0,0,0,0,0,0,0
369,Jeroen Smits,Netherlands,53,WK-Batsman ,Right Handed Bat,,0,38,6,0,0,19,2,0,0,169,15,0,0,360,27,0,0,29,11,0,0,16.9,15,0,0,46.95,55.56,0,0,10,0,0,0,0,0,0,0,2,0,0,0,0,0,0,0,0,0,0,0,0,0,0,0,0,0,0,0,0,0,0,0,0,0,0,0,0,0,0,0,0,0,0
370,Billy Stelling,Netherlands,56,Bowling Allrounder ,Right Handed Bat ,Right-arm fast-medium,0,15,0,0,0,11,0,0,0,180,0,0,0,272,0,0,0,44,0,0,0,30,0,0,0,66.18,0,0,0,8,0,0,0,2,0,0,0,1,0,0,0,0,0,0,0,0,0,0,0,0,0,0,0,0,0,0,0,699,567,12,22,4.87,0,0,0,0,0,0,0,0,0,0
371,Eric Szwarczynski,Netherlands,43,Batsman ,Right Handed Bat,,0,41,14,0,0,40,12,0,0,1102,233,0,0,1615,243,0,0,98,45,0,0,29.78,21.18,0,0,68.24,95.89,0,0,105,22,0,0,6,2,0,0,2,0,0,0,10,0,0,0,0,0,0,0,0,0,0,0,0,0,0,0,0,0,0,0,0,0,0,0,0,0,0,0,0,0,0
372,Ryan ten,Netherlands,45,Batting Allrounder ,Right Handed Bat ,Right-arm fast-medium,0,33,24,29,0,32,23,22,0,1541,533,326,0,1757,401,235,0,119,59,70,0,67,41,23.29,0,87.71,132.92,138.73,0,130,27,26,0,29,19,15,0,1,2,3,0,9,3,1,0,5,0,0,0,0,0,0,0,0,0,0,0,1580,1327,18,55,5.04,210,245,0,13,7,78,94,0,2,7.23
373,Daan van,Netherlands,43,Batting Allrounder ,Right Handed Bat ,Right-arm legbreak,0,37,14,0,0,31,12,0,0,633,90,0,0,953,104,0,0,80,24,0,0,21.1,11.25,0,0,66.43,86.54,0,0,57,2,0,0,15,3,0,0,2,2,0,0,3,0,0,0,0,0,0,0,0,0,0,0,0,0,0,0,331,329,1,11,5.96,14,15,0,1,6.43,0,0,0,0,0
374,Craig Wright,Scotland,52,Batsman ,Right Handed Bat ,Right-arm medium,0,20,3,0,0,18,1,0,0,240,14,0,0,351,18,0,0,37,14,0,0,16,14,0,0,68.38,77.78,0,0,15,0,0,0,4,0,0,0,2,0,0,0,0,0,0,0,0,0,0,0,0,0,0,0,0,0,0,0,861,663,15,29,4.62,30,49,0,4,9.8,0,0,0,0,0
375,John Blain,Scotland,47,Batsman ,Right Handed Bat ,Right-arm fast-medium,0,33,6,0,0,25,3,0,0,284,4,0,0,517,5,0,0,41,3,0,0,14.95,2,0,0,54.94,80.00,0,0,16,0,0,0,6,0,0,0,3,1,0,0,0,0,0,0,0,0,0,0,0,0,0,0,0,0,0,0,1329,1173,12,41,5.3,120,108,0,6,5.4,0,0,0,0,0
376,Dougie Brown,Scotland,56,Bowler ,Right Handed Bat ,Right-arm fast-medium,0,25,2,0,0,24,1,0,0,319,1,0,0,481,5,0,0,50,1,0,0,17.72,1,0,0,66.33,20.00,0,0,28,0,0,0,2,0,0,0,3,0,0,0,1,0,0,0,0,0,0,0,0,0,0,0,0,0,0,0,953,919,6,22,5.79,24,44,0,0,11,0,0,0,0,0
377,Gavin Hamilton,Scotland,51,Batsman ,Left Handed Bat ,Right-arm fast-medium,1,38,12,0,2,38,8,0,0,1231,90,0,9,1847,110,0,0,119,32,0,0,35.17,11.25,0,0.00,66.65,81.82,0,0,95,6,0,0,11,1,0,2,1,0,0,0,7,0,0,0,2,0,0,0,0,0,0,90,63,1,0,4.2,220,160,4,3,4.36,0,0,0,0,0,0,0,0,0,0
378,Majid Haq,Scotland,43,Bowling Allrounder ,Left Handed Bat ,Right-arm offbreak,0,53,21,0,0,39,12,0,0,555,64,0,0,907,96,0,0,71,21,0,0,16.82,12.8,0,0,61.20,66.67,0,0,65,2,0,0,2,1,0,0,6,1,0,0,3,0,0,0,0,0,0,0,0,0,0,0,0,0,0,0,2627,1967,14,60,4.49,450,472,1,28,6.29,0,0,0,0,0
379,Paul Hoffmann,Scotland,56,Bowling Allrounder ,Right Handed Bat ,Right-arm fast-medium,0,18,0,0,0,14,0,0,0,85,0,0,0,69,0,0,0,31,0,0,0,7.73,0,0,0,123.19,0,0,0,8,0,0,0,6,0,0,0,3,0,0,0,0,0,0,0,0,0,0,0,0,0,0,0,0,0,0,0,743,555,5,16,4.48,0,0,0,0,0,0,0,0,0,0
380,Omer Hussain,Scotland,41,WK-Batsman ,Left Handed Bat,,0,8,0,0,0,8,0,0,0,63,0,0,0,143,0,0,0,17,0,0,0,9,0,0,0,44.06,0,0,0,6,0,0,0,0,0,0,0,0,0,0,0,0,0,0,0,0,0,0,0,0,0,0,0,0,0,0,0,0,0,0,0,0,0,0,0,0,0,0,0,0,0,0
381,Douglas Lockhart,Scotland,50,WK-Batsman ,Right Handed Bat,,0,14,0,0,0,11,0,0,0,218,0,0,0,340,0,0,0,46,0,0,0,24.22,0,0,0,64.12,0,0,0,11,0,0,0,1,0,0,0,1,0,0,0,0,0,0,0,0,0,0,0,0,0,0,0,0,0,0,0,0,0,0,0,0,0,0,0,0,0,0,0,0,0,0
382,Ross Lyons,Scotland,41,Bowler ,Left Handed Bat ,Left-arm orthodox,0,25,2,0,0,14,2,0,0,90,4,0,0,147,17,0,0,28,4,0,0,22.5,2,0,0,61.23,23.53,0,0,8,0,0,0,0,0,0,0,0,1,0,0,0,0,0,0,0,0,0,0,0,0,0,0,0,0,0,0,1093,901,10,20,4.95,36,40,0,1,6.67,0,0,0,0,0
383,Neil McCallum,Scotland,48,Batsman ,Right Handed Bat,,0,43,11,0,0,42,7,0,0,1002,76,0,0,1451,85,0,0,121,38,0,0,27.83,10.86,0,0,69.06,89.42,0,0,97,7,0,0,17,1,0,0,3,3,0,0,4,0,0,0,2,0,0,0,0,0,0,0,0,0,0,0,0,0,0,0,0,0,0,0,0,0,0,0,0,0,0
384,Dewald Nel,Scotland,45,Bowler ,Right Handed Bat ,Right-arm fast-medium,0,19,10,0,0,10,5,0,0,31,34,0,0,55,25,0,0,11,13,0,0,15.5,11.33,0,0,56.37,136.00,0,0,2,3,0,0,0,1,0,0,1,1,0,0,0,0,0,0,0,0,0,0,0,0,0,0,0,0,0,0,730,649,10,14,5.33,186,169,3,12,5.45,0,0,0,0,0
385,Navdeep Poonia,Scotland,40,Batsman ,Right Handed Bat ,Right-arm fast-medium,0,21,8,0,0,21,7,0,0,237,95,0,0,377,108,0,0,67,38,0,0,11.29,19,0,0,62.87,87.97,0,0,31,3,0,0,2,1,0,0,7,2,0,0,1,0,0,0,0,0,0,0,0,0,0,0,0,0,0,0,0,0,0,0,0,0,0,0,0,0,0,0,0,0,0
386,Colin Smith,Scotland,53,WK-Batsman ,Right Handed Bat,,0,27,8,0,0,26,6,0,0,432,58,0,0,640,54,0,0,59,46,0,0,19.64,11.6,0,0,67.50,107.41,0,0,49,6,0,0,3,0,0,0,3,3,0,0,2,0,0,0,0,0,0,0,0,0,0,0,0,0,0,0,0,0,0,0,0,0,0,0,0,0,0,0,0,0,0
387,Ryan Watson,Scotland,49,Batsman ,Right Handed Bat,,0,35,10,0,0,35,9,0,0,956,159,0,0,1286,141,0,0,123,54,0,0,30.84,17.67,0,0,74.34,112.77,0,0,101,22,0,0,10,1,0,0,4,1,0,0,6,1,0,0,1,0,0,0,0,0,0,0,0,0,0,0,570,528,3,12,5.56,60,92,0,3,9.2,0,0,0,0,0
388,Fraser Watts,Scotland,46,Batsman ,Right Handed Bat ,Right-arm medium,0,36,11,0,0,35,9,0,0,974,137,0,0,1560,127,0,0,101,46,0,0,28.65,15.22,0,0,62.44,107.88,0,0,79,13,0,0,8,3,0,0,4,2,0,0,9,0,0,0,1,0,0,0,0,0,0,0,0,0,0,0,0,0,0,0,0,0,0,0,0,0,0,0,0,0,0
389,Kieron Pollard,West Indies,39,Batting Allrounder ,Right Handed Bat ,Right-arm medium,0,123,101,189,0,113,83,171,0,2706,1569,3412,0,2866,1161,2316,0,119,75,87,0,26.02,25.31,28.67,0,94.42,135.15,147.33,0,171,94,218,0,135,99,223,0,15,3,5,0,13,6,16,0,3,0,0,0,0,0,0,0,0,0,0,0,2275,2161,4,55,5.7,856,1188,0,42,8.33,1488,2180,0,69,8.79
390,David Obuya,Kenya,46,WK-Batsman ,Right Handed Bat,,0,74,10,0,0,73,10,0,0,1355,216,0,0,2135,228,0,0,93,65,0,0,19.36,27,0,0,63.47,94.74,0,0,152,22,0,0,12,4,0,0,10,1,0,0,6,2,0,0,0,0,0,0,0,0,0,0,0,0,0,0,0,0,0,0,0,0,0,0,0,0,0,0,0,0,0
391,Rajesh Bhudia,Kenya,41,Batting Allrounder ,Right Handed Bat ,Right-arm medium,0,5,3,0,0,5,3,0,0,122,20,0,0,124,20,0,0,47,11,0,0,24.4,10,0,0,98.39,100.00,0,0,16,0,0,0,1,2,0,0,0,1,0,0,0,0,0,0,0,0,0,0,0,0,0,0,0,0,0,0,180,151,3,3,5.03,44,78,0,0,10.64,0,0,0,0,0
392,Irving Romaine,Bermuda,53,Batsman ,Right Handed Bat ,Right-arm offbreak,0,35,2,0,0,34,2,0,0,783,9,0,0,1222,20,0,0,101,8,0,0,25.26,4.5,0,0,64.08,45.00,0,0,86,0,0,0,16,0,0,0,5,0,0,0,4,0,0,0,1,0,0,0,0,0,0,0,0,0,0,0,326,355,0,10,6.53,22,21,0,2,5.73,0,0,0,0,0
393,Dean Minors,Bermuda,56,WK-Batsman ,Left Handed Bat,,0,20,0,0,0,20,0,0,0,478,0,0,0,791,0,0,0,68,0,0,0,26.56,0,0,0,60.43,0,0,0,50,0,0,0,15,0,0,0,1,0,0,0,3,0,0,0,0,0,0,0,0,0,0,0,0,0,0,0,0,0,0,0,0,0,0,0,0,0,0,0,0,0,0
394,Delyone Borden,Bermuda,41,Batsman ,Left Handed Bat ,Right-arm offbreak,0,12,0,0,0,11,0,0,0,98,0,0,0,195,0,0,0,24,0,0,0,14,0,0,0,50.26,0,0,0,9,0,0,0,0,0,0,0,2,0,0,0,0,0,0,0,0,0,0,0,0,0,0,0,0,0,0,0,411,392,0,15,5.72,0,0,0,0,0,0,0,0,0,0
395,Lionel Cann,Bermuda,53,Batting Allrounder ,Right Handed Bat ,Right-arm medium,0,26,0,0,0,25,0,0,0,590,0,0,0,504,0,0,0,52,0,0,0,26.82,0,0,0,117.07,0,0,0,46,0,0,0,29,0,0,0,3,0,0,0,1,0,0,0,0,0,0,0,0,0,0,0,0,0,0,0,100,129,0,1,7.74,0,0,0,0,0,0,0,0,0,0
396,David Hemp,Bermuda,55,Batsman ,Left Handed Bat ,Right-arm medium,0,22,2,0,0,22,2,0,0,641,20,0,0,912,32,0,0,102,20,0,0,33.74,10,0,0,70.29,62.50,0,0,68,2,0,0,7,1,0,0,4,1,0,0,4,0,0,0,1,0,0,0,0,0,0,0,0,0,0,0,114,119,0,1,6.26,0,0,0,0,0,0,0,0,0,0
397,Kevin Hurdle,Bermuda,49,Bowler ,Right Handed Bat ,Right-arm fast,0,19,0,0,0,13,0,0,0,85,0,0,0,101,0,0,0,22,0,0,0,10.63,0,0,0,84.16,0,0,0,3,0,0,0,7,0,0,0,2,0,0,0,0,0,0,0,0,0,0,0,0,0,0,0,0,0,0,0,905,831,7,23,5.51,0,0,0,0,0,0,0,0,0,0
398,Malachi Jones,Bermuda,36,Batting Allrounder ,Right Handed Bat ,Right-arm fast-medium,0,12,18,0,0,12,14,0,0,113,116,0,0,149,127,0,0,27,27,0,0,11.3,19.33,0,0,75.84,91.34,0,0,8,5,0,0,5,3,0,0,1,0,0,0,0,0,0,0,0,0,0,0,0,0,0,0,0,0,0,0,458,482,4,8,6.31,314,298,0,15,5.69,0,0,0,0,0
399,Stefan Kelly,Bermuda,37,Bowler ,Right Handed Bat ,Right-arm fast-medium,0,10,3,0,0,6,2,0,0,14,13,0,0,31,24,0,0,7,11,0,0,0,0,0,0,45.17,54.17,0,0,1,0,0,0,0,0,0,0,0,0,0,0,0,0,0,0,0,0,0,0,0,0,0,0,0,0,0,0,389,371,3,14,5.72,42,50,0,3,7.14,0,0,0,0,0
400,Dwayne Leverock,Bermuda,54,Bowler ,Right Handed Bat ,Left-arm orthodox,0,32,2,0,0,19,0,0,0,111,0,0,0,382,0,0,0,20,0,0,0,11.1,0,0,0,29.06,0,0,0,5,0,0,0,0,0,0,0,1,0,0,0,0,0,0,0,0,0,0,0,0,0,0,0,0,0,0,0,1684,1123,38,34,4,30,27,0,0,5.4,0,0,0,0,0
401,Saleem Mukuddem,Bermuda,54,Batting Allrounder ,Right Handed Bat ,Right-arm medium,0,20,0,0,0,18,0,0,0,331,0,0,0,650,0,0,0,57,0,0,0,23.64,0,0,0,50.93,0,0,0,29,0,0,0,1,0,0,0,2,0,0,0,1,0,0,0,0,0,0,0,0,0,0,0,0,0,0,0,960,752,16,23,4.7,0,0,0,0,0,0,0,0,0,0
402,Steven Outerbridge,Bermuda,43,Batsman ,Left Handed Bat ,Right-arm offbreak,0,23,3,0,0,23,3,0,0,336,49,0,0,612,51,0,0,56,37,0,0,14.61,24.5,0,0,54.91,96.08,0,0,30,2,0,0,2,1,0,0,4,0,0,0,1,0,0,0,0,0,0,0,0,0,0,0,0,0,0,0,120,94,2,1,4.7,0,0,0,0,0,0,0,0,0,0
403,Oliver Pitcher,Bermuda,42,Batting Allrounder ,Right Handed Bat ,Right-arm medium,0,5,3,0,0,5,3,0,0,72,34,0,0,217,53,0,0,30,15,0,0,14.4,11.33,0,0,33.18,64.16,0,0,4,1,0,0,0,0,0,0,1,0,0,0,0,0,0,0,0,0,0,0,0,0,0,0,0,0,0,0,15,25,0,0,10,6,7,0,0,7,0,0,0,0,0
404,Clay Smith,Bermuda,55,Batsman ,Right Handed Bat ,Right-arm offbreak,0,12,0,0,0,12,0,0,0,192,0,0,0,245,0,0,0,52,0,0,0,16,0,0,0,78.37,0,0,0,28,0,0,0,5,0,0,0,3,0,0,0,1,0,0,0,0,0,0,0,0,0,0,0,0,0,0,0,0,0,0,0,0,0,0,0,0,0,0,0,0,0,0
405,Janeiro Tucker,Bermuda,51,Batting Allrounder ,Right Handed Bat ,Right-arm medium,0,26,5,0,0,26,5,0,0,496,94,0,0,726,97,0,0,52,50,0,0,19.84,23.5,0,0,68.32,96.91,0,0,57,11,0,0,7,1,0,0,1,0,0,0,1,1,0,0,0,0,0,0,0,0,0,0,0,0,0,0,819,701,4,13,5.14,42,62,0,1,8.86,0,0,0,0,0
406,Kwame Tucker,Bermuda,49,WK-Batsman ,Right Handed Bat,,0,12,0,0,0,12,0,0,0,95,0,0,0,246,0,0,0,34,0,0,0,9.5,0,0,0,38.62,0,0,0,14,0,0,0,0,0,0,0,1,0,0,0,0,0,0,0,0,0,0,0,0,0,0,0,0,0,0,0,0,0,0,0,0,0,0,0,0,0,0,0,0,0,0
407,John Davison,Canada,56,Batsman ,Right Handed Bat ,Right-arm offbreak,0,32,5,0,0,32,5,0,0,799,44,0,0,767,40,0,0,111,19,0,0,26.63,8.8,0,0,104.18,110.00,0,0,93,2,0,0,20,3,0,0,5,2,0,0,5,0,0,0,1,0,0,0,0,0,0,0,0,0,0,0,1435,1067,17,36,4.46,108,91,0,4,5.06,0,0,0,0,0
408,Ashish Bagai,Canada,44,WK-Batsman ,Right Handed Bat,,0,62,9,0,0,60,9,0,0,1964,284,0,0,2994,249,0,0,137,67,0,0,37.77,40.57,0,0,65.60,114.06,0,0,182,27,0,0,8,0,0,0,2,0,0,0,16,2,0,0,2,0,0,0,0,0,0,0,0,0,0,0,0,0,0,0,0,0,0,0,0,0,0,0,0,0,0
409,Geoff Barnett,Canada,42,Batsman ,Left Handed Bat ,Right-arm fast-medium,0,22,5,0,0,22,5,0,0,455,131,0,0,745,136,0,0,77,36,0,0,20.68,32.75,0,0,61.08,96.33,0,0,50,16,0,0,5,0,0,0,1,0,0,0,1,0,0,0,0,0,0,0,0,0,0,0,0,0,0,0,0,0,0,0,0,6,11,0,0,11,0,0,0,0,0
410,Umar Bhatti,Canada,42,Bowler ,Left Handed Bat ,Left-arm medium,0,36,7,0,0,30,7,0,0,378,49,0,0,514,48,0,0,46,12,0,0,17.18,12.25,0,0,73.55,102.09,0,0,28,3,0,0,6,1,0,0,2,0,0,0,0,0,0,0,0,0,0,0,0,0,0,0,0,0,0,0,1630,1149,31,33,4.23,138,148,0,8,6.43,0,0,0,0,0
411,Ian Billcliff,Canada,53,Batsman ,Right Handed Bat ,Right-arm medium,0,19,2,0,0,19,2,0,0,529,51,0,0,793,39,0,0,93,37,0,0,27.84,25.5,0,0,66.71,130.77,0,0,44,3,0,0,7,2,0,0,0,0,0,0,4,0,0,0,0,0,0,0,0,0,0,0,0,0,0,0,0,0,0,0,0,0,0,0,0,0,0,0,0,0,0
412,Desmond Chumney,Canada,58,Batsman ,Right Handed Bat ,Right-arm offbreak,0,21,0,0,0,21,0,0,0,397,0,0,0,595,0,0,0,48,0,0,0,20.89,0,0,0,66.73,0,0,0,29,0,0,0,9,0,0,0,0,0,0,0,0,0,0,0,0,0,0,0,0,0,0,0,0,0,0,0,0,0,0,0,0,0,0,0,0,0,0,0,0,0,0
413,Austin Codrington,Canada,50,Batting Allrounder ,Right Handed Bat ,Right-arm fast-medium,0,9,0,0,0,8,0,0,0,47,0,0,0,92,0,0,0,16,0,0,0,5.88,0,0,0,51.09,0,0,0,5,0,0,0,0,0,0,0,2,0,0,0,0,0,0,0,0,0,0,0,0,0,0,0,0,0,0,0,300,265,4,10,5.3,0,0,0,0,0,0,0,0,0,0
414,George Codrington,Canada,59,Batting Allrounder ,Right Handed Bat ,Right-arm fast-medium,0,17,0,0,0,15,0,0,0,235,0,0,0,372,0,0,0,45,0,0,0,19.58,0,0,0,63.18,0,0,0,22,0,0,0,3,0,0,0,1,0,0,0,0,0,0,0,0,0,0,0,0,0,0,0,0,0,0,0,731,577,9,16,4.74,0,0,0,0,0,0,0,0,0,0
415,Anderson Cummins,Canada,60,Batting Allrounder ,Right Handed Bat ,Right-arm fast-medium,5,76,0,0,6,49,0,0,98,486,0,0,233,586,0,0,50,44,0,0,19.6,13.5,0,0,42.07,82.94,0,0,9,33,0,0,0,5,0,0,1,4,0,0,1,0,0,0,0,0,0,0,0,0,0,0,618,342,11,8,3.32,3767,2877,29,91,4.58,0,0,0,0,0,0,0,0,0,0
416,Sunil Dhaniram,Canada,57,Batsman ,Left Handed Bat ,Left-arm orthodox,0,44,11,0,0,41,9,0,0,915,100,0,0,1126,123,0,0,92,26,0,0,24.08,11.11,0,0,81.27,81.31,0,0,87,6,0,0,8,2,0,0,2,0,0,0,6,0,0,0,0,0,0,0,0,0,0,0,0,0,0,0,1769,1240,16,41,4.21,202,192,1,6,5.7,0,0,0,0,0
417,Ashif Mulla,Canada,46,WK-Batsman ,Right Handed Bat,,0,24,4,0,0,24,4,0,0,482,11,0,0,595,19,0,0,58,8,0,0,20.08,2.75,0,0,81.01,57.90,0,0,47,2,0,0,13,0,0,0,2,1,0,0,1,0,0,0,0,0,0,0,0,0,0,0,0,0,0,0,0,0,0,0,0,0,0,0,0,0,0,0,0,0,0
418,Henry Osinde,Canada,47,Bowler ,Right Handed Bat ,Right-arm fast-medium,0,42,11,0,0,28,6,0,0,64,31,0,0,130,34,0,0,21,17,0,0,4.27,7.75,0,0,49.24,91.18,0,0,5,1,0,0,0,2,0,0,7,0,0,0,0,0,0,0,0,0,0,0,0,0,0,0,0,0,0,0,1692,1389,25,45,4.93,210,250,0,10,7.14,0,0,0,0,0
419,Qaiser Ali,Canada,47,Batsman ,Right Handed Bat ,Right-arm offbreak,0,17,0,0,0,17,0,0,0,244,0,0,0,383,0,0,0,70,0,0,0,15.25,0,0,0,63.71,0,0,0,28,0,0,0,2,0,0,0,3,0,0,0,2,0,0,0,0,0,0,0,0,0,0,0,0,0,0,0,182,132,0,5,4.35,0,0,0,0,0,0,0,0,0,0
420,Abdool Samad,Canada,47,WK-Batsman ,Right Handed Bat ,Right-arm offbreak,0,27,7,0,0,27,6,0,0,740,97,0,0,1045,88,0,0,130,29,0,0,29.6,16.17,0,0,70.82,110.23,0,0,73,8,0,0,6,4,0,0,2,1,0,0,2,0,0,0,1,0,0,0,0,0,0,0,0,0,0,0,235,281,0,7,7.17,12,36,0,1,18,0,0,0,0,0
421,Kevin Sandher,Canada,45,Bowler ,Right Handed Bat ,Left-arm orthodox,0,15,0,0,0,10,0,0,0,35,0,0,0,107,0,0,0,12,0,0,0,5.83,0,0,0,32.72,0,0,0,0,0,0,0,0,0,0,0,1,0,0,0,0,0,0,0,0,0,0,0,0,0,0,0,0,0,0,0,696,569,5,18,4.91,0,0,0,0,0,0,0,0,0,0
422,Kevin O,Ireland,42,Batting Allrounder ,Right Handed Bat ,Right-arm fast-medium,3,152,109,0,6,141,103,0,258,3619,1973,0,467,4076,1506,0,118,142,124,0,51.6,29.42,21.22,0,55.25,88.79,131.01,0,29,332,165,0,0,84,82,0,0,6,12,0,1,18,5,0,1,2,1,0,0,0,0,0,60,31,2,0,3.1,4296,3726,31,114,5.2,917,1148,0,58,7.51,0,0,0,0,0
423,Niall O,Ireland,44,WK-Batsman ,Left Handed Bat,,1,102,30,0,2,101,28,0,18,2581,466,0,55,3638,475,0,18,109,50,0,9,28.05,17.92,0,32.73,70.95,98.11,0,2,218,40,0,0,30,7,0,1,3,0,0,0,18,1,0,0,1,0,0,0,0,0,0,0,0,0,0,0,0,0,0,0,0,0,0,0,0,0,0,0,0,0,0
424,Edgar Schiferli,Netherlands,50,Batsman ,Right Handed Bat ,Right-arm fast-medium,0,30,7,0,0,22,3,0,0,161,7,0,0,218,16,0,0,41,5,0,0,10.06,3.5,0,0,73.86,43.75,0,0,18,0,0,0,5,0,0,0,4,1,0,0,0,0,0,0,0,0,0,0,0,0,0,0,0,0,0,0,1294,1009,16,33,4.68,138,146,0,6,6.35,0,0,0,0,0
425,Glenn Rogers,Scotland,49,Batsman ,Right Handed Bat ,Left-arm orthodox,0,13,2,0,0,8,2,0,0,81,7,0,0,169,8,0,0,26,6,0,0,16.2,0,0,0,47.93,87.50,0,0,10,0,0,0,0,0,0,0,1,0,0,0,0,0,0,0,0,0,0,0,0,0,0,0,0,0,0,0,512,409,5,8,4.79,47,67,0,2,8.55,0,0,0,0,0
426,Manoj Tiwary,India,40,Batsman ,Right Handed Bat ,Right-arm legbreak,0,12,3,98,0,12,1,85,0,287,15,1695,0,403,17,1449,0,104,15,75,0,23.92,15,28.73,0,71.22,88.24,116.98,0,24,0,156,0,3,0,40,0,0,0,8,0,1,0,7,0,1,0,0,0,0,0,0,0,0,0,0,0,132,150,1,5,6.82,0,0,0,0,0,42,83,0,1,11.86
427,Rajesh Pawar,India,46,Batting Allrounder ,Right Handed Bat,,0,0,0,1,0,0,0,0,0,0,0,0,0,0,0,0,0,0,0,0,0,0,0,0,0,0,0,0,0,0,0,0,0,0,0,0,0,0,0,0,0,0,0,0,0,0,0,0,0,0,0,0,0,0,0,0,0,0,0,0,0,0,0,0,0,0,0,0,0,0,0,0
428,Fawad Alam,Pakistan,40,Batsman ,Left Handed Bat ,Left-arm orthodox,19,38,24,0,30,36,17,0,1011,966,194,0,2170,1297,169,0,168,114,28,0,38.88,40.25,17.64,0,46.59,74.48,114.80,0,112,59,7,0,3,6,7,0,3,3,1,0,2,6,0,0,5,1,0,0,0,0,0,0,96,54,1,2,3.38,398,377,0,5,5.68,90,95,0,8,6.33,0,0,0,0,0
429,Najaf Shah,Pakistan,41,Bowler ,Left Handed Bat ,Left-arm fast-medium,0,1,0,0,0,1,0,0,0,0,0,0,0,2,0,0,0,0,0,0,0,0,0,0,0,0.00,0,0,0,0,0,0,0,0,0,0,0,1,0,0,0,0,0,0,0,0,0,0,0,0,0,0,0,0,0,0,0,60,59,1,0,5.9,0,0,0,0,0,0,0,0,0,0
430,Ishara Amerasinghe,Sri Lanka,48,Batsman ,Right Handed Bat ,Right-arm fast-medium,1,8,0,0,2,4,0,0,0,6,0,0,25,9,0,0,0,5,0,0,0,0,0,0,0.00,66.67,0,0,0,1,0,0,0,0,0,0,0,0,0,0,0,0,0,0,0,0,0,0,0,0,0,0,150,105,1,1,4.2,426,363,6,9,5.11,0,0,0,0,0,0,0,0,0,0
431,Malinda Warnapura,Sri Lanka,46,Batting Allrounder ,Left Handed Bat ,Right-arm offbreak,14,3,0,0,24,3,0,0,821,35,0,0,1412,76,0,0,120,30,0,0,35.7,11.67,0,0,58.15,46.06,0,0,98,5,0,0,2,0,0,0,5,1,0,0,7,0,0,0,2,0,0,0,0,0,0,0,54,40,0,0,4.44,0,0,0,0,0,0,0,0,0,0,0,0,0,0,0
432,Ishant Sharma,India,37,Bowler ,Right Handed Bat ,Right-arm fast-medium,105,80,14,117,142,28,3,28,785,72,8,57,2568,203,9,69,57,13,5,10,8.26,4.8,8,9.5,30.57,35.47,88.89,82.61,88,6,1,4,1,0,0,2,34,5,1,1,1,0,0,0,0,0,0,0,0,0,0,0,19160,10078,641,311,3.16,3733,3562,29,115,5.73,278,400,0,8,8.63,2419,3377,6,96,8.38
433,Ryan Sidebottom,England,48,Bowler ,Left Handed Bat ,Left-arm fast-medium,22,25,18,0,31,18,1,0,313,133,5,0,903,194,4,0,31,24,5,0,15.65,13.3,0,0,34.67,68.56,125.00,0,37,11,1,0,0,0,0,0,3,2,0,0,0,0,0,0,0,0,0,0,0,0,0,0,4812,2231,188,79,2.78,1277,1039,12,29,4.88,367,437,0,23,7.14,0,0,0,0,0
434,Alex Obanda,Kenya,38,Batsman ,Right Handed Bat,,0,49,51,0,0,45,47,0,0,1306,797,0,0,1764,670,0,0,96,103,0,0,30.37,18.53,0,0,74.04,118.96,0,0,127,100,0,0,39,25,0,0,2,6,0,0,9,1,0,0,0,1,0,0,0,0,0,0,0,0,0,0,0,0,0,0,0,0,0,0,0,0,0,0,0,0,0
435,Sujeewa de,Sri Lanka,46,Bowler ,Right Handed Bat ,Left-arm fast-medium,3,0,0,0,2,0,0,0,10,0,0,0,38,0,0,0,5,0,0,0,10,0,0,0,26.32,0,0,0,2,0,0,0,0,0,0,0,0,0,0,0,0,0,0,0,0,0,0,0,0,0,0,0,432,209,18,11,2.9,0,0,0,0,0,0,0,0,0,0,0,0,0,0,0
436,Vernon Philander,South Africa,40,Bowling Allrounder ,Right Handed Bat ,Right-arm fast-medium,64,30,7,0,94,19,4,0,1779,151,14,0,3995,213,28,0,74,30,6,0,24.04,12.58,3.5,0,44.54,70.90,50.00,0,204,14,0,0,17,0,0,0,8,3,0,0,8,0,0,0,0,0,0,0,0,0,0,0,11391,5000,506,224,2.63,1279,986,20,41,4.63,83,114,0,4,8.24,0,0,0,0,0
437,Ranadeb Bose,India,47,Batting Allrounder ,Right Handed Bat,,0,0,0,1,0,0,0,0,0,0,0,0,0,0,0,0,0,0,0,0,0,0,0,0,0,0,0,0,0,0,0,0,0,0,0,0,0,0,0,0,0,0,0,0,0,0,0,0,0,0,0,0,0,0,0,0,0,0,0,0,0,0,0,0,0,0,0,12,24,0,0,12
438,Austin Richards,West Indies,42,Batsman ,Left Handed Bat ,Right-arm medium,0,1,1,0,0,1,1,0,0,2,10,0,0,2,15,0,0,2,10,0,0,2,10,0,0,100.00,66.67,0,0,0,1,0,0,0,0,0,0,0,0,0,0,0,0,0,0,0,0,0,0,0,0,0,0,0,0,0,0,0,0,0,0,0,0,0,0,0,0,0,0,0,0,0
439,Dom Joyce,Ireland,44,Batsman ,Right Handed Bat,,0,3,0,0,0,3,0,0,0,29,0,0,0,56,0,0,0,18,0,0,0,9.67,0,0,0,51.79,0,0,0,4,0,0,0,0,0,0,0,1,0,0,0,0,0,0,0,0,0,0,0,0,0,0,0,0,0,0,0,0,0,0,0,0,0,0,0,0,0,0,0,0,0,0
440,Alex Cusack,Ireland,45,Bowling Allrounder ,Right Handed Bat ,Right-arm fast-medium,0,59,36,0,0,47,21,0,0,745,229,0,0,1159,177,0,0,71,65,0,0,22.58,15.27,0,0,64.28,129.38,0,0,57,17,0,0,6,6,0,0,8,1,0,0,2,1,0,0,0,0,0,0,0,0,0,0,0,0,0,0,1953,1510,24,63,4.64,606,714,3,35,7.07,0,0,0,0,0
441,Thinus Fourie,Ireland,46,Batsman ,Right Handed Bat ,Right-arm fast-medium,0,7,0,0,0,5,0,0,0,42,0,0,0,51,0,0,0,19,0,0,0,21,0,0,0,82.36,0,0,0,4,0,0,0,1,0,0,0,0,0,0,0,0,0,0,0,0,0,0,0,0,0,0,0,0,0,0,0,179,128,1,1,4.29,0,0,0,0,0,0,0,0,0,0
442,Gary Kidd,Ireland,40,Bowler ,Left Handed Bat ,Left-arm orthodox,0,6,1,0,0,1,1,0,0,15,1,0,0,25,1,0,0,15,1,0,0,15,0,0,0,60.00,100.00,0,0,2,0,0,0,0,0,0,0,0,0,0,0,0,0,0,0,0,0,0,0,0,0,0,0,0,0,0,0,216,172,1,1,4.78,18,32,0,0,10.67,0,0,0,0,0
443,Roger Whelan,Ireland,45,Bowler ,Right Handed Bat ,Right-arm fast-medium,0,2,0,0,0,2,0,0,0,5,0,0,0,12,0,0,0,5,0,0,0,2.5,0,0,0,41.67,0,0,0,1,0,0,0,0,0,0,0,1,0,0,0,0,0,0,0,0,0,0,0,0,0,0,0,0,0,0,0,90,99,0,2,6.6,0,0,0,0,0,0,0,0,0,0
444,Gary Wilson,Ireland,40,WK-Batsman ,Right Handed Bat,,2,104,81,0,4,99,68,0,45,2072,1268,0,114,2881,1212,0,33,113,65,0,15,23.82,21.13,0,39.48,71.92,104.63,0,7,180,108,0,0,21,20,0,2,6,4,0,0,12,3,0,0,1,0,0,0,0,0,0,0,0,0,0,0,0,0,0,0,0,0,0,0,0,0,0,0,0,0,0
445,Jonathan Trott,England,45,Batsman ,Right Handed Bat ,Right-arm medium,52,68,7,0,93,65,7,0,3835,2819,138,0,8128,3659,144,0,226,137,51,0,44.08,51.25,23,0,47.19,77.05,95.84,0,451,216,9,0,0,3,3,0,8,5,0,0,19,22,1,0,9,4,0,0,2,0,0,0,708,400,11,5,3.39,183,166,0,2,5.44,0,0,0,0,0,0,0,0,0,0
446,Dimitri Mascarenhas,England,48,Bowling Allrounder ,Right Handed Bat ,Right-arm fast-medium,0,20,14,13,0,13,13,10,0,245,123,70,0,257,100,71,0,52,31,27,0,22.27,15.38,7.78,0,95.34,123.00,98.60,0,12,8,5,0,13,5,1,0,2,3,2,0,1,0,0,0,0,0,0,0,0,0,0,0,0,0,0,0,822,634,6,13,4.63,252,309,0,12,7.36,308,356,1,19,6.94
447,James Kirtley,England,51,Batsman ,Right Handed Bat ,Right-arm fast-medium,4,11,1,0,7,2,1,0,32,2,2,0,129,11,4,0,12,1,2,0,5.33,1,0,0,24.81,18.19,50.00,0,1,0,0,0,1,0,0,0,0,0,0,0,0,0,0,0,0,0,0,0,0,0,0,0,1079,561,50,19,3.12,549,481,4,9,5.26,6,17,0,0,17,0,0,0,0,0
448,Darren Maddy,England,52,Batsman ,Right Handed Bat ,Right-arm medium,3,8,4,0,4,6,4,0,46,113,113,0,190,206,80,0,24,53,50,0,11.5,18.83,28.25,0,24.22,54.86,141.25,0,4,10,12,0,0,0,3,0,0,1,0,0,0,1,1,0,0,0,0,0,0,0,0,0,84,40,1,0,2.86,0,0,0,0,0,18,26,0,3,8.67,0,0,0,0,0
449,Chris Schofield,England,47,Bowler ,Left Handed Bat ,Right-arm legbreak,2,0,4,0,3,0,4,0,67,0,24,0,146,0,20,0,57,0,9,0,22.33,0,24,0,45.90,0,120.00,0,8,0,2,0,0,0,0,0,1,0,0,0,1,0,0,0,0,0,0,0,0,0,0,0,108,73,2,0,4.06,0,0,0,0,0,77,92,0,4,7.17,0,0,0,0,0
450,Jeremy Snape,England,53,Bowler ,Right Handed Bat ,Right-arm offbreak,0,10,1,0,0,7,1,0,0,118,7,0,0,173,11,0,0,38,7,0,0,29.5,7,0,0,68.21,63.64,0,0,6,0,0,0,0,0,0,0,0,0,0,0,0,0,0,0,0,0,0,0,0,0,0,0,0,0,0,0,529,403,2,13,4.57,6,12,0,0,12,0,0,0,0,0
451,Luke Wright,England,41,Bowling Allrounder ,Right Handed Bat ,Right-arm medium,0,50,51,7,0,39,45,6,0,707,759,106,0,820,554,60,0,52,99,44,0,20.2,18.98,21.2,0,86.22,137.01,176.67,0,63,68,16,0,18,31,3,0,5,9,0,0,2,4,0,0,0,0,0,0,0,0,0,0,0,0,0,0,1038,884,2,15,5.11,330,465,0,18,8.45,71,124,0,2,10.48
452,Regis Chakabva,Zimbabwe,38,WK-Batsman ,Right Handed Bat ,Right-arm offbreak,22,61,49,0,43,57,49,0,1061,1188,682,0,2615,1751,557,0,101,102,48,0,27.21,22,14.51,0,40.58,67.85,122.45,0,102,93,59,0,8,9,27,0,3,3,11,0,5,4,0,0,1,1,0,0,0,0,0,0,0,0,0,0,0,0,0,0,0,0,0,0,0,0,0,0,0,0,0,0
453,Timycen Maruma,Zimbabwe,38,Batting Allrounder ,Right Handed Bat ,Right-arm legbreak,4,22,13,0,7,18,13,0,68,196,100,0,186,330,110,0,41,35,23,0,9.71,11.53,11.11,0,36.56,59.40,90.91,0,8,14,6,0,0,6,4,0,3,1,1,0,0,0,0,0,0,0,0,0,0,0,0,0,0,0,0,0,0,225,230,1,4,6.13,18,20,0,1,6.67,0,0,0,0,0
454,Zunaed Siddique,Bangladesh,38,Batsman ,Left Handed Bat ,Right-arm offbreak,19,55,7,0,37,54,7,0,969,1201,160,0,2341,1783,108,0,106,100,71,0,26.19,22.66,22.86,0,41.40,67.36,148.15,0,123,118,16,0,1,7,7,0,2,6,1,0,7,6,1,0,1,1,0,0,0,0,0,0,18,11,0,0,3.67,66,63,0,0,5.73,0,0,0,0,0,0,0,0,0,0
455,Nazimuddin,Bangladesh,40,Bowler ,Right Handed Bat ,Right-arm medium,3,11,7,0,6,11,7,0,125,147,178,0,320,237,158,0,78,47,81,0,20.83,13.36,25.43,0,39.07,62.03,112.66,0,17,18,13,0,2,2,10,0,2,0,2,0,1,0,1,0,0,0,0,0,0,0,0,0,0,0,0,0,0,0,0,0,0,0,0,0,0,0,0,0,0,0,0,0
456,Yusuf Pathan,India,43,Batting Allrounder ,Right Handed Bat ,Right-arm offbreak,0,57,22,174,0,41,18,154,0,810,236,3204,0,713,161,2241,0,123,37,100,0,27,18.15,29.13,0,113.61,146.59,142.98,0,62,11,262,0,43,17,158,0,7,3,9,0,3,0,13,0,2,0,1,0,0,0,0,0,0,0,0,0,1490,1365,3,33,5.5,305,438,0,13,8.62,1147,1415,1,42,7.4
457,Elijah Otieno,Kenya,38,Bowler ,Right Handed Bat ,Right-arm fast-medium,0,26,31,0,0,17,13,0,0,49,26,0,0,136,57,0,0,11,8,0,0,4.9,3.71,0,0,36.03,45.62,0,0,4,0,0,0,0,1,0,0,5,2,0,0,0,0,0,0,0,0,0,0,0,0,0,0,0,0,0,0,954,927,6,22,5.83,533,633,3,27,7.13,0,0,0,0,0
458,Gordon Drummond,Scotland,46,Bowling Allrounder ,Right Handed Bat ,Right-arm fast-medium,0,30,17,0,0,20,7,0,0,240,54,0,0,261,65,0,0,35,35,0,0,18.46,7.71,0,0,91.96,83.08,0,0,21,3,0,0,4,0,0,0,2,2,0,0,0,0,0,0,0,0,0,0,0,0,0,0,0,0,0,0,1263,935,21,25,4.44,324,374,1,16,6.93,0,0,0,0,0
459,Gregor Maiden,Scotland,46,WK-Batsman ,Right Handed Bat ,Right-arm offbreak,0,7,3,0,0,6,1,0,0,84,0,0,0,133,1,0,0,31,0,0,0,21,0,0,0,63.16,0.00,0,0,5,0,0,0,1,0,0,0,1,1,0,0,0,0,0,0,0,0,0,0,0,0,0,0,0,0,0,0,48,38,0,0,4.75,60,58,0,2,5.8,0,0,0,0,0
460,Qasim Sheikh,Scotland,41,Batsman ,Left Handed Bat ,Left-arm medium,0,7,0,0,0,7,0,0,0,63,0,0,0,140,0,0,0,23,0,0,0,10.5,0,0,0,45.00,0,0,0,6,0,0,0,0,0,0,0,0,0,0,0,0,0,0,0,0,0,0,0,0,0,0,0,0,0,0,0,0,0,0,0,0,0,0,0,0,0,0,0,0,0,0
461,Dilruwan Perera,Sri Lanka,43,Bowling Allrounder ,Right Handed Bat ,Right-arm offbreak,43,13,3,0,77,12,2,0,1303,152,1,0,2779,199,6,0,95,30,1,0,18.88,12.67,0.5,0,46.89,76.39,16.67,0,158,13,0,0,23,3,0,0,14,0,1,0,7,0,0,0,0,0,0,0,0,0,0,0,10805,5780,239,161,3.21,456,409,2,13,5.38,60,72,0,3,7.2,0,0,0,0,0
462,Phil Mustard,England,43,WK-Batsman ,Left Handed Bat,,0,10,2,0,0,10,2,0,0,233,60,0,0,252,37,0,0,83,40,0,0,23.3,30,0,0,92.47,162.17,0,0,28,5,0,0,5,4,0,0,0,0,0,0,1,0,0,0,0,0,0,0,0,0,0,0,0,0,0,0,0,0,0,0,0,0,0,0,0,0,0,0,0,0,0
463,Graeme Swann,England,47,Bowler ,Right Handed Bat ,Right-arm offbreak,60,79,39,0,76,48,16,0,1370,500,104,0,1791,553,89,0,85,34,34,0,22.1,13.89,20.8,0,76.50,90.42,116.86,0,181,48,9,0,19,4,1,0,5,3,2,0,5,0,0,0,0,0,0,0,0,0,0,0,15349,7642,494,255,2.99,3809,2888,25,104,4.55,810,859,4,51,6.36,0,0,0,0,0
464,Trevin Bastiampillai,Canada,40,Batsman ,Right Handed Bat ,Right-arm offbreak,0,13,2,0,0,13,0,0,0,175,0,0,0,301,0,0,0,49,0,0,0,13.46,0,0,0,58.14,0,0,0,26,0,0,0,2,0,0,0,2,0,0,0,0,0,0,0,0,0,0,0,0,0,0,0,0,0,0,0,24,31,0,0,7.75,0,0,0,0,0,0,0,0,0,0
465,Abdul Jabbar,Canada,43,Batsman ,Right Handed Bat ,Right-arm medium,0,2,0,0,0,2,0,0,0,59,0,0,0,82,0,0,0,44,0,0,0,29.5,0,0,0,71.96,0,0,0,9,0,0,0,1,0,0,0,0,0,0,0,0,0,0,0,0,0,0,0,0,0,0,0,0,0,0,0,0,0,0,0,0,0,0,0,0,0,0,0,0,0,0
466,Calvert Hooper,Canada,43,Bowler ,Right Handed Bat ,Right-arm fast-medium,0,5,0,0,0,5,0,0,0,49,0,0,0,60,0,0,0,27,0,0,0,16.33,0,0,0,81.67,0,0,0,5,0,0,0,3,0,0,0,1,0,0,0,0,0,0,0,0,0,0,0,0,0,0,0,0,0,0,0,169,181,1,3,6.43,0,0,0,0,0,0,0,0,0,0
467,Arvind Kandappah,Canada,55,Batsman ,Right Handed Bat,,0,2,0,0,0,2,0,0,0,97,0,0,0,156,0,0,0,69,0,0,0,97,0,0,0,62.18,0,0,0,4,0,0,0,3,0,0,0,0,0,0,0,1,0,0,0,0,0,0,0,0,0,0,0,0,0,0,0,1,4,0,0,0,0,0,0,0,0,0,0,0,0,0
468,Mohammad Iqbal,Canada,52,Batsman ,Right Handed Bat ,Right-arm fast-medium,0,5,3,0,0,5,3,0,0,54,27,0,0,80,39,0,0,30,22,0,0,10.8,9,0,0,67.50,69.24,0,0,9,1,0,0,0,0,0,0,1,0,0,0,0,0,0,0,0,0,0,0,0,0,0,0,0,0,0,0,0,0,0,0,0,0,0,0,0,0,0,0,0,0,0
469,Jason Patraj,Canada,44,Bowler ,Right Handed Bat ,Right-arm offbreak,0,2,0,0,0,2,0,0,0,21,0,0,0,48,0,0,0,20,0,0,0,10.5,0,0,0,43.75,0,0,0,1,0,0,0,0,0,0,0,0,0,0,0,0,0,0,0,0,0,0,0,0,0,0,0,0,0,0,0,90,76,0,2,5.07,0,0,0,0,0,0,0,0,0,0
470,Aftab Shamsudeen,Canada,48,WK-Batsman ,Right Handed Bat ,Right-arm offbreak,0,1,0,0,0,1,0,0,0,3,0,0,0,28,0,0,0,3,0,0,0,3,0,0,0,10.72,0,0,0,0,0,0,0,0,0,0,0,0,0,0,0,0,0,0,0,0,0,0,0,0,0,0,0,0,0,0,0,18,24,0,0,8,0,0,0,0,0,0,0,0,0,0
471,Durand Soraine,Canada,42,Batsman ,Right Handed Bat ,Right-arm medium,0,4,0,0,0,4,0,0,0,14,0,0,0,20,0,0,0,6,0,0,0,3.5,0,0,0,70.00,0,0,0,1,0,0,0,0,0,0,0,1,0,0,0,0,0,0,0,0,0,0,0,0,0,0,0,0,0,0,0,113,95,0,3,5.04,0,0,0,0,0,0,0,0,0,0
472,Alfred Luseno,Kenya,44,Bowler ,Right Handed Bat ,Right-arm medium,0,10,0,0,0,9,0,0,0,34,0,0,0,50,0,0,0,16,0,0,0,17,0,0,0,68.00,0,0,0,3,0,0,0,1,0,0,0,1,0,0,0,0,0,0,0,0,0,0,0,0,0,0,0,0,0,0,0,330,316,1,9,5.75,0,0,0,0,0,0,0,0,0,0
473,Sohail Tanvir,Pakistan,41,Bowler ,Left Handed Bat ,Left-arm fast-medium,2,62,57,11,3,40,25,5,17,399,196,36,44,457,164,29,13,59,41,13,5.67,13.76,11.53,12,38.64,87.31,119.52,124.14,4,44,16,3,0,6,9,1,1,3,2,0,0,1,0,0,0,0,0,0,0,0,0,0,504,316,15,5,3.76,2949,2566,24,71,5.22,1214,1454,3,54,7.19,247,266,0,22,6.46
474,Khalid Latif,Pakistan,40,Batsman ,Right Handed Bat ,Right-arm offbreak,0,5,13,0,0,5,13,0,0,147,237,0,0,228,229,0,0,64,59,0,0,29.4,21.55,0,0,64.48,103.50,0,0,13,25,0,0,0,6,0,0,1,1,0,0,1,1,0,0,0,0,0,0,0,0,0,0,0,0,0,0,0,0,0,0,0,0,0,0,0,0,0,0,0,0,0
475,James Celestine,Bermuda,52,Batsman ,Right Handed Bat,,0,8,3,0,0,8,3,0,0,60,9,0,0,135,17,0,0,20,7,0,0,7.5,3,0,0,44.45,52.95,0,0,7,0,0,0,2,0,0,0,1,1,0,0,0,0,0,0,0,0,0,0,0,0,0,0,0,0,0,0,0,0,0,0,0,0,0,0,0,0,0,0,0,0,0
476,Jekon Edness,Bermuda,42,WK-Batsman ,Right Handed Bat,,0,11,3,0,0,11,3,0,0,252,13,0,0,403,28,0,0,72,9,0,0,28,4.33,0,0,62.54,46.43,0,0,22,0,0,0,3,0,0,0,1,1,0,0,1,0,0,0,0,0,0,0,0,0,0,0,0,0,0,0,0,0,0,0,0,0,0,0,0,0,0,0,0,0,0
477,Kyle Hodsoll,Bermuda,37,Batsman ,Right Handed Bat ,Right-arm fast-medium,0,3,4,0,0,2,1,0,0,2,0,0,0,7,1,0,0,2,0,0,0,2,0,0,0,28.58,0.00,0,0,0,0,0,0,0,0,0,0,1,1,0,0,0,0,0,0,0,0,0,0,0,0,0,0,0,0,0,0,102,100,1,3,5.88,54,59,0,2,6.56,0,0,0,0,0
478,Azeem Pitcher,Bermuda,45,Batsman ,Left Handed Bat,,0,4,0,0,0,4,0,0,0,36,0,0,0,89,0,0,0,30,0,0,0,9,0,0,0,40.45,0,0,0,2,0,0,0,1,0,0,0,0,0,0,0,0,0,0,0,0,0,0,0,0,0,0,0,0,0,0,0,0,0,0,0,0,0,0,0,0,0,0,0,0,0,0
479,Rodney Trott,Bermuda,38,Batting Allrounder ,Right Handed Bat ,Right-arm offbreak,0,11,21,0,0,10,11,0,0,130,57,0,0,249,91,0,0,48,19,0,0,21.67,9.5,0,0,52.21,62.64,0,0,9,3,0,0,0,1,0,0,1,2,0,0,0,0,0,0,0,0,0,0,0,0,0,0,0,0,0,0,537,412,0,16,4.6,357,388,1,17,6.52,0,0,0,0,0
480,Tamauri Tucker,Bermuda,37,Batsman ,Right Handed Bat ,Right-arm offbreak,0,5,1,0,0,0,1,0,0,0,1,0,0,0,5,0,0,0,1,0,0,0,1,0,0,0,20.00,0,0,0,0,0,0,0,0,0,0,0,0,0,0,0,0,0,0,0,0,0,0,0,0,0,0,0,0,0,0,174,157,0,7,5.41,12,5,0,0,2.5,0,0,0,0,0
481,Sarfaraz Ahmed,Pakistan,39,WK-Batsman ,Right Handed Bat,,54,117,61,0,95,91,42,0,3031,2315,818,0,4320,2635,653,0,118,105,89,0,36.96,33.55,27.27,0,70.17,87.86,125.27,0,309,174,79,0,9,12,15,0,4,1,2,0,21,11,3,0,4,2,0,0,0,0,0,0,0,0,0,0,0,12,15,0,0,7.5,0,0,0,0,0,0,0,0,0,0
482,Brenton Parchment,West Indies,43,Batsman ,Right Handed Bat ,Right-arm offbreak,2,7,1,0,4,7,1,0,55,122,10,0,164,217,6,0,20,48,10,0,13.75,17.43,10,0,33.54,56.23,166.67,0,5,16,1,0,0,1,1,0,0,0,0,0,0,0,0,0,0,0,0,0,0,0,0,0,0,0,0,0,0,0,0,0,0,0,0,0,0,0,0,0,0,0,0,0
483,Ray Price,Zimbabwe,49,Bowler ,Right Handed Bat ,Left-arm orthodox,22,102,16,1,38,59,9,0,261,406,15,0,821,701,28,0,36,46,7,0,8.7,9.67,3,0,31.80,57.92,53.58,0,41,31,1,0,1,5,0,0,6,10,1,0,0,0,0,0,0,0,0,0,0,0,0,0,6135,2885,242,80,2.82,5374,3575,75,100,3.99,369,378,4,13,6.15,18,33,0,0,11
484,Trevor Garwe,Zimbabwe,39,Bowler ,Left Handed Bat ,Right-arm fast-medium,0,1,0,0,0,0,0,0,0,0,0,0,0,0,0,0,0,0,0,0,0,0,0,0,0,0,0,0,0,0,0,0,0,0,0,0,0,0,0,0,0,0,0,0,0,0,0,0,0,0,0,0,0,0,0,0,0,36,50,0,1,8.33,0,0,0,0,0,0,0,0,0,0
485,Ashley Noffke,Australia,49,Bowler ,Right Handed Bat ,Right-arm fast-medium,0,1,2,1,0,0,1,1,0,0,0,9,0,0,0,10,0,0,0,9,0,0,0,9,0,0,0,90.00,0,0,0,1,0,0,0,0,0,0,1,0,0,0,0,0,0,0,0,0,0,0,0,0,0,0,0,0,0,54,46,0,1,5.11,45,41,1,4,5.47,24,40,0,1,10
486,Luke Pomersbach,Australia,41,Batsman ,Left Handed Bat ,Right-arm offbreak,0,0,1,17,0,0,1,16,0,0,15,302,0,0,7,246,0,0,15,79,0,0,15,27.45,0,0,214.29,122.77,0,0,1,25,0,0,1,13,0,0,0,0,0,0,0,1,0,0,0,0,0,0,0,0,0,0,0,0,0,0,0,0,0,0,0,0,0,0,0,0,0,0,0,0
487,Chris Rogers,Australia,48,Batsman ,Left Handed Bat ,Right-arm legbreak,25,0,0,0,48,0,0,0,2015,0,0,0,3982,0,0,0,173,0,0,0,41.98,0,0,0,50.61,0,0,0,268,0,0,0,1,0,0,0,1,0,0,0,14,0,0,0,5,0,0,0,0,0,0,0,0,0,0,0,0,0,0,0,0,0,0,0,0,0,0,0,0,0,0,0
488,Khurram Manzoor,Pakistan,39,Batsman ,Right Handed Bat ,Right-arm offbreak,16,7,3,0,30,7,3,0,817,236,11,0,1827,375,27,0,146,83,10,0,28.17,33.71,3.67,0,44.72,62.94,40.75,0,100,21,1,0,1,0,0,0,3,1,1,0,7,3,0,0,1,0,0,0,0,0,0,0,0,0,0,0,0,0,0,0,0,0,0,0,0,0,0,0,0,0,0,0
489,Mansoor Amjad,Pakistan,38,Bowling Allrounder ,Right Handed Bat ,Right-arm legbreak,0,1,1,0,0,1,0,0,0,5,0,0,0,10,0,0,0,5,0,0,0,5,0,0,0,50.00,0,0,0,0,0,0,0,0,0,0,0,0,0,0,0,0,0,0,0,0,0,0,0,0,0,0,0,0,0,0,0,48,44,1,1,5.5,6,3,0,3,3,0,0,0,0,0
490,Abdur Rauf,Pakistan,47,Batsman ,Right Handed Bat ,Right-arm fast-medium,3,4,1,0,6,0,0,0,52,0,0,0,168,0,0,0,31,0,0,0,8.67,0,0,0,30.96,0,0,0,4,0,0,0,0,0,0,0,2,0,0,0,0,0,0,0,0,0,0,0,0,0,0,0,450,278,11,6,3.71,214,212,1,8,5.94,18,21,0,0,7,0,0,0,0,0
491,Wahab Riaz,Pakistan,40,Bowler ,Right Handed Bat ,Left-arm fast,27,91,36,0,41,66,18,0,306,740,154,0,727,849,123,0,39,54,30,0,8.5,14.51,12.83,0,42.10,87.17,125.21,0,32,55,10,0,5,30,7,0,9,12,2,0,0,3,0,0,0,0,0,0,0,0,0,0,5018,2864,118,83,3.42,4327,4117,20,120,5.71,710,971,2,34,8.21,0,0,0,0,0
492,Anwar Ali,Pakistan,38,Bowler ,Right Handed Bat ,Right-arm fast-medium,0,22,16,0,0,16,11,0,0,321,109,0,0,367,77,0,0,43,46,0,0,29.18,15.57,0,0,87.47,141.56,0,0,29,6,0,0,7,6,0,0,0,0,0,0,0,0,0,0,0,0,0,0,0,0,0,0,0,0,0,0,927,944,1,18,6.11,265,367,0,10,8.31,0,0,0,0,0
493,Saeed Ajmal,Pakistan,48,Bowler ,Right Handed Bat ,Right-arm offbreak,35,113,64,0,53,70,23,0,451,324,91,0,1082,536,86,0,50,33,21,0,11,7.04,8.27,0,41.69,60.45,105.82,0,44,25,7,0,4,0,2,0,9,11,3,0,1,0,0,0,0,0,0,0,0,0,0,0,11592,5003,386,178,2.59,6000,4180,50,184,4.18,1430,1516,2,85,6.36,0,0,0,0,0
494,Kamran Hussain,Pakistan,49,Bowling Allrounder ,Right Handed Bat ,Left-arm fast-medium,0,2,0,0,0,1,0,0,0,28,0,0,0,21,0,0,0,28,0,0,0,0,0,0,0,133.34,0,0,0,2,0,0,0,0,0,0,0,0,0,0,0,0,0,0,0,0,0,0,0,0,0,0,0,0,0,0,0,102,67,0,3,3.94,0,0,0,0,0,0,0,0,0,0
495,Nasir Jamshed,Pakistan,36,Batsman ,Left Handed Bat,,2,48,18,0,4,48,18,0,51,1418,363,0,107,1881,320,0,46,112,56,0,12.75,30.83,21.35,0,47.67,75.39,113.44,0,8,150,34,0,0,19,12,0,1,5,1,0,0,8,2,0,0,3,0,0,0,0,0,0,0,0,0,0,0,0,0,0,0,0,0,0,0,0,0,0,0,0,0,0
496,Chanaka Welegedara,Sri Lanka,45,Bowling Allrounder ,Right Handed Bat ,Left-arm fast-medium,21,10,2,0,30,3,1,0,218,4,2,0,423,9,3,0,48,2,2,0,9.08,4,0,0,51.54,44.45,66.67,0,30,0,0,0,4,0,0,0,4,0,0,0,0,0,0,0,0,0,0,0,0,0,0,0,3799,2273,115,55,3.59,457,433,5,15,5.68,36,61,0,1,10.17,0,0,0,0,0
497,Tim Southee,New Zealand,37,Bowler ,Right Handed Bat ,Right-arm fast-medium,107,161,126,54,155,96,50,20,2245,742,303,120,2715,771,218,107,77,55,39,36,15.48,12.16,11.22,9.23,82.69,96.24,139.00,112.15,215,59,20,8,98,26,18,4,21,13,6,3,7,1,0,0,0,0,0,0,0,0,0,0,23490,11832,888,391,3.02,8075,7447,80,221,5.53,2753,3671,7,164,8,1206,1742,2,47,8.67
498,Paul Hitchcock,New Zealand,51,Bowler ,Right Handed Bat ,Right-arm medium,0,14,1,0,0,7,1,0,0,41,13,0,0,61,11,0,0,11,13,0,0,10.25,13,0,0,67.22,118.19,0,0,3,1,0,0,1,1,0,0,1,0,0,0,0,0,0,0,0,0,0,0,0,0,0,0,0,0,0,0,558,468,5,12,5.03,18,43,0,2,14.33,0,0,0,0,0
499,James Tredwell,England,44,Bowler ,Left Handed Bat ,Right-arm offbreak,2,45,17,0,2,25,6,0,45,163,32,0,87,242,20,0,37,30,22,0,22.5,11.64,10.67,0,51.73,67.36,160.00,0,6,9,4,0,0,4,1,0,0,3,1,0,0,0,0,0,0,0,0,0,0,0,0,0,786,321,39,11,2.45,2104,1666,18,60,4.75,317,416,0,7,7.87,0,0,0,0,0
500,Tim Ambrose,England,43,WK-Batsman ,Right Handed Bat,,11,5,1,0,16,5,0,0,447,10,0,0,963,34,0,0,102,6,0,0,29.8,2.5,0,0,46.42,29.42,0,0,55,0,0,0,4,0,0,0,2,1,0,0,3,0,0,0,1,0,0,0,0,0,0,0,0,0,0,0,0,0,0,0,0,0,0,0,0,0,0,0,0,0,0,0
501,Daniel Flynn,New Zealand,41,Batsman ,Left Handed Bat,,24,20,5,0,45,17,5,0,1038,228,59,0,2580,360,51,0,95,35,23,0,25.32,15.2,11.8,0,40.24,63.34,115.69,0,135,23,1,0,4,2,4,0,8,3,0,0,6,0,0,0,0,0,0,0,0,0,0,0,6,0,1,0,0,24,25,0,0,6.25,6,7,0,0,7,0,0,0,0,0
502,Neil McKenzie,South Africa,50,Batsman ,Right Handed Bat ,Right-arm medium,58,64,2,0,94,55,1,0,3253,1688,7,0,7744,2432,8,0,226,131,7,0,37.39,37.51,0,0,42.01,69.41,87.50,0,409,142,0,0,22,8,0,0,9,2,0,0,16,10,0,0,5,2,0,0,1,0,0,0,90,68,0,0,4.53,46,27,0,0,3.52,0,0,0,0,0,0,0,0,0,0
503,Sajedul Islam,Bangladesh,38,Batting Allrounder ,Left Handed Bat ,Left-arm medium,3,0,1,0,6,0,0,0,18,0,0,0,47,0,0,0,6,0,0,0,3,0,0,0,38.30,0,0,0,2,0,0,0,0,0,0,0,1,0,0,0,0,0,0,0,0,0,0,0,0,0,0,0,330,232,10,3,4.22,0,0,0,0,0,6,15,0,0,15,0,0,0,0,0
504,Grant Elliott,New Zealand,47,Batsman ,Right Handed Bat ,Right-arm fast-medium,5,83,17,0,9,69,15,0,86,1976,171,0,322,2416,157,0,25,115,27,0,10.75,34.07,15.55,0,26.71,81.79,108.92,0,3,151,12,0,0,28,2,0,1,6,0,0,0,11,0,0,0,2,0,0,0,0,0,0,282,140,9,4,2.98,1302,1179,8,39,5.43,192,235,0,14,7.34,0,0,0,0,0
505,Matthew Bell,New Zealand,49,Batsman ,Right Handed Bat ,Right-arm offbreak,18,7,0,0,32,7,0,0,729,133,0,0,1928,268,0,0,107,66,0,0,24.3,19,0,0,37.82,49.63,0,0,100,10,0,0,0,0,0,0,7,0,0,0,3,1,0,0,2,0,0,0,0,0,0,0,0,0,0,0,0,0,0,0,0,0,0,0,0,0,0,0,0,0,0,0
506,Dhiman Ghosh,Bangladesh,38,WK-Batsman ,Right Handed Bat,,0,14,1,0,0,12,1,0,0,126,1,0,0,201,2,0,0,30,1,0,0,14,1,0,0,62.69,50.00,0,0,9,0,0,0,1,0,0,0,3,0,0,0,0,0,0,0,0,0,0,0,0,0,0,0,0,0,0,0,0,0,0,0,0,0,0,0,0,0,0,0,0,0,0
507,Phil Eaglestone,Ireland,43,Bowler ,Left Handed Bat ,Left-arm medium,0,1,1,0,0,1,0,0,0,4,0,0,0,3,0,0,0,4,0,0,0,4,0,0,0,133.34,0,0,0,1,0,0,0,0,0,0,0,0,0,0,0,0,0,0,0,0,0,0,0,0,0,0,0,0,0,0,0,42,60,0,1,8.57,12,16,0,0,8,0,0,0,0,0
508,Paul Stirling,Ireland,35,Batting Allrounder ,Right Handed Bat ,Right-arm offbreak,10,169,163,0,20,162,160,0,521,6005,3895,0,840,6865,2899,0,103,177,115,0,26.05,37.77,25.97,0,62.03,87.48,134.36,0,69,643,449,0,7,149,142,0,1,13,14,0,2,32,24,0,1,14,1,0,0,0,0,0,12,11,0,0,5.5,2441,1942,8,43,4.77,522,647,1,20,7.44,0,0,0,0,0
509,Reinhardt Strydom,Ireland,48,Bowler ,Left Handed Bat ,Left-arm fast-medium,0,9,4,0,0,6,2,0,0,83,6,0,0,155,7,0,0,37,5,0,0,13.83,6,0,0,53.55,85.72,0,0,8,0,0,0,1,0,0,0,0,0,0,0,0,0,0,0,0,0,0,0,0,0,0,0,0,0,0,0,48,63,0,1,7.88,0,0,0,0,0,0,0,0,0,0
510,Greg Thompson,Ireland,38,Bowler ,Right Handed Bat ,Right-arm legbreak,0,3,10,0,0,2,8,0,0,2,107,0,0,21,108,0,0,2,44,0,0,1,15.29,0,0,9.53,99.08,0,0,0,14,0,0,0,1,0,0,1,2,0,0,0,0,0,0,0,0,0,0,0,0,0,0,0,0,0,0,72,73,0,1,6.08,0,0,0,0,0,0,0,0,0,0
511,Sulieman Benn,West Indies,44,Bowler ,Left Handed Bat ,Left-arm orthodox,26,47,24,0,39,30,7,0,486,182,37,0,802,240,42,0,42,31,13,0,14.29,7.91,12.33,0,60.60,75.84,88.10,0,58,19,5,0,13,3,1,0,7,5,1,0,0,0,0,0,0,0,0,0,0,0,0,0,7322,3402,232,87,2.79,2387,1913,15,39,4.81,504,606,3,18,7.21,0,0,0,0,0
512,Amit Jaggernauth,West Indies,42,Bowler ,Left Handed Bat ,Right-arm offbreak,1,0,0,0,2,0,0,0,0,0,0,0,8,0,0,0,0,0,0,0,0,0,0,0,0.00,0,0,0,0,0,0,0,0,0,0,0,1,0,0,0,0,0,0,0,0,0,0,0,0,0,0,0,138,96,0,1,4.17,0,0,0,0,0,0,0,0,0,0,0,0,0,0,0
513,Thilan Thushara,Sri Lanka,45,Bowler ,Left Handed Bat ,Left-arm fast-medium,10,38,6,6,14,27,2,4,94,392,4,12,201,424,8,18,15,54,3,8,8.55,18.67,2,6,46.77,92.46,50.00,66.67,13,32,0,0,0,9,0,0,3,4,0,0,0,1,0,0,0,0,0,0,0,0,0,0,1668,1040,35,28,3.74,1676,1393,17,50,4.99,132,179,0,7,8.14,135,161,0,8,7.16
514,Sohail Khan,Pakistan,42,Bowler ,Right Handed Bat ,Right-arm fast-medium,9,13,5,0,12,6,1,0,252,25,1,0,328,51,1,0,65,7,1,0,25.2,5,0,0,76.83,49.02,100.00,0,34,2,0,0,8,0,0,0,0,0,0,0,1,0,0,0,0,0,0,0,0,0,0,0,1828,1125,55,27,3.69,666,597,4,19,5.38,90,123,0,5,8.2,0,0,0,0,0
515,Mahmudullah,Bangladesh,40,Batting Allrounder ,Right Handed Bat ,Right-arm offbreak,50,239,141,0,94,209,130,0,2914,5689,2443,0,5456,7330,2083,0,150,128,64,0,33.11,36.47,23.49,0,53.41,77.62,117.29,0,338,426,184,0,24,107,77,0,11,10,5,0,16,32,8,0,5,4,0,0,0,0,0,0,3423,1958,56,43,3.43,4380,3810,14,82,5.22,950,1135,2,41,7.17,0,0,0,0,0
516,Naumanullah,Pakistan,51,Batsman ,Right Handed Bat ,Right-arm offbreak,0,1,0,0,0,1,0,0,0,5,0,0,0,4,0,0,0,5,0,0,0,5,0,0,0,125.00,0,0,0,1,0,0,0,0,0,0,0,0,0,0,0,0,0,0,0,0,0,0,0,0,0,0,0,0,0,0,0,0,0,0,0,0,0,0,0,0,0,0,0,0,0,0
517,Aaron Redmond,New Zealand,46,Batting Allrounder ,Right Handed Bat ,Right-arm legbreak,8,6,7,0,16,6,6,0,325,152,126,0,833,259,84,0,83,52,63,0,21.67,25.33,21,0,39.02,58.69,150.00,0,46,19,19,0,2,0,2,0,1,0,0,0,2,1,1,0,0,0,0,0,0,0,0,0,105,80,3,3,4.57,0,0,0,0,0,17,24,0,2,8.47,0,0,0,0,0
518,Beau Casson,Australia,43,Bowler ,Right Handed Bat ,Left-arm wrist-spin,1,0,0,0,1,0,0,0,10,0,0,0,44,0,0,0,10,0,0,0,10,0,0,0,22.73,0,0,0,1,0,0,0,0,0,0,0,0,0,0,0,0,0,0,0,0,0,0,0,0,0,0,0,192,129,4,3,4.03,0,0,0,0,0,0,0,0,0,0,0,0,0,0,0
519,Pragyan Ojha,India,39,Bowler ,Left Handed Bat ,Left-arm orthodox,24,18,6,92,27,10,1,23,89,46,10,16,493,112,6,45,18,16,10,3,8.9,23,0,1.33,18.06,41.08,166.67,35.56,7,3,0,0,0,0,1,0,4,0,0,6,0,0,0,0,0,0,0,0,0,0,0,0,7633,3420,287,113,2.69,876,652,5,21,4.47,126,132,0,10,6.29,1899,2332,1,89,7.37
520,Dolar Mahmud,Bangladesh,37,Batting Allrounder ,Right Handed Bat ,Right-arm fast-medium,0,7,0,0,0,4,0,0,0,61,0,0,0,44,0,0,0,41,0,0,0,15.25,0,0,0,138.64,0,0,0,5,0,0,0,4,0,0,0,2,0,0,0,0,0,0,0,0,0,0,0,0,0,0,0,0,0,0,0,210,258,1,8,7.37,0,0,0,0,0,0,0,0,0,0
521,Manpreet Gony,India,42,Bowler ,Right Handed Bat ,Right-arm fast-medium,0,2,0,44,0,0,0,17,0,0,0,99,0,0,0,71,0,0,0,42,0,0,0,9.9,0,0,0,139.44,0,0,0,6,0,0,0,8,0,0,0,3,0,0,0,0,0,0,0,0,0,0,0,0,0,0,0,0,0,78,76,1,2,5.85,0,0,0,0,0,888,1287,3,37,8.7
522,Kemar Roach,West Indies,37,Bowler ,Right Handed Bat ,Right-arm fast,88,95,11,2,142,60,1,1,1363,308,3,10,3742,594,2,9,58,34,3,10,12.28,12.83,0,10,36.43,51.86,150.00,111.12,161,24,0,1,16,6,0,0,22,9,0,0,1,0,0,0,0,0,0,0,0,0,0,0,15406,7968,560,294,3.1,4579,3887,53,125,5.09,234,284,1,10,7.28,48,80,0,0,10
523,Saqib Ali,United Arab Emirates,48,Batsman ,Right Handed Bat,,0,5,0,0,0,5,0,0,0,84,0,0,0,129,0,0,0,25,0,0,0,21,0,0,0,65.12,0,0,0,9,0,0,0,0,0,0,0,0,0,0,0,0,0,0,0,0,0,0,0,0,0,0,0,0,0,0,0,60,57,0,1,5.7,0,0,0,0,0,0,0,0,0,0
524,Fahad Alhashmi,United Arab Emirates,43,Bowler ,Right Handed Bat ,Right-arm medium,0,5,0,0,0,3,0,0,0,0,0,0,0,7,0,0,0,0,0,0,0,0,0,0,0,0.00,0,0,0,0,0,0,0,0,0,0,0,3,0,0,0,0,0,0,0,0,0,0,0,0,0,0,0,0,0,0,0,224,202,2,6,5.41,0,0,0,0,0,0,0,0,0,0
525,Alawi Shukri,United Arab Emirates,36,Batsman ,Right Handed Bat,,0,1,0,0,0,1,0,0,0,1,0,0,0,3,0,0,0,1,0,0,0,1,0,0,0,33.34,0,0,0,0,0,0,0,0,0,0,0,0,0,0,0,0,0,0,0,0,0,0,0,0,0,0,0,0,0,0,0,0,0,0,0,0,0,0,0,0,0,0,0,0,0,0
526,Aman Ali,United Arab Emirates,36,Batsman ,Right Handed Bat,,0,1,0,0,0,1,0,0,0,0,0,0,0,2,0,0,0,0,0,0,0,0,0,0,0,0.00,0,0,0,0,0,0,0,0,0,0,0,1,0,0,0,0,0,0,0,0,0,0,0,0,0,0,0,0,0,0,0,12,22,0,0,11,0,0,0,0,0,0,0,0,0,0
527,Amjad Ali,United Arab Emirates,46,WK-Batsman ,Left Handed Bat,,0,17,5,0,0,17,5,0,0,520,42,0,0,680,52,0,0,98,20,0,0,30.59,10.5,0,0,76.48,80.77,0,0,71,6,0,0,2,0,0,0,0,0,0,0,3,0,0,0,0,0,0,0,0,0,0,0,0,0,0,0,0,0,0,0,0,0,0,0,0,0,0,0,0,0,0
528,Amjad Javed,United Arab Emirates,45,Bowling Allrounder ,Right Handed Bat ,Right-arm medium,0,16,21,0,0,13,19,0,0,240,271,0,0,267,242,0,0,56,76,0,0,20,18.07,0,0,89.89,111.99,0,0,27,17,0,0,9,15,0,0,1,1,0,0,1,1,0,0,0,0,0,0,0,0,0,0,0,0,0,0,642,646,4,12,6.04,422,522,1,30,7.42,0,0,0,0,0
529,Indika Batuwitarachchi,United Arab Emirates,51,Batsman ,Right Handed Bat,,0,2,0,0,0,2,0,0,0,14,0,0,0,48,0,0,0,14,0,0,0,7,0,0,0,29.17,0,0,0,0,0,0,0,0,0,0,0,1,0,0,0,0,0,0,0,0,0,0,0,0,0,0,0,0,0,0,0,0,0,0,0,0,0,0,0,0,0,0,0,0,0,0
530,Nizel Fernandes,United Arab Emirates,49,Batsman ,Left Handed Bat ,Left-arm orthodox,0,1,0,0,0,1,0,0,0,5,0,0,0,13,0,0,0,5,0,0,0,5,0,0,0,38.47,0,0,0,0,0,0,0,0,0,0,0,0,0,0,0,0,0,0,0,0,0,0,0,0,0,0,0,0,0,0,0,0,0,0,0,0,0,0,0,0,0,0,0,0,0,0
531,Vikrant Shetty,United Arab Emirates,42,Batsman ,Right Handed Bat ,Right-arm offbreak,0,2,2,0,0,2,2,0,0,16,11,0,0,29,13,0,0,9,10,0,0,8,11,0,0,55.18,84.62,0,0,1,1,0,0,0,0,0,0,0,0,0,0,0,0,0,0,0,0,0,0,0,0,0,0,0,0,0,0,0,0,0,0,0,0,0,0,0,0,0,0,0,0,0
532,Shadeep Silva,United Arab Emirates,47,Bowling Allrounder ,Left Handed Bat ,Left-arm orthodox,0,1,2,0,0,1,2,0,0,7,16,0,0,13,22,0,0,7,13,0,0,7,16,0,0,53.85,72.73,0,0,0,1,0,0,0,0,0,0,0,0,0,0,0,0,0,0,0,0,0,0,0,0,0,0,0,0,0,0,42,33,0,0,4.71,42,58,0,2,8.29,0,0,0,0,0
533,Zahid Shah,United Arab Emirates,45,Bowler ,Right Handed Bat,,0,2,0,0,0,2,0,0,0,11,0,0,0,20,0,0,0,6,0,0,0,0,0,0,0,55.00,0,0,0,2,0,0,0,0,0,0,0,0,0,0,0,0,0,0,0,0,0,0,0,0,0,0,0,0,0,0,0,120,98,1,6,4.9,0,0,0,0,0,0,0,0,0,0
534,Tabarak Dar,"Hong Kong, China",50,Batsman ,Right Handed Bat,,0,4,0,0,0,4,0,0,0,101,0,0,0,175,0,0,0,36,0,0,0,25.25,0,0,0,57.72,0,0,0,13,0,0,0,0,0,0,0,0,0,0,0,0,0,0,0,0,0,0,0,0,0,0,0,0,0,0,0,0,0,0,0,0,0,0,0,0,0,0,0,0,0,0
535,Afzaal Haider,"Hong Kong, China",54,Bowler ,Right Handed Bat,,0,4,0,0,0,4,0,0,0,22,0,0,0,52,0,0,0,22,0,0,0,7.33,0,0,0,42.31,0,0,0,4,0,0,0,0,0,0,0,2,0,0,0,0,0,0,0,0,0,0,0,0,0,0,0,0,0,0,0,180,227,1,4,7.57,0,0,0,0,0,0,0,0,0,0
536,Jamie Atkinson,"Hong Kong, China",35,WK-Batsman ,Right Handed Bat,,0,9,29,0,0,9,27,0,0,251,448,0,0,399,391,0,0,60,68,0,0,27.89,19.48,0,0,62.91,114.58,0,0,24,46,0,0,6,14,0,0,0,5,0,0,1,3,0,0,0,0,0,0,0,0,0,0,0,0,0,0,0,0,0,0,0,0,0,0,0,0,0,0,0,0,0
537,Hussain Butt,"Hong Kong, China",48,Batting Allrounder ,Right Handed Bat ,Right-arm fast-medium,0,2,0,0,0,2,0,0,0,8,0,0,0,28,0,0,0,4,0,0,0,4,0,0,0,28.58,0,0,0,0,0,0,0,0,0,0,0,0,0,0,0,0,0,0,0,0,0,0,0,0,0,0,0,0,0,0,0,0,0,0,0,0,0,0,0,0,0,0,0,0,0,0
538,Irfan Ahmed,"Hong Kong, China",36,Batting Allrounder ,Right Handed Bat ,Right-arm fast-medium,0,6,8,0,0,6,8,0,0,99,76,0,0,125,83,0,0,37,34,0,0,16.5,9.5,0,0,79.20,91.57,0,0,14,4,0,0,3,6,0,0,1,2,0,0,0,0,0,0,0,0,0,0,0,0,0,0,0,0,0,0,290,300,1,8,6.21,162,190,0,11,7.04,0,0,0,0,0
539,Courtney Kruger,"Hong Kong, China",38,Batsman ,Right Handed Bat,,0,2,0,0,0,2,0,0,0,3,0,0,0,20,0,0,0,3,0,0,0,1.5,0,0,0,15.00,0,0,0,0,0,0,0,0,0,0,0,1,0,0,0,0,0,0,0,0,0,0,0,0,0,0,0,0,0,0,0,0,0,0,0,0,0,0,0,0,0,0,0,0,0,0
540,Roy Lamsam,"Hong Kong, China",46,Batting Allrounder ,Right Handed Bat ,Right-arm medium,0,2,0,0,0,2,0,0,0,24,0,0,0,47,0,0,0,16,0,0,0,12,0,0,0,51.07,0,0,0,4,0,0,0,0,0,0,0,0,0,0,0,0,0,0,0,0,0,0,0,0,0,0,0,0,0,0,0,36,47,0,0,7.83,0,0,0,0,0,0,0,0,0,0
541,Munir Dar,"Hong Kong, China",52,Batting Allrounder ,Right Handed Bat,,0,2,2,0,0,2,2,0,0,18,39,0,0,16,33,0,0,14,36,0,0,9,19.5,0,0,112.50,118.19,0,0,4,3,0,0,0,1,0,0,0,0,0,0,0,0,0,0,0,0,0,0,0,0,0,0,0,0,0,0,108,89,1,0,4.94,0,0,0,0,0,0,0,0,0,0
542,Nadeem Ahmed,"Hong Kong, China",38,Bowler ,Right Handed Bat ,Left-arm orthodox,0,25,24,0,0,16,9,0,0,67,34,0,0,151,55,0,0,14,10,0,0,5.58,6.8,0,0,44.38,61.82,0,0,5,2,0,0,0,0,0,0,1,1,0,0,0,0,0,0,0,0,0,0,0,0,0,0,0,0,0,0,1327,931,17,38,4.21,495,546,3,25,6.62,0,0,0,0,0
543,Najeeb Amar,"Hong Kong, China",54,Batting Allrounder ,Right Handed Bat,,0,4,1,0,0,4,1,0,0,38,2,0,0,64,9,0,0,21,2,0,0,12.67,2,0,0,59.38,22.23,0,0,6,0,0,0,0,0,0,0,1,0,0,0,0,0,0,0,0,0,0,0,0,0,0,0,0,0,0,0,240,172,3,3,4.3,18,29,0,1,9.67,0,0,0,0,0
544,Skhawat Ali,"Hong Kong, China",41,Batsman ,Right Handed Bat ,Right-arm offbreak,0,4,0,0,0,4,0,0,0,46,0,0,0,109,0,0,0,28,0,0,0,11.5,0,0,0,42.21,0,0,0,7,0,0,0,0,0,0,0,1,0,0,0,0,0,0,0,0,0,0,0,0,0,0,0,0,0,0,0,48,68,0,0,8.5,0,0,0,0,0,0,0,0,0,0
545,Zain Abbas,"Hong Kong, China",40,Batting Allrounder ,Right Handed Bat,,0,1,0,0,0,1,0,0,0,26,0,0,0,54,0,0,0,26,0,0,0,26,0,0,0,48.15,0,0,0,2,0,0,0,0,0,0,0,0,0,0,0,0,0,0,0,0,0,0,0,0,0,0,0,0,0,0,0,36,56,0,1,9.33,0,0,0,0,0,0,0,0,0,0
546,Ajantha Mendis,Sri Lanka,41,Bowler ,Right Handed Bat ,Right-arm offbreak,19,87,39,10,19,42,8,3,213,188,8,3,455,263,22,6,78,21,4,2,16.38,8.17,2.67,1.5,46.82,71.49,36.37,50.00,25,16,1,0,1,2,0,0,2,10,0,1,1,0,0,0,0,0,0,0,0,0,0,0,4730,2434,118,70,3.09,4154,3324,34,152,4.8,885,952,5,66,6.45,240,285,0,8,7.13
547,Mahela Udawatte,Sri Lanka,39,Batting Allrounder ,Left Handed Bat ,Right-arm offbreak,2,9,8,0,4,9,8,0,23,257,96,0,72,383,86,0,19,73,25,0,5.75,28.56,12,0,31.95,67.11,111.63,0,2,25,10,0,0,3,2,0,2,1,2,0,0,2,0,0,0,0,0,0,0,0,0,0,0,0,0,0,0,0,0,0,0,0,0,0,0,0,0,0,0,0,0,0
548,Kaushalya Weeraratne,Sri Lanka,45,Batting Allrounder ,Left Handed Bat ,Right-arm fast-medium,0,15,5,0,0,9,5,0,0,160,49,0,0,177,45,0,0,41,20,0,0,20,16.33,0,0,90.40,108.89,0,0,10,4,0,0,3,1,0,0,0,0,0,0,0,0,0,0,0,0,0,0,0,0,0,0,0,0,0,0,480,385,6,6,4.81,90,126,0,4,8.4,0,0,0,0,0
549,Mosharraf Hossain,Bangladesh,44,Bowler ,Left Handed Bat ,Left-arm orthodox,0,5,0,0,0,5,0,0,0,26,0,0,0,75,0,0,0,8,0,0,0,6.5,0,0,0,34.67,0,0,0,0,0,0,0,0,0,0,0,0,0,0,0,0,0,0,0,0,0,0,0,0,0,0,0,0,0,0,0,198,147,1,4,4.45,0,0,0,0,0,0,0,0,0,0
550,Andre Fletcher,West Indies,38,WK-Batsman ,Right Handed Bat,,0,25,60,0,0,25,57,0,0,354,984,0,0,549,892,0,0,54,84,0,0,14.16,19.68,0,0,64.49,110.32,0,0,42,67,0,0,7,53,0,0,3,9,0,0,2,6,0,0,0,0,0,0,0,0,0,0,0,0,0,0,28,26,0,0,5.57,0,0,0,0,0,0,0,0,0,0
551,William Perkins,West Indies,39,WK-Batsman ,Right Handed Bat,,0,0,1,0,0,0,1,0,0,0,9,0,0,0,11,0,0,0,9,0,0,0,9,0,0,0,81.82,0,0,0,1,0,0,0,0,0,0,0,0,0,0,0,0,0,0,0,0,0,0,0,0,0,0,0,0,0,0,0,0,0,0,0,0,0,0,0,0,0,0,0,0,0
552,Luke Ronchi,New Zealand,45,WK-Batsman ,Right Handed Bat,,4,85,33,5,8,68,26,5,319,1397,359,34,432,1220,256,34,88,170,51,13,39.88,23.68,17.95,6.8,73.85,114.51,140.24,100.00,41,149,30,6,6,43,14,1,1,7,5,1,2,4,1,0,0,1,0,0,0,0,0,0,0,0,0,0,0,0,0,0,0,0,0,0,0,0,0,0,0,0,0,0
553,Patrick Anderson,West Indies,44,WK-Batsman ,Right Handed Bat,,0,5,0,0,0,5,0,0,0,134,0,0,0,179,0,0,0,49,0,0,0,33.5,0,0,0,74.87,0,0,0,7,0,0,0,6,0,0,0,0,0,0,0,0,0,0,0,0,0,0,0,0,0,0,0,0,0,0,0,0,0,0,0,0,0,0,0,0,0,0,0,0,0,0
554,Richie Berrington,Scotland,39,Batting Allrounder ,Right Handed Bat ,Right-arm fast-medium,0,139,107,0,0,131,99,0,0,3693,2503,0,0,4865,1890,0,0,127,100,0,0,32.39,30.9,0,0,75.91,132.44,0,0,256,206,0,0,86,91,0,0,8,10,0,0,21,10,0,0,6,1,0,0,0,0,0,0,0,0,0,0,1550,1345,8,34,5.21,518,660,0,28,7.64,0,0,0,0,0
555,Gordon Goudie,Scotland,38,Bowling Allrounder ,Right Handed Bat ,Right-arm fast-medium,0,16,9,0,0,11,6,0,0,81,25,0,0,100,20,0,0,24,9,0,0,10.13,6.25,0,0,81.00,125.00,0,0,6,2,0,0,5,1,0,0,2,0,0,0,0,0,0,0,0,0,0,0,0,0,0,0,0,0,0,0,729,621,9,23,5.11,149,225,0,7,9.06,0,0,0,0,0
556,Peter Connell,Ireland,44,Bowler ,Right Handed Bat ,Right-arm fast-medium,0,13,9,0,0,5,3,0,0,40,4,0,0,73,7,0,0,22,3,0,0,20,4,0,0,54.80,57.15,0,0,6,0,0,0,1,0,0,0,1,1,0,0,0,0,0,0,0,0,0,0,0,0,0,0,0,0,0,0,564,518,5,13,5.51,153,156,1,10,6.12,0,0,0,0,0
557,Chris Dougherty,Ireland,38,Bowler ,Right Handed Bat,,,,,,,,,,,,,,,,,,,,,,,,,,,,,,,,,,,,,,,,,,,,,,,,,,,,,,,,,,,,,,,,,,,,,,,,,
558,Andrew Poynter,Ireland,39,Batsman ,Right Handed Bat ,Right-arm offbreak,0,19,17,0,0,16,13,0,0,255,214,0,0,411,178,0,0,78,57,0,0,19.62,21.4,0,0,62.05,120.23,0,0,18,21,0,0,6,8,0,0,3,1,0,0,2,1,0,0,0,0,0,0,0,0,0,0,0,0,0,0,0,0,0,0,0,0,0,0,0,0,0,0,0,0,0
559,Ryan Haire,Ireland,45,Batsman ,Left Handed Bat ,Right-arm legbreak,0,2,0,0,0,2,0,0,0,56,0,0,0,72,0,0,0,54,0,0,0,28,0,0,0,77.78,0,0,0,7,0,0,0,1,0,0,0,0,0,0,0,1,0,0,0,0,0,0,0,0,0,0,0,0,0,0,0,0,0,0,0,0,0,0,0,0,0,0,0,0,0,0
560,Nikita Miller,West Indies,44,Bowler ,Right Handed Bat ,Left-arm orthodox,1,50,9,0,2,27,5,0,5,284,43,0,57,359,47,0,5,51,15,0,2.5,20.29,43,0,8.78,79.11,91.49,0,0,23,2,0,0,4,0,0,1,4,0,0,0,1,0,0,0,0,0,0,0,0,0,0,132,67,5,0,3.05,2125,1660,16,45,4.69,190,224,0,11,7.07,0,0,0,0,0
561,Shawn Findlay,West Indies,42,Bowler ,Left Handed Bat ,Right-arm medium,0,9,2,0,0,8,2,0,0,146,32,0,0,194,31,0,0,59,19,0,0,20.86,16,0,0,75.26,103.23,0,0,14,4,0,0,5,0,0,0,0,0,0,0,1,0,0,0,0,0,0,0,0,0,0,0,0,0,0,0,0,0,0,0,0,0,0,0,0,0,0,0,0,0,0
562,Darren Pattinson,England,46,Batsman ,Right Handed Bat ,Right-arm fast-medium,1,0,0,0,2,0,0,0,21,0,0,0,50,0,0,0,13,0,0,0,10.5,0,0,0,42.00,0,0,0,3,0,0,0,0,0,0,0,0,0,0,0,0,0,0,0,0,0,0,0,0,0,0,0,181,96,2,2,3.18,0,0,0,0,0,0,0,0,0,0,0,0,0,0,0
563,Jeroen Brand,Netherlands,43,Bowler ,Right Handed Bat,,,,,,,,,,,,,,,,,,,,,,,,,,,,,,,,,,,,,,,,,,,,,,,,,,,,,,,,,,,,,,,,,,,,,,,,,
564,Mudassar Bukhari,Netherlands,42,Bowler ,Right Handed Bat ,Right-arm fast-medium,0,46,36,0,0,34,26,0,0,516,157,0,0,672,152,0,0,71,28,0,0,17.2,8.72,0,0,76.79,103.29,0,0,38,10,0,0,19,4,0,0,4,1,0,0,2,0,0,0,0,0,0,0,0,0,0,0,0,0,0,0,2036,1601,31,57,4.72,704,781,4,43,6.66,0,0,0,0,0
565,Tom de,Netherlands,47,Batsman ,Right Handed Bat ,Right-arm offbreak,0,34,14,0,0,32,12,0,0,480,161,0,0,774,152,0,0,97,49,0,0,16.55,20.13,0,0,62.02,105.93,0,0,46,16,0,0,2,1,0,0,1,0,0,0,1,0,0,0,0,0,0,0,0,0,0,0,0,0,0,0,6,2,0,1,2,0,0,0,0,0,0,0,0,0,0
566,Geert,Netherlands,42,Bowler ,Right Handed Bat ,Right-arm medium,0,6,1,0,0,4,0,0,0,25,0,0,0,54,0,0,0,14,0,0,0,12.5,0,0,0,46.30,0,0,0,4,0,0,0,0,0,0,0,0,0,0,0,0,0,0,0,0,0,0,0,0,0,0,0,0,0,0,0,162,111,1,3,4.11,0,0,0,0,0,0,0,0,0,0
567,Henk,Netherlands,49,Bowler ,Left Handed Bat ,Left-arm medium,0,11,4,0,0,9,1,0,0,67,0,0,0,183,1,0,0,23,0,0,0,8.38,0,0,0,36.62,0.00,0,0,5,0,0,0,0,0,0,0,2,1,0,0,0,0,0,0,0,0,0,0,0,0,0,0,0,0,0,0,182,149,1,5,4.91,9,12,0,0,8,0,0,0,0,0
568,Pieter Seelaar,Netherlands,38,Bowling Allrounder ,Right Handed Bat ,Left-arm orthodox,0,57,75,0,0,39,46,0,0,347,591,0,0,593,532,0,0,43,96,0,0,11.97,17.38,0,0,58.52,111.10,0,0,26,43,0,0,5,12,0,0,9,1,0,0,0,1,0,0,0,0,0,0,0,0,0,0,0,0,0,0,2609,2035,19,57,4.68,1132,1290,4,58,6.84,0,0,0,0,0
569,Virat Kohli,India,37,Batsman ,Right Handed Bat ,Right-arm medium,123,311,125,281,210,299,117,273,9230,14797,4188,9218,16608,15771,3056,6859,254,183,122,113,46.85,58.72,48.7,40.08,55.58,93.83,137.05,134.40,1027,1376,369,830,30,169,124,312,15,18,7,12,31,77,38,67,30,54,1,9,7,0,0,0,175,84,2,0,2.88,662,680,1,5,6.16,152,204,0,4,8.05,251,368,0,4,8.8
570,Samit Patel,England,41,Batting Allrounder ,Right Handed Bat ,Left-arm orthodox,6,36,18,0,9,22,14,0,151,482,189,0,338,517,173,0,42,70,67,0,16.78,32.13,15.75,0,44.68,93.24,109.25,0,16,37,17,0,1,12,5,0,2,1,2,0,0,1,1,0,0,0,0,0,0,0,0,0,858,421,23,7,2.94,1187,1091,4,24,5.51,252,321,0,7,7.64,0,0,0,0,0
571,Kyle Coetzer,Scotland,42,Batsman ,Right Handed Bat ,Right-arm fast-medium,0,88,69,0,0,87,68,0,0,3192,1495,0,0,3874,1254,0,0,156,89,0,0,38.93,22.65,0,0,82.40,119.22,0,0,412,158,0,0,40,48,0,0,8,4,0,0,21,6,0,0,5,0,0,0,0,0,0,0,0,0,0,0,270,252,3,2,5.6,66,71,0,5,6.45,0,0,0,0,0
572,Calum MacLeod,Scotland,37,Batting Allrounder ,Right Handed Bat ,Right-arm fast-medium,0,87,64,0,0,86,61,0,0,3024,1239,0,0,3749,1115,0,0,175,74,0,0,38.28,23.83,0,0,80.67,111.13,0,0,313,107,0,0,35,23,0,0,9,8,0,0,13,7,0,0,10,0,0,0,0,0,0,0,0,0,0,0,968,836,4,11,5.18,180,220,0,5,7.33,0,0,0,0,0
573,Leon Johnson,West Indies,38,Bowler ,Left Handed Bat ,Left-arm orthodox,9,6,0,0,16,6,0,0,403,98,0,0,832,175,0,0,66,51,0,0,25.19,16.33,0,0,48.44,56.00,0,0,55,10,0,0,1,2,0,0,2,1,0,0,2,1,0,0,0,0,0,0,0,0,0,0,24,9,0,0,2.25,0,0,0,0,0,0,0,0,0,0,0,0,0,0,0
574,Brendan Nash,West Indies,48,Batsman ,Left Handed Bat ,Left-arm medium,21,9,0,0,33,7,0,0,1103,104,0,0,2548,141,0,0,114,39,0,0,33.42,26,0,0,43.29,73.76,0,0,130,11,0,0,3,1,0,0,0,0,0,0,8,0,0,0,2,0,0,0,0,0,0,0,492,247,13,2,3.01,294,224,3,5,4.57,0,0,0,0,0,0,0,0,0,0
575,Harvir Baidwan,Canada,38,Batting Allrounder ,Right Handed Bat ,Right-arm medium,0,32,17,0,0,22,11,0,0,220,54,0,0,339,52,0,0,33,21,0,0,14.67,6,0,0,64.90,103.85,0,0,13,4,0,0,0,1,0,0,3,4,0,0,0,0,0,0,0,0,0,0,0,0,0,0,0,0,0,0,1551,1348,13,44,5.21,323,411,1,27,7.63,0,0,0,0,0
576,Sami Faridi,Canada,42,Bowler ,Right Handed Bat ,Left-arm wrist-spin,0,3,0,0,0,2,0,0,0,19,0,0,0,31,0,0,0,16,0,0,0,9.5,0,0,0,61.30,0,0,0,1,0,0,0,0,0,0,0,0,0,0,0,0,0,0,0,0,0,0,0,0,0,0,0,0,0,0,0,60,63,0,0,6.3,0,0,0,0,0,0,0,0,0,0
577,Ruvindu Gunasekera,Canada,34,Batsman ,Left Handed Bat ,Right-arm legbreak,0,19,8,0,0,19,8,0,0,455,202,0,0,679,188,0,0,72,65,0,0,23.95,25.25,0,0,67.02,107.45,0,0,40,23,0,0,11,4,0,0,3,0,0,0,6,1,0,0,0,0,0,0,0,0,0,0,0,0,0,0,0,0,0,0,0,0,0,0,0,0,0,0,0,0,0
578,Karun Jethi,Canada,42,Bowler ,Right Handed Bat ,Right-arm offbreak,0,3,5,0,0,3,5,0,0,87,41,0,0,79,59,0,0,46,24,0,0,43.5,10.25,0,0,110.13,69.50,0,0,10,0,0,0,3,2,0,0,0,1,0,0,0,0,0,0,0,0,0,0,0,0,0,0,0,0,0,0,102,85,2,2,5,0,0,0,0,0,0,0,0,0,0
579,Eion Katchay,Canada,48,Bowler ,Right Handed Bat ,Right-arm fast-medium,0,5,4,0,0,3,3,0,0,23,15,0,0,41,25,0,0,12,8,0,0,11.5,15,0,0,56.10,60.00,0,0,0,0,0,0,0,0,0,0,0,1,0,0,0,0,0,0,0,0,0,0,0,0,0,0,0,0,0,0,174,143,4,4,4.93,60,71,0,3,7.1,0,0,0,0,0
580,Rizwan Cheema,Canada,47,Batsman ,Right Handed Bat ,Right-arm medium,0,33,24,0,0,32,24,0,0,764,389,0,0,685,314,0,0,94,72,0,0,24.65,16.91,0,0,111.54,123.89,0,0,92,33,0,0,35,28,0,0,3,5,0,0,6,2,0,0,0,0,0,0,0,0,0,0,0,0,0,0,1330,1095,11,32,4.94,300,382,1,9,7.64,0,0,0,0,0
581,Oronde Bascome,Bermuda,38,Bowler ,Right Handed Bat ,Right-arm medium,0,6,3,0,0,6,3,0,0,65,24,0,0,145,29,0,0,20,16,0,0,10.83,8,0,0,44.83,82.76,0,0,5,3,0,0,1,0,0,0,0,0,0,0,0,0,0,0,0,0,0,0,0,0,0,0,0,0,0,0,18,22,0,0,7.33,0,0,0,0,0,0,0,0,0,0
582,Chris Douglas,Bermuda,36,Bowler ,Left Handed Bat ,Right-arm offbreak,0,2,0,0,0,2,0,0,0,122,0,0,0,218,0,0,0,69,0,0,0,61,0,0,0,55.97,0,0,0,14,0,0,0,1,0,0,0,0,0,0,0,2,0,0,0,0,0,0,0,0,0,0,0,0,0,0,0,0,0,0,0,0,0,0,0,0,0,0,0,0,0,0
583,Ryan Steede,Bermuda,50,Bowler ,Right Handed Bat ,Right-arm fast-medium,0,8,0,0,0,7,0,0,0,70,0,0,0,142,0,0,0,20,0,0,0,11.67,0,0,0,49.30,0,0,0,7,0,0,0,2,0,0,0,0,0,0,0,0,0,0,0,0,0,0,0,0,0,0,0,0,0,0,0,312,257,1,5,4.94,0,0,0,0,0,0,0,0,0,0
584,Dennico Hollis,Bermuda,37,Bowler ,Right Handed Bat,,0,1,0,0,0,1,0,0,0,15,0,0,0,26,0,0,0,15,0,0,0,0,0,0,0,57.70,0,0,0,0,0,0,0,1,0,0,0,0,0,0,0,0,0,0,0,0,0,0,0,0,0,0,0,0,0,0,0,42,43,0,0,6.14,0,0,0,0,0,0,0,0,0,0
585,Zubin Surkari,Canada,46,Batsman ,Right Handed Bat ,Right-arm medium,0,23,4,0,0,21,3,0,0,323,10,0,0,642,33,0,0,49,6,0,0,17.94,3.33,0,0,50.32,30.31,0,0,30,0,0,0,0,0,0,0,1,1,0,0,0,0,0,0,0,0,0,0,0,0,0,0,0,0,0,0,0,0,0,0,0,0,0,0,0,0,0,0,0,0,0
586,Balaji Rao,Canada,48,Bowler ,Left Handed Bat ,Right-arm legbreak,0,10,4,0,0,8,4,0,0,59,32,0,0,87,30,0,0,24,22,0,0,7.38,10.67,0,0,67.82,106.67,0,0,4,1,0,0,1,2,0,0,0,1,0,0,0,0,0,0,0,0,0,0,0,0,0,0,0,0,0,0,474,448,1,12,5.67,84,107,0,6,7.64,0,0,0,0,0
587,Rakep Patel,Kenya,36,WK-Batsman ,Right Handed Bat ,Right-arm offbreak,0,39,95,0,0,35,82,0,0,621,1938,0,0,977,1434,0,0,92,120,0,0,20.03,29.36,0,0,63.57,135.15,0,0,56,152,0,0,7,104,0,0,3,4,0,0,2,11,0,0,0,1,0,0,0,0,0,0,0,0,0,0,168,137,0,2,4.89,617,623,3,38,6.06,0,0,0,0,0
588,Brett Geeves,Australia,43,Bowler ,Right Handed Bat ,Right-arm fast-medium,0,2,1,2,0,2,0,0,0,10,0,0,0,11,0,0,0,10,0,0,0,0,0,0,0,90.91,0,0,0,1,0,0,0,0,0,0,0,0,0,0,0,0,0,0,0,0,0,0,0,0,0,0,0,0,0,0,0,90,78,0,3,5.2,20,35,0,2,10.5,48,91,0,1,11.38
589,Regan West,Ireland,47,Batsman ,Left Handed Bat,,0,10,5,0,0,4,4,0,0,61,11,0,0,41,11,0,0,29,8,0,0,30.5,3.67,0,0,148.79,100.00,0,0,6,1,0,0,3,0,0,0,1,0,0,0,0,0,0,0,0,0,0,0,0,0,0,0,0,0,0,0,447,279,8,9,3.74,114,142,0,3,7.47,0,0,0,0,0
590,Moises Henriques,Australia,39,Batting Allrounder ,Right Handed Bat ,Right-arm fast-medium,4,16,24,62,8,15,21,54,164,117,355,1000,346,192,285,788,81,22,62,74,23.43,9,20.88,27.78,47.40,60.94,124.57,126.91,12,10,17,87,2,0,15,28,2,0,0,2,2,0,2,5,0,0,0,0,0,0,0,0,330,164,12,2,2.98,402,347,1,8,5.18,138,194,0,7,8.43,950,1289,0,42,8.14
591,Phillip Hughes,Australia,25,Batsman ,Left Handed Bat,,26,25,1,0,49,24,1,0,1535,826,6,0,2866,1100,8,0,160,138,6,0,32.66,35.91,6,0,53.56,75.10,75.00,0,199,91,1,0,11,5,0,0,6,1,0,0,7,4,0,0,3,2,0,0,0,0,0,0,0,0,0,0,0,0,0,0,0,0,0,0,0,0,0,0,0,0,0,0
592,Marcus North,Australia,46,Batsman ,Left Handed Bat ,Right-arm offbreak,21,2,1,0,35,2,1,0,1171,6,20,0,2433,19,21,0,128,5,20,0,35.48,3,20,0,48.13,31.58,95.24,0,143,0,1,0,5,0,0,0,5,0,0,0,4,0,0,0,5,0,0,0,0,0,0,0,1258,591,37,14,2.82,18,16,0,0,5.33,0,0,0,0,0,0,0,0,0,0
593,George Bailey,Australia,43,Batsman ,Right Handed Bat ,Right-arm medium,5,90,30,40,8,85,26,37,183,3044,473,663,311,3645,346,544,53,156,63,61,26.14,40.59,24.89,24.56,58.85,83.52,136.71,121.88,15,223,37,59,8,57,20,19,1,3,1,1,1,22,2,2,0,3,0,0,0,0,0,0,0,0,0,0,0,0,0,0,0,0,0,0,0,0,0,0,0,0,0,0
594,Ryan Harris,Australia,46,Bowler ,Right Handed Bat ,Right-arm fast,27,21,3,37,39,13,1,21,603,48,2,117,955,48,1,112,74,21,2,17,21.54,8,0,9.75,63.15,100.00,200.00,104.47,63,3,0,6,9,1,0,3,2,0,0,2,3,0,0,0,0,0,0,0,0,0,0,0,5736,2658,258,113,2.78,1031,832,13,44,4.84,70,95,1,4,8.14,832,1047,3,45,7.55
595,Jason Krejza,Australia,43,Bowler ,Right Handed Bat ,Right-arm offbreak,2,8,0,0,4,2,0,0,71,13,0,0,146,23,0,0,32,7,0,0,23.67,13,0,0,48.64,56.53,0,0,8,0,0,0,0,0,0,0,0,0,0,0,0,0,0,0,0,0,0,0,0,0,0,0,743,562,8,13,4.54,425,331,0,7,4.67,0,0,0,0,0,0,0,0,0,0
596,Peter Siddle,Australia,41,Bowler ,Right Handed Bat ,Right-arm fast-medium,67,20,2,0,94,6,1,0,1164,31,1,0,2469,30,1,0,51,10,1,0,14.73,10.33,0,0,47.15,103.34,100.00,0,126,2,0,0,4,0,0,0,17,1,0,0,2,0,0,0,0,0,0,0,0,0,0,0,13907,6777,614,221,2.92,901,743,10,17,4.95,48,58,0,3,7.25,0,0,0,0,0
597,Bryce McGain,Australia,54,Bowler ,Right Handed Bat ,Right-arm legbreak,1,0,0,0,2,0,0,0,2,0,0,0,16,0,0,0,2,0,0,0,1,0,0,0,12.50,0,0,0,0,0,0,0,0,0,0,0,1,0,0,0,0,0,0,0,0,0,0,0,0,0,0,0,108,149,2,0,8.28,0,0,0,0,0,0,0,0,0,0,0,0,0,0,0
598,Shikhar Dhawan,India,40,Batsman ,Left Handed Bat ,Right-arm offbreak,34,167,68,222,58,164,66,221,2315,6793,1759,6768,3458,7436,1392,5324,190,143,92,106,40.61,44.11,27.92,35.07,66.95,91.36,126.37,127.13,316,842,191,768,12,79,50,152,4,5,2,12,5,39,11,51,7,17,0,2,0,0,0,0,54,18,2,0,2,0,0,0,0,0,0,0,0,0,0,48,66,0,4,8.25
599,Ajinkya Rahane,India,37,Batsman ,Right Handed Bat ,Right-arm medium,85,90,20,211,144,87,20,196,5077,2962,375,5304,10256,3767,331,4234,188,111,61,105,38.46,35.26,20.83,29.97,49.51,78.64,113.30,125.28,579,293,32,535,35,33,6,137,10,6,2,15,26,24,1,34,12,3,0,2,0,0,0,0,0,0,0,0,0,0,0,0,0,0,0,0,0,0,0,6,5,0,1,5
600,Cheteshwar Pujara,India,38,Batsman ,Right Handed Bat ,Right-arm legbreak,103,5,0,30,176,5,0,22,7195,51,0,390,16217,130,0,391,206,27,0,51,43.61,10.2,0,20.53,44.37,39.24,0,99.75,863,4,0,50,16,0,0,4,12,2,0,1,35,0,0,1,19,0,0,0,3,0,0,0,12,3,0,0,1.5,0,0,0,0,0,0,0,0,0,0,0,0,0,0,0
601,Vinay Kumar,India,42,Bowler ,Right Handed Bat ,Right-arm fast-medium,1,31,9,105,2,13,1,46,11,86,2,310,24,146,4,274,6,27,2,26,5.5,9.56,0,11.07,45.84,58.91,50.00,113.14,2,5,0,21,0,2,0,9,0,2,0,4,0,0,0,0,0,0,0,0,0,0,0,0,78,73,0,1,5.62,1436,1423,19,38,5.95,189,247,0,10,7.84,2121,2966,1,105,8.39
602,Sudeep Tyagi,India,38,Bowler ,Right Handed Bat ,Right-arm fast-medium,0,4,1,14,0,1,0,3,0,1,0,3,0,2,0,4,0,1,0,3,0,0,0,3,0,50.00,0,75.00,0,0,0,0,0,0,0,0,0,0,0,1,0,0,0,0,0,0,0,0,0,0,0,0,0,0,0,0,0,165,144,4,3,5.24,12,21,0,0,10.5,209,295,0,6,8.47
603,Dhawal Kulkarni,India,37,Bowler ,Right Handed Bat ,Right-arm fast-medium,0,12,2,92,0,2,1,23,0,27,1,104,0,28,1,108,0,25,1,28,0,0,0,11.56,0,96.43,100.00,96.30,0,2,0,7,0,1,0,2,0,0,0,0,0,0,0,0,0,0,0,0,0,0,0,0,0,0,0,0,0,598,508,5,19,5.1,48,55,0,3,6.88,1787,2474,8,86,8.31
604,Mohnish Parmar,India,38,Bowler ,Right Handed Bat,,0,0,0,1,0,0,0,0,0,0,0,0,0,0,0,0,0,0,0,0,0,0,0,0,0,0,0,0,0,0,0,0,0,0,0,0,0,0,0,0,0,0,0,0,0,0,0,0,0,0,0,0,0,0,0,0,0,0,0,0,0,0,0,0,0,0,0,18,33,0,0,11
605,Amit Mishra,India,43,Bowler ,Right Handed Bat ,Right-arm legbreak,22,36,10,162,32,11,1,57,648,43,0,381,1103,82,0,419,84,14,0,31,21.6,5.38,0,11.91,58.75,52.44,0,90.94,79,4,0,31,3,0,0,5,4,2,1,10,4,0,0,0,0,0,0,0,0,0,0,0,5103,2715,123,76,3.19,1917,1512,19,64,4.73,228,240,1,16,6.32,3371,4145,6,174,7.38
606,Neil Broom,New Zealand,42,Batsman ,Right Handed Bat ,Right-arm medium,2,39,11,0,3,39,7,0,32,943,73,0,72,1161,68,0,20,109,36,0,10.67,26.94,12.17,0,44.45,81.23,107.36,0,5,78,8,0,0,12,1,0,1,7,0,0,0,5,0,0,0,1,0,0,0,0,0,0,0,0,0,0,0,0,0,0,0,0,0,0,0,0,0,0,0,0,0,0
607,Martin Guptill,New Zealand,39,Batsman ,Right Handed Bat ,Right-arm offbreak,47,198,122,13,89,195,118,13,2586,7346,3531,270,5548,8414,2602,196,189,237,105,50,29.39,41.5,31.81,22.5,46.62,87.31,135.71,137.76,326,751,310,24,23,187,173,15,10,16,3,1,17,39,20,1,3,18,2,0,0,1,0,0,428,298,9,8,4.18,109,98,0,4,5.39,6,11,0,0,11,0,0,0,0,0
608,BJ Watling,New Zealand,40,WK-Batsman ,Right Handed Bat,,75,28,5,0,117,25,4,0,3790,573,38,0,8894,838,58,0,205,96,22,0,37.52,24.91,9.5,0,42.62,68.38,65.52,0,429,58,3,0,8,3,0,0,10,3,0,0,19,5,0,0,8,0,0,0,1,0,0,0,0,0,0,0,0,0,0,0,0,0,0,0,0,0,0,0,0,0,0,0
609,Reece Young,New Zealand,46,WK-Batsman ,Right Handed Bat,,5,0,0,0,10,0,0,0,169,0,0,0,419,0,0,0,57,0,0,0,24.14,0,0,0,40.34,0,0,0,19,0,0,0,1,0,0,0,1,0,0,0,1,0,0,0,0,0,0,0,0,0,0,0,0,0,0,0,0,0,0,0,0,0,0,0,0,0,0,0,0,0,0,0
610,Swapnil Asnodkar,India,42,Batting Allrounder ,Right Handed Bat ,Right-arm offbreak,0,0,0,20,0,0,0,20,0,0,0,423,0,0,0,339,0,0,0,60,0,0,0,21.15,0,0,0,124.78,0,0,0,56,0,0,0,10,0,0,0,3,0,0,0,2,0,0,0,0,0,0,0,0,0,0,0,0,0,0,0,0,0,0,0,0,0,0,0,0,0,0,0,0
611,Abhishek Nayar,India,42,Batting Allrounder ,Left Handed Bat ,Right-arm medium,0,3,0,60,0,1,0,50,0,0,0,672,0,7,0,577,0,0,0,45,0,0,0,17.68,0,0.00,0,116.47,0,0,0,55,0,0,0,20,0,0,0,3,0,0,0,0,0,0,0,0,0,0,0,0,0,0,0,0,0,18,17,0,0,5.67,0,0,0,0,0,229,322,0,9,8.44
612,Dwaraka Ravi,India,38,Batsman ,Right Handed Bat,,0,0,0,32,0,0,0,25,0,0,0,375,0,0,0,317,0,0,0,60,0,0,0,19.74,0,0,0,118.30,0,0,0,35,0,0,0,9,0,0,0,1,0,0,0,1,0,0,0,0,0,0,0,0,0,0,0,0,0,0,0,0,0,0,0,0,0,0,0,18,28,0,1,9.33
613,Wriddhiman Saha,India,41,WK-Batsman ,Right Handed Bat,,40,9,0,170,56,5,0,145,1353,41,0,2934,2973,56,0,2300,117,16,0,115,29.41,13.67,0,24.25,45.51,73.22,0,127.57,129,5,0,296,14,0,0,87,6,0,0,7,6,0,0,13,3,0,0,1,0,0,0,0,0,0,0,0,0,0,0,0,0,0,0,0,0,0,0,0,0,0,0,0
614,Jaydev Shah,India,43,Batsman ,Left Handed Bat ,Right-arm offbreak,,,,,,,,,,,,,,,,,,,,,,,,,,,,,,,,,,,,,,,,,,,,,,,,,,,,,,,,,,,,,,,,,,,,,,,,
615,Ashok Dinda,India,42,Bowler ,Right Handed Bat ,Right-arm fast-medium,0,13,9,78,0,5,2,17,0,21,22,26,0,36,24,48,0,16,19,7,0,4.2,22,2.6,0,58.34,91.67,54.17,0,1,1,2,0,0,0,0,0,2,0,6,0,0,0,0,0,0,0,0,0,0,0,0,0,0,0,0,0,594,612,2,12,6.18,180,245,1,17,8.17,1516,2073,3,69,8.2
616,Rajat Bhatia,India,46,Bowling Allrounder ,Right Handed Bat ,Right-arm medium,0,0,0,95,0,0,0,49,0,0,0,342,0,0,0,284,0,0,0,26,0,0,0,11.4,0,0,0,120.43,0,0,0,24,0,0,0,13,0,0,0,3,0,0,0,0,0,0,0,0,0,0,0,0,0,0,0,0,0,0,0,0,0,0,0,0,0,0,0,1636,2020,1,71,7.41
617,Mayank Tehlan,India,39,Bowling Allrounder ,Right Handed Bat,,,,,,,,,,,,,,,,,,,,,,,,,,,,,,,,,,,,,,,,,,,,,,,,,,,,,,,,,,,,,,,,,,,,,,,,,
618,Chetanya Nanda,India,47,Batsman ,Right Handed Bat,,0,0,0,3,0,0,0,1,0,0,0,0,0,0,0,1,0,0,0,0,0,0,0,0,0,0,0,0.00,0,0,0,0,0,0,0,0,0,0,0,1,0,0,0,0,0,0,0,0,0,0,0,0,0,0,0,0,0,0,0,0,0,0,0,0,0,0,0,48,57,0,2,7.13
619,Pradeep Sangwan,India,35,Bowler ,Right Handed Bat ,Left-arm fast-medium,0,0,0,42,0,0,0,15,0,0,0,26,0,0,0,44,0,0,0,6,0,0,0,3.25,0,0,0,59.10,0,0,0,1,0,0,0,0,0,0,0,4,0,0,0,0,0,0,0,0,0,0,0,0,0,0,0,0,0,0,0,0,0,0,0,0,0,0,0,856,1240,1,38,8.69
620,Jeevantha Kulatunga,Sri Lanka,52,Batting Allrounder ,Right Handed Bat ,Right-arm medium,0,0,2,0,0,0,2,0,0,0,19,0,0,0,38,0,0,0,11,0,0,0,9.5,0,0,0,50.00,0,0,0,0,0,0,0,0,0,0,0,0,0,0,0,0,0,0,0,0,0,0,0,0,0,0,0,0,0,0,0,0,0,0,0,0,0,0,0,0,0,0,0,0,0
621,Taurai Muzarabani,Zimbabwe,39,Bowler ,Right Handed Bat,,0,8,9,0,0,7,1,0,0,12,0,0,0,40,2,0,0,5,0,0,0,3,0,0,0,30.00,0.00,0,0,1,0,0,0,0,0,0,0,1,0,0,0,0,0,0,0,0,0,0,0,0,0,0,0,0,0,0,0,323,262,3,7,4.87,180,280,0,6,9.33,0,0,0,0,0
622,Yogesh Takawale,India,41,WK-Batsman ,Right Handed Bat,,0,0,0,16,0,0,0,10,0,0,0,192,0,0,0,178,0,0,0,45,0,0,0,24,0,0,0,107.87,0,0,0,26,0,0,0,3,0,0,0,2,0,0,0,0,0,0,0,0,0,0,0,0,0,0,0,0,0,0,0,0,0,0,0,0,0,0,0,0,0,0,0,0
623,Abzal Dean,Canada,43,Bowler ,Left Handed Bat ,Right-arm offbreak,0,0,2,0,0,0,2,0,0,0,8,0,0,0,10,0,0,0,7,0,0,0,4,0,0,0,80.00,0,0,0,0,0,0,0,0,0,0,0,0,0,0,0,0,0,0,0,0,0,0,0,0,0,0,0,0,0,0,0,0,0,0,0,24,32,0,2,8,0,0,0,0,0
624,Stuart Binny,India,41,Batting Allrounder ,Right Handed Bat ,Right-arm medium,6,14,3,95,10,11,2,68,194,230,35,880,333,246,29,683,78,77,24,48,21.56,28.75,17.5,19.13,58.26,93.50,120.69,128.85,23,23,2,66,1,5,1,35,2,1,0,7,1,1,0,0,0,0,0,0,0,0,0,0,450,258,12,3,3.44,490,439,4,20,5.38,30,54,0,1,10.8,594,758,0,22,7.66
625,Naved,Pakistan,48,Bowler ,Right Handed Bat ,Right-arm fast-medium,9,74,4,0,15,51,2,0,239,524,18,0,284,620,16,0,42,33,17,0,19.92,15.88,18,0,84.16,84.52,112.50,0,32,38,0,0,5,16,2,0,2,4,0,0,0,0,0,0,0,0,0,0,0,0,0,0,1565,1044,36,18,4,3466,3221,25,110,5.58,85,101,0,5,7.13,0,0,0,0,0
626,Imrul Kayes,Bangladesh,39,Batsman ,Left Handed Bat,,39,78,14,0,76,78,13,0,1797,2436,119,0,3742,3423,134,0,150,144,36,0,24.28,32.05,9.15,0,48.03,71.17,88.81,0,240,238,14,0,11,37,3,0,4,2,4,0,4,16,0,0,3,4,0,0,0,0,0,0,24,12,0,0,3,0,0,0,0,0,0,0,0,0,0,0,0,0,0,0
627,Naeem Islam,Bangladesh,39,Bowling Allrounder ,Right Handed Bat ,Right-arm offbreak,8,59,10,0,15,51,10,0,416,975,130,0,1110,1473,114,0,108,84,28,0,32,27.08,14.44,0,37.48,66.20,114.04,0,52,84,8,0,4,13,7,0,0,5,0,0,1,5,0,0,1,0,0,0,0,0,0,0,574,303,8,1,3.17,1743,1407,9,35,4.84,90,122,0,3,8.13,0,0,0,0,0
628,Mahbubul Alam,Bangladesh,42,Bowler ,Right Handed Bat ,Right-arm fast-medium,4,5,0,0,7,2,0,0,5,81,0,0,72,71,0,0,2,59,0,0,1.25,40.5,0,0,6.95,114.09,0,0,0,3,0,0,0,4,0,0,2,0,0,0,0,1,0,0,0,0,0,0,0,0,0,0,587,314,19,5,3.21,222,280,2,7,7.57,0,0,0,0,0,0,0,0,0,0
629,Shoaib Khan,Pakistan,41,Batsman ,Left Handed Bat ,Right-arm fast-medium,0,0,4,0,0,0,4,0,0,0,65,0,0,0,74,0,0,0,50,0,0,0,16.25,0,0,0,87.84,0,0,0,7,0,0,0,0,0,0,0,1,0,0,0,1,0,0,0,0,0,0,0,0,0,0,0,0,0,0,0,0,0,0,0,0,0,0,0,0,0,0,0,0,0
630,Sandeep Jyoti,Canada,52,Batsman ,Right Handed Bat ,Right-arm offbreak,0,14,2,0,0,13,2,0,0,264,10,0,0,442,20,0,0,117,10,0,0,22,10,0,0,59.73,50.00,0,0,17,0,0,0,2,0,0,0,3,1,0,0,0,0,0,0,1,0,0,0,0,0,0,0,0,0,0,0,120,90,1,1,4.5,0,0,0,0,0,0,0,0,0,0
631,Cephas Zhuwao,Zimbabwe,41,Batting Allrounder ,Left Handed Bat ,Right-arm legbreak,0,9,7,0,0,9,7,0,0,154,48,0,0,132,66,0,0,45,24,0,0,17.11,6.86,0,0,116.67,72.73,0,0,18,7,0,0,9,1,0,0,3,4,0,0,0,0,0,0,0,0,0,0,0,0,0,0,0,0,0,0,19,21,0,0,6.63,2,1,0,1,0,0,0,0,0,0
632,Seren Waters,Kenya,36,Batting Allrounder ,Right Handed Bat ,Right-arm legbreak,0,20,0,0,0,20,0,0,0,419,0,0,0,751,0,0,0,74,0,0,0,20.95,0,0,0,55.80,0,0,0,48,0,0,0,2,0,0,0,2,0,0,0,2,0,0,0,0,0,0,0,0,0,0,0,0,0,0,0,18,14,0,0,4.67,0,0,0,0,0,0,0,0,0,0
633,Ravichandran Ashwin,India,39,Bowling Allrounder ,Right Handed Bat ,Right-arm offbreak,106,116,65,220,151,63,19,98,3503,707,184,833,6423,813,160,705,124,65,31,50,25.76,16.44,26.29,13.02,54.54,86.97,115.00,118.16,399,60,17,64,23,7,4,29,9,6,0,12,14,1,0,1,6,0,0,0,0,0,0,0,27246,12891,907,537,2.84,6303,5180,37,156,4.93,1452,1672,3,72,6.91,4710,5652,4,187,7.2
634,Siddharth Trivedi,India,43,Bowler ,Right Handed Bat ,Right-arm medium,0,0,0,76,0,0,0,15,0,0,0,42,0,0,0,59,0,0,0,9,0,0,0,6,0,0,0,71.19,0,0,0,3,0,0,0,1,0,0,0,1,0,0,0,0,0,0,0,0,0,0,0,0,0,0,0,0,0,0,0,0,0,0,0,0,0,0,0,1506,1904,2,65,7.59
635,Arjun Yadav,India,44,Batsman ,Right Handed Bat,,0,0,0,8,0,0,0,6,0,0,0,49,0,0,0,39,0,0,0,16,0,0,0,9.8,0,0,0,125.65,0,0,0,5,0,0,0,2,0,0,0,1,0,0,0,0,0,0,0,0,0,0,0,0,0,0,0,0,0,0,0,0,0,0,0,0,0,0,0,0,0,0,0,0
636,Faiz Fazal,India,40,Batsman ,Left Handed Bat ,Right-arm medium,0,1,0,12,0,1,0,11,0,55,0,183,0,61,0,173,0,55,0,45,0,0,0,18.3,0,90.17,0,105.79,0,7,0,21,0,1,0,1,0,0,0,1,0,1,0,0,0,0,0,0,0,0,0,0,0,0,0,0,0,0,0,0,0,0,0,0,0,0,0,12,20,0,0,10
637,Murali Vijay,India,42,Batsman ,Right Handed Bat ,Right-arm offbreak,61,17,9,106,105,16,9,106,3982,339,169,2619,8601,506,154,2149,167,72,48,127,38.29,21.19,18.78,25.93,46.30,67.00,109.75,121.88,467,33,13,247,33,3,8,91,8,0,1,5,15,1,0,13,12,0,0,2,0,0,0,0,384,198,6,1,3.09,36,37,0,1,6.17,12,9,0,0,4.5,36,49,0,0,8.17
638,Abhinav Kumar,India,41,Batsman ,Right Handed Bat,,,,,,,,,,,,,,,,,,,,,,,,,,,,,,,,,,,,,,,,,,,,,,,,,,,,,,,,,,,,,,,,,,,,,,,,,
639,Naman Ojha,India,42,WK-Batsman ,Right Handed Bat,,1,1,2,113,2,1,2,94,56,1,12,1554,117,7,27,1313,35,1,10,94,28,1,6,20.72,47.87,14.29,44.45,118.36,7,0,2,121,0,0,0,79,0,0,0,8,0,0,0,6,0,0,0,0,0,0,0,0,0,0,0,0,0,0,0,0,0,0,0,0,0,0,0,0,0,0,0,0
640,Laxmi Shukla,India,45,Batting Allrounder ,Right Handed Bat ,Right-arm medium,0,3,0,47,0,2,0,34,0,18,0,405,0,19,0,350,0,13,0,48,0,9,0,15,0,94.74,0,115.72,0,1,0,33,0,0,0,15,0,0,0,3,0,0,0,0,0,0,0,0,0,0,0,0,0,0,0,0,0,114,94,0,1,4.95,0,0,0,0,0,314,447,0,15,8.54
641,Saurabh Tiwary,India,36,Batsman ,Left Handed Bat,,0,3,0,93,0,2,0,74,0,49,0,1494,0,56,0,1244,0,37,0,61,0,0,0,28.73,0,87.50,0,120.10,0,5,0,111,0,1,0,50,0,0,0,1,0,0,0,8,0,0,0,0,0,0,0,0,0,0,0,0,0,0,0,0,0,0,0,0,0,0,0,0,0,0,0,0
642,Lionel Baker,West Indies,41,Bowler ,Left Handed Bat ,Right-arm fast-medium,4,10,3,0,6,4,0,0,23,13,0,0,55,23,0,0,17,11,0,0,11.5,6.5,0,0,41.82,56.53,0,0,3,2,0,0,0,0,0,0,1,1,0,0,0,0,0,0,0,0,0,0,0,0,0,0,660,395,16,5,3.59,426,355,6,11,5,48,58,0,2,7.25,0,0,0,0,0
643,Travis Dowlin,West Indies,49,Batsman ,Right Handed Bat ,Right-arm offbreak,6,11,2,0,11,11,2,0,343,228,68,0,742,348,69,0,95,100,37,0,31.18,25.33,68,0,46.23,65.52,98.56,0,41,20,8,0,1,1,0,0,0,2,0,0,3,1,0,0,0,1,0,0,0,0,0,0,6,3,0,0,3,0,0,0,0,0,0,0,0,0,0,0,0,0,0,0
644,Samuel Badree,West Indies,45,Bowler ,Right Handed Bat ,Right-arm legbreak,0,0,52,12,0,0,16,5,0,0,43,13,0,0,65,23,0,0,14,8,0,0,7.17,2.6,0,0,66.16,56.53,0,0,1,0,0,0,1,0,0,0,0,2,0,0,0,0,0,0,0,0,0,0,0,0,0,0,0,0,0,0,0,0,0,0,1146,1180,4,56,6.18,258,319,1,11,7.42
645,Darren Bravo,West Indies,37,Batsman ,Left Handed Bat ,Right-arm fast-medium,56,122,26,1,102,117,22,1,3538,3109,405,6,7886,4434,379,5,218,124,43,6,36.1,29.61,21.32,0,44.87,70.12,106.87,120.00,405,252,32,1,41,75,14,0,5,9,3,0,17,18,0,0,8,4,0,0,1,0,0,0,6,2,0,0,2,0,0,0,0,0,0,0,0,0,0,0,0,0,0,0
646,Kevon Cooper,West Indies,37,Bowling Allrounder ,Right Handed Bat ,Right-arm fast-medium,0,0,0,25,0,0,0,14,0,0,0,116,0,0,0,68,0,0,0,32,0,0,0,12.89,0,0,0,170.59,0,0,0,9,0,0,0,8,0,0,0,1,0,0,0,0,0,0,0,0,0,0,0,0,0,0,0,0,0,0,0,0,0,0,0,0,0,0,0,576,757,1,33,7.89
647,Navin Stewart,West Indies,42,Bowler ,Right Handed Bat,,,,,,,,,,,,,,,,,,,,,,,,,,,,,,,,,,,,,,,,,,,,,,,,,,,,,,,,,,,,,,,,,,,,,,,,,
648,Sherwin Ganga,West Indies,44,Bowling Allrounder ,Left Handed Bat,,,,,,,,,,,,,,,,,,,,,,,,,,,,,,,,,,,,,,,,,,,,,,,,,,,,,,,,,,,,,,,,,,,,,,,,,
649,Johann Louw,South Africa,47,Batting Allrounder ,Right Handed Bat ,Right-arm fast-medium,0,3,2,0,0,1,1,0,0,23,1,0,0,7,1,0,0,23,1,0,0,23,0,0,0,328.58,100.00,0,0,1,0,0,0,3,0,0,0,0,0,0,0,0,0,0,0,0,0,0,0,0,0,0,0,0,0,0,0,156,148,1,2,5.69,42,54,0,2,7.71,0,0,0,0,0
650,Rory Kleinveldt,South Africa,43,Bowling Allrounder ,Right Handed Bat ,Right-arm fast-medium,4,10,6,0,5,7,3,0,27,105,25,0,61,124,10,0,17,43,22,0,9,15,25,0,44.27,84.68,250.00,0,1,9,1,0,2,5,3,0,2,1,0,0,0,0,0,0,0,0,0,0,0,0,0,0,667,423,21,10,3.81,513,448,6,12,5.24,122,173,1,9,8.51,0,0,0,0,0
651,Ryan McLaren,South Africa,43,Bowling Allrounder ,Left Handed Bat ,Right-arm fast-medium,2,54,12,18,3,41,4,13,47,485,9,159,108,680,13,171,33,71,6,51,23.5,18.65,9,19.88,43.52,71.33,69.24,92.99,6,42,0,14,0,6,0,1,0,3,0,1,0,1,0,1,0,0,0,0,0,0,0,0,264,162,8,3,3.68,2403,2102,14,77,5.25,263,332,0,17,7.57,354,542,0,12,9.19
652,Angelo Mathews,Sri Lanka,38,Batting Allrounder ,Right Handed Bat ,Right-arm fast-medium,119,226,90,49,212,194,73,42,8214,5916,1416,724,16970,7135,1175,575,200,139,81,65,44.4,40.52,27.76,23.35,48.41,82.92,120.52,125.92,835,468,92,44,90,90,50,29,6,16,1,3,45,40,6,1,16,3,0,0,1,0,0,0,3978,1798,161,33,2.71,5324,4110,56,126,4.63,1169,1389,4,45,7.13,791,1079,0,27,8.18
653,Shingirai Masakadza,Zimbabwe,39,Batting Allrounder ,Right Handed Bat ,Right-arm fast-medium,5,16,7,0,9,11,5,0,88,170,18,0,240,177,24,0,24,45,9,0,11,21.25,4.5,0,36.67,96.05,75.00,0,9,17,1,0,0,8,0,0,3,1,1,0,0,0,0,0,0,0,0,0,0,0,0,0,1057,516,34,16,2.93,791,891,4,25,6.76,117,211,0,4,10.82,0,0,0,0,0
654,Forster Mutizwa,Zimbabwe,40,Bowler ,Right Handed Bat ,Right-arm offbreak,1,17,3,0,2,15,3,0,24,403,38,0,61,502,36,0,18,79,22,0,12,31,12.67,0,39.35,80.28,105.56,0,3,32,3,0,0,7,0,0,0,2,1,0,0,4,0,0,0,0,0,0,0,0,0,0,0,0,0,0,0,0,0,0,0,0,0,0,0,0,0,0,0,0,0,0
655,Steve Magoffin,Australia,46,Bowler ,Right Handed Bat ,Right-arm fast-medium,,,,,,,,,,,,,,,,,,,,,,,,,,,,,,,,,,,,,,,,,,,,,,,,,,,,,,,,,,,,,,,,,,,,,,,,
656,Aiden Blizzard,Australia,41,Batsman ,Left Handed Bat ,Left-arm medium,0,0,0,7,0,0,0,7,0,0,0,120,0,0,0,90,0,0,0,51,0,0,0,17.14,0,0,0,133.34,0,0,0,21,0,0,0,2,0,0,0,1,0,0,0,1,0,0,0,0,0,0,0,0,0,0,0,0,0,0,0,0,0,0,0,0,0,0,0,0,0,0,0,0
657,Aaron Finch,Australia,39,Batsman ,Right Handed Bat ,Left-arm orthodox,5,146,103,92,10,142,103,90,278,5406,3120,2091,618,6163,2189,1631,62,153,172,88,27.8,38.89,34.29,24.89,44.99,87.72,142.54,128.21,30,533,309,214,1,129,125,78,1,16,8,8,2,30,19,15,0,17,2,0,0,0,0,0,12,8,0,0,4,284,259,0,4,5.47,12,27,0,0,13.5,43,67,0,1,9.35
658,John Hastings,Australia,40,Bowling Allrounder ,Right Handed Bat ,Right-arm fast-medium,1,29,9,3,2,21,6,0,52,271,46,0,88,273,37,0,32,51,15,0,26,27.1,11.5,0,59.10,99.27,124.33,0,5,29,3,0,2,8,1,0,0,1,0,0,0,1,0,0,0,0,0,0,0,0,0,0,234,153,3,1,3.92,1486,1256,7,42,5.07,186,247,0,7,7.97,58,66,1,3,6.83
659,Andrew McDonald,Australia,44,Batting Allrounder ,Right Handed Bat ,Right-arm fast-medium,4,0,0,11,6,0,0,9,107,0,0,123,217,0,0,100,68,0,0,33,21.4,0,0,24.6,49.31,0,0,123.00,11,0,0,9,0,0,0,4,1,0,0,1,1,0,0,0,0,0,0,0,0,0,0,0,732,300,40,9,2.46,0,0,0,0,0,0,0,0,0,0,186,261,0,11,8.42
660,Clint McKay,Australia,43,Bowler ,Right Handed Bat ,Right-arm fast-medium,1,59,6,2,1,31,4,1,10,190,19,8,15,337,22,15,10,30,7,8,10,9.05,9.5,8,66.67,56.38,86.37,53.34,1,15,1,0,0,2,1,0,0,3,1,0,0,0,0,0,0,0,0,0,0,0,0,0,168,101,5,1,3.61,2965,2364,38,97,4.78,136,183,1,4,8.07,42,60,0,1,8.57
661,Dirk Nannes,Australia,50,Bowler ,Right Handed Bat ,Left-arm fast,0,1,17,29,0,1,5,3,0,1,22,4,0,2,18,13,0,1,12,3,0,1,11,4,0,50.00,122.23,30.77,0,0,1,0,0,0,1,0,0,0,0,0,0,0,0,0,0,0,0,0,0,0,0,0,0,0,0,0,0,42,20,1,1,2.86,366,459,2,28,7.52,645,785,1,28,7.3
662,Rob Quiney,Australia,43,Batsman ,Left Handed Bat ,Right-arm medium,2,0,0,7,3,0,0,7,9,0,0,103,22,0,0,102,9,0,0,51,3,0,0,14.71,40.91,0,0,100.99,1,0,0,12,0,0,0,3,2,0,0,0,0,0,0,1,0,0,0,0,0,0,0,0,150,29,12,0,1.16,0,0,0,0,0,0,0,0,0,0,0,0,0,0,0
663,Matthew Wade,Australia,38,WK-Batsman ,Left Handed Bat,,36,97,92,15,63,83,68,14,1613,1867,1202,183,3203,2288,896,177,117,100,80,35,29.87,26.3,26.13,13.07,50.36,81.60,134.16,103.39,175,129,95,23,12,34,46,2,3,5,1,0,5,11,3,0,4,1,0,0,0,0,0,0,30,28,1,0,5.6,0,0,0,0,0,0,0,0,0,0,0,0,0,0,0
664,Yusuf Abdulla,South Africa,43,Batting Allrounder ,Left Handed Bat ,Left-arm fast-medium,0,0,2,11,0,0,0,1,0,0,0,0,0,0,0,1,0,0,0,0,0,0,0,0,0,0,0,0.00,0,0,0,0,0,0,0,0,0,0,0,0,0,0,0,0,0,0,0,0,0,0,0,0,0,0,0,0,0,0,0,0,0,0,42,44,0,2,6.29,209,307,1,15,8.81
665,Imraan Khan,South Africa,42,Batsman ,Left Handed Bat ,Right-arm offbreak,1,0,0,0,1,0,0,0,20,0,0,0,64,0,0,0,20,0,0,0,20,0,0,0,31.25,0,0,0,1,0,0,0,0,0,0,0,0,0,0,0,0,0,0,0,0,0,0,0,0,0,0,0,0,0,0,0,0,0,0,0,0,0,0,0,0,0,0,0,0,0,0,0
666,Heino Kuhn,South Africa,42,WK-Batsman ,Right Handed Bat,,4,0,7,0,8,0,6,0,113,0,49,0,297,0,42,0,34,0,29,0,14.13,0,12.25,0,38.05,0,116.67,0,18,0,3,0,0,0,2,0,0,0,0,0,0,0,0,0,0,0,0,0,0,0,0,0,0,0,0,0,0,0,0,0,0,0,0,0,0,0,0,0,0,0,0,0
667,Roelof van,Netherlands,41,Bowler ,Right Handed Bat ,Left-arm orthodox,0,39,70,21,0,27,46,15,0,278,575,159,0,328,453,141,0,57,75,35,0,13.9,21.3,14.45,0,84.76,126.94,112.77,0,17,43,11,0,7,16,8,0,3,7,0,0,1,2,0,0,0,0,0,0,0,0,0,0,0,0,0,0,1963,1547,5,45,4.73,1339,1481,1,75,6.64,443,498,1,21,6.74
668,Arun Karthik,India,40,WK-Batsman ,Right Handed Bat ,Right-arm legbreak,0,0,0,17,0,0,0,8,0,0,0,51,0,0,0,51,0,0,0,19,0,0,0,10.2,0,0,0,100.00,0,0,0,4,0,0,0,1,0,0,0,1,0,0,0,0,0,0,0,0,0,0,0,0,0,0,0,0,0,0,0,0,0,0,0,0,0,0,0,0,0,0,0,0
669,Amjad Khan,England,45,Bowler ,Right Handed Bat ,Right-arm fast-medium,1,0,9,0,0,0,7,0,0,0,49,0,0,0,54,0,0,0,16,0,0,0,7,0,0,0,90.75,0,0,0,2,0,0,0,1,0,0,0,0,0,0,0,0,0,0,0,0,0,0,0,0,0,174,122,1,1,4.21,0,0,0,0,0,137,150,1,7,6.57,0,0,0,0,0
670,Tim McIntosh,New Zealand,46,Batsman ,Left Handed Bat,,17,0,0,0,33,0,0,0,854,0,0,0,2359,0,0,0,136,0,0,0,27.55,0,0,0,36.21,0,0,0,98,0,0,0,7,0,0,0,5,0,0,0,4,0,0,0,2,0,0,0,0,0,0,0,0,0,0,0,0,0,0,0,0,0,0,0,0,0,0,0,0,0,0,0
671,Lonwabo Tsotsobe,South Africa,42,Bowler ,Right Handed Bat ,Left-arm fast-medium,5,61,23,0,5,21,3,0,19,56,2,0,53,109,10,0,8,16,1,0,6.33,7,2,0,35.85,51.38,20.00,0,2,7,0,0,0,1,0,0,2,3,0,0,0,0,0,0,0,0,0,0,0,0,0,0,870,448,36,9,3.09,2964,2347,45,94,4.75,468,541,3,18,6.94,0,0,0,0,0
672,Ewen Thompson,New Zealand,46,Bowler ,Left Handed Bat ,Left-arm fast-medium,0,1,1,0,0,0,1,0,0,0,1,0,0,0,1,0,0,0,1,0,0,0,0,0,0,0,100.00,0,0,0,0,0,0,0,0,0,0,0,0,0,0,0,0,0,0,0,0,0,0,0,0,0,0,0,0,0,0,24,42,0,0,10.5,18,18,1,1,6,0,0,0,0,0
673,Vaughn van,South Africa,41,Bowler ,Left Handed Bat ,Right-arm medium,0,2,3,0,0,2,3,0,0,9,15,0,0,15,23,0,0,5,12,0,0,4.5,5,0,0,60.00,65.22,0,0,0,0,0,0,0,0,0,0,0,1,0,0,0,0,0,0,0,0,0,0,0,0,0,0,0,0,0,0,0,0,0,0,0,0,0,0,0,0,0,0,0,0,0
674,Wayne Parnell,South Africa,36,Bowler ,Left Handed Bat ,Left-arm fast-medium,6,73,56,33,4,43,23,14,67,574,174,65,180,723,180,80,23,56,29,16,16.75,20.5,17.4,6.5,37.23,79.40,96.67,81.25,11,43,13,4,0,9,4,1,0,3,1,0,0,1,0,0,0,0,0,0,0,0,0,0,556,414,11,15,4.47,3224,3010,23,99,5.6,1094,1513,4,59,8.3,723,937,1,35,7.78
675,Ankeet Chavan,India,40,Bowling Allrounder ,Left Handed Bat ,Left-arm orthodox,0,0,0,13,0,0,0,3,0,0,0,12,0,0,0,11,0,0,0,7,0,0,0,6,0,0,0,109.10,0,0,0,2,0,0,0,0,0,0,0,0,0,0,0,0,0,0,0,0,0,0,0,0,0,0,0,0,0,0,0,0,0,0,0,0,0,0,0,248,326,0,8,7.89
676,Rohan Raje,India,39,Batting Allrounder ,Right Handed Bat ,Right-arm fast-medium,0,0,0,10,0,0,0,5,0,0,0,20,0,0,0,18,0,0,0,11,0,0,0,20,0,0,0,111.12,0,0,0,1,0,0,0,1,0,0,0,0,0,0,0,0,0,0,0,0,0,0,0,0,0,0,0,0,0,0,0,0,0,0,0,0,0,0,0,139,209,0,6,9.02
677,Palani Amarnath,India,43,Bowler ,Right Handed Bat,,0,0,0,6,0,0,0,0,0,0,0,0,0,0,0,0,0,0,0,0,0,0,0,0,0,0,0,0,0,0,0,0,0,0,0,0,0,0,0,0,0,0,0,0,0,0,0,0,0,0,0,0,0,0,0,0,0,0,0,0,0,0,0,0,0,0,0,132,236,0,7,10.73
678,Yo Mahesh,India,38,Bowling Allrounder ,Right Handed Bat,,0,0,0,18,0,0,0,5,0,0,0,15,0,0,0,27,0,0,0,6,0,0,0,7.5,0,0,0,55.56,0,0,0,0,0,0,0,0,0,0,0,0,0,0,0,0,0,0,0,0,0,0,0,0,0,0,0,0,0,0,0,0,0,0,0,0,0,0,0,339,499,0,21,8.83
679,Abhinav Mukund,India,36,Batsman ,Left Handed Bat,,7,0,0,3,14,0,0,2,320,0,0,19,700,0,0,22,81,0,0,19,22.86,0,0,9.5,45.72,0,0,86.37,32,0,0,1,1,0,0,0,3,0,0,1,2,0,0,0,0,0,0,0,0,0,0,0,12,14,0,0,7,0,0,0,0,0,0,0,0,0,0,0,0,0,0,0
680,Bhuvneshwar Kumar,India,36,Bowler ,Right Handed Bat ,Right-arm fast-medium,21,121,87,204,29,55,21,78,552,552,67,354,1225,747,94,377,63,53,16,27,22.08,14.15,8.38,9.32,45.07,73.90,71.28,93.90,77,46,0,34,1,8,0,4,4,8,2,6,3,1,0,0,0,0,0,0,0,0,0,0,3348,1644,141,63,2.95,5847,4951,67,141,5.08,1791,2079,10,90,6.96,4552,5856,14,222,7.72
681,Rubel Hossain,Bangladesh,36,Bowler ,Right Handed Bat ,Right-arm fast-medium,27,104,28,0,47,53,15,0,265,144,20,0,603,277,36,0,45,17,8,0,9.46,4.97,4,0,43.95,51.99,55.56,0,34,14,1,0,4,2,0,0,7,11,4,0,0,0,0,0,0,0,0,0,0,0,0,0,4223,2764,73,36,3.93,4678,4427,29,129,5.68,579,912,0,28,9.45,0,0,0,0,0
682,Malcolm Waller,Zimbabwe,41,Batsman ,Right Handed Bat ,Right-arm offbreak,14,79,32,0,28,72,31,0,577,1258,613,0,1136,1639,443,0,72,99,68,0,21.37,19.06,26.65,0,50.80,76.76,138.38,0,68,130,42,0,1,12,28,0,4,10,2,0,4,5,1,0,0,0,0,0,0,0,0,0,456,218,8,8,2.87,666,566,0,10,5.1,30,42,0,0,8.4,0,0,0,0,0
683,David Warner,Australia,39,Batsman ,Left Handed Bat,,112,161,110,184,205,159,110,184,8786,6932,3277,6565,12516,7127,2300,4697,335,179,100,126,44.6,45.01,33.44,40.52,70.20,97.27,142.48,139.78,1036,733,338,664,69,130,122,235,13,4,6,11,37,33,28,62,26,22,1,4,3,0,0,0,342,269,1,4,4.72,6,8,0,0,8,0,0,0,0,0,1,2,0,0,0
684,Umar Amin,Pakistan,36,Batting Allrounder ,Left Handed Bat ,Right-arm medium,4,16,14,0,8,16,9,0,99,271,142,0,197,392,123,0,33,59,47,0,12.38,18.07,15.78,0,50.26,69.14,115.45,0,13,28,15,0,0,2,4,0,1,0,3,0,0,1,0,0,0,0,0,0,0,0,0,0,132,63,4,3,2.86,42,24,0,0,3.43,0,0,0,0,0,0,0,0,0,0
685,Dale Richards,West Indies,49,Batsman ,Right Handed Bat ,Right-arm medium,3,8,1,0,6,7,1,0,125,179,0,0,165,251,1,0,69,59,0,0,20.83,25.57,0,0,75.76,71.32,0.00,0,20,21,0,0,3,3,0,0,1,0,1,0,1,2,0,0,0,0,0,0,0,0,0,0,0,0,0,0,0,0,0,0,0,0,0,0,0,0,0,0,0,0,0,0
686,Adil Rashid,England,38,Bowler ,Right Handed Bat ,Right-arm legbreak,19,161,145,3,33,87,44,2,540,971,163,22,1270,1039,182,16,61,69,22,18,19.29,16.74,7.41,11,42.52,93.46,89.57,137.50,62,94,13,2,4,14,1,1,3,8,4,0,2,1,0,0,0,0,0,0,0,0,0,0,3816,2390,50,60,3.76,8079,7571,16,242,5.62,3036,3789,5,163,7.49,60,91,0,2,9.1
687,Brendon Diamanti,New Zealand,45,Bowler ,Right Handed Bat ,Right-arm fast-medium,0,1,1,0,0,1,0,0,0,26,0,0,0,22,0,0,0,26,0,0,0,0,0,0,0,118.19,0,0,0,3,0,0,0,0,0,0,0,0,0,0,0,0,0,0,0,0,0,0,0,0,0,0,0,0,0,0,0,12,25,0,0,12.5,12,19,0,0,9.5,0,0,0,0,0
688,Callum Ferguson,Australia,41,Batsman ,Right Handed Bat ,Right-arm medium,1,30,3,9,2,25,3,8,4,663,16,98,23,777,19,117,3,71,8,23,2,41.44,5.33,16.33,17.40,85.33,84.22,83.77,0,64,1,9,0,0,0,0,0,0,1,0,0,5,0,0,0,0,0,0,0,0,0,0,0,0,0,0,0,0,0,0,0,0,0,0,0,0,0,0,0,0,0,0
689,Indika de,Sri Lanka,52,WK-Batsman ,Right Handed Bat ,Right-arm offbreak,4,15,1,0,5,13,0,0,117,183,0,0,284,270,0,0,39,38,0,0,23.4,16.64,0,0,41.20,67.78,0,0,15,12,0,0,0,1,0,0,0,0,0,0,0,0,0,0,0,0,0,0,0,0,0,0,0,0,0,0,0,0,0,0,0,0,0,0,0,0,0,0,0,0,0,0
690,Josephat Ababu,Kenya,46,Bowler ,Right Handed Bat ,Right-arm fast-medium,0,9,0,0,0,5,0,0,0,29,0,0,0,63,0,0,0,17,0,0,0,9.67,0,0,0,46.04,0,0,0,3,0,0,0,0,0,0,0,0,0,0,0,0,0,0,0,0,0,0,0,0,0,0,0,0,0,0,0,288,255,3,3,5.31,0,0,0,0,0,0,0,0,0,0
691,Dwight Basden,Bermuda,53,Batsman ,Right Handed Bat,,0,2,0,0,0,2,0,0,0,12,0,0,0,39,0,0,0,7,0,0,0,6,0,0,0,30.77,0,0,0,0,0,0,0,0,0,0,0,0,0,0,0,0,0,0,0,0,0,0,0,0,0,0,0,0,0,0,0,0,0,0,0,0,0,0,0,0,0,0,0,0,0,0
692,Gareth Batty,England,48,Bowler ,Right Handed Bat ,Right-arm offbreak,9,10,1,0,12,8,1,0,149,30,4,0,580,73,7,0,38,17,4,0,14.9,5,4,0,25.69,41.10,57.15,0,15,1,0,0,2,0,0,0,2,1,0,0,0,0,0,0,0,0,0,0,0,0,0,0,1714,914,38,15,3.2,440,366,1,5,4.99,18,17,0,0,5.67,0,0,0,0,0
693,Atse Buurman,Netherlands,44,WK-Batsman ,Right Handed Bat,,0,17,4,0,0,11,2,0,0,140,0,0,0,179,4,0,0,34,0,0,0,15.56,0,0,0,78.22,0.00,0,0,15,0,0,0,0,0,0,0,2,2,0,0,0,0,0,0,0,0,0,0,0,0,0,0,0,0,0,0,0,0,0,0,0,0,0,0,0,0,0,0,0,0,0
694,Haninder Dhillon,Canada,49,Batsman ,Right Handed Bat,,0,2,0,0,0,2,0,0,0,14,0,0,0,35,0,0,0,13,0,0,0,7,0,0,0,40.00,0,0,0,3,0,0,0,0,0,0,0,0,0,0,0,0,0,0,0,0,0,0,0,0,0,0,0,0,0,0,0,0,0,0,0,0,0,0,0,0,0,0,0,0,0,0
695,Hasan Durham,Bermuda,54,Batsman ,Right Handed Bat ,Left-arm orthodox,0,9,0,0,0,7,0,0,0,35,0,0,0,105,0,0,0,11,0,0,0,8.75,0,0,0,33.34,0,0,0,1,0,0,0,1,0,0,0,0,0,0,0,0,0,0,0,0,0,0,0,0,0,0,0,0,0,0,0,400,343,1,12,5.15,0,0,0,0,0,0,0,0,0,0
696,Chris Foggo,Bermuda,44,Batsman ,Right Handed Bat,,0,4,3,0,0,4,3,0,0,106,13,0,0,174,17,0,0,60,7,0,0,26.5,4.33,0,0,60.92,76.48,0,0,5,2,0,0,1,0,0,0,0,1,0,0,1,0,0,0,0,0,0,0,0,0,0,0,0,0,0,0,1,2,0,0,0,0,0,0,0,0,0,0,0,0,0
697,Treadwell Gibbons,Bermuda,40,Batsman ,Left Handed Bat,,0,2,0,0,0,2,0,0,0,33,0,0,0,98,0,0,0,33,0,0,0,16.5,0,0,0,33.68,0,0,0,3,0,0,0,0,0,0,0,1,0,0,0,0,0,0,0,0,0,0,0,0,0,0,0,0,0,0,0,0,0,0,0,0,0,0,0,0,0,0,0,0,0,0
698,Stewart Heaney,Australia,45,Batsman ,Right Handed Bat ,Right-arm offbreak,0,4,0,0,0,4,0,0,0,41,0,0,0,92,0,0,0,19,0,0,0,10.25,0,0,0,44.57,0,0,0,5,0,0,0,0,0,0,0,0,0,0,0,0,0,0,0,0,0,0,0,0,0,0,0,0,0,0,0,0,0,0,0,0,0,0,0,0,0,0,0,0,0,0
699,Nicholas Ifill,Canada,57,Batting Allrounder ,Right Handed Bat ,Right-arm medium,0,4,0,0,0,3,0,0,0,16,0,0,0,45,0,0,0,9,0,0,0,5.33,0,0,0,35.56,0,0,0,2,0,0,0,0,0,0,0,1,0,0,0,0,0,0,0,0,0,0,0,0,0,0,0,0,0,0,0,72,88,0,0,7.33,0,0,0,0,0,0,0,0,0,0
700,Jadavji Jesani,Kenya,44,WK-Batsman ,Right Handed Bat ,Right-arm offbreak,0,0,1,0,0,0,1,0,0,0,1,0,0,0,5,0,0,0,1,0,0,0,1,0,0,0,20.00,0,0,0,0,0,0,0,0,0,0,0,0,0,0,0,0,0,0,0,0,0,0,0,0,0,0,0,0,0,0,0,0,0,0,0,0,0,0,0,0,0,0,0,0,0
701,Maurits Jonkman,Netherlands,40,Bowler ,Right Handed Bat ,Right-arm medium,0,4,0,0,0,2,0,0,0,20,0,0,0,51,0,0,0,13,0,0,0,10,0,0,0,39.22,0,0,0,2,0,0,0,0,0,0,0,0,0,0,0,0,0,0,0,0,0,0,0,0,0,0,0,0,0,0,0,136,113,1,6,4.99,0,0,0,0,0,0,0,0,0,0
702,Chris Lonsdale,Bermuda,38,Bowler ,Right Handed Bat ,Right-arm offbreak,0,1,0,0,0,1,0,0,0,4,0,0,0,28,0,0,0,4,0,0,0,4,0,0,0,14.29,0,0,0,0,0,0,0,0,0,0,0,0,0,0,0,0,0,0,0,0,0,0,0,0,0,0,0,0,0,0,0,12,19,0,0,9.5,0,0,0,0,0,0,0,0,0,0
703,Neil MacRae,Scotland,54,Bowler ,Right Handed Bat,,0,2,0,0,0,2,0,0,0,10,0,0,0,36,0,0,0,8,0,0,0,5,0,0,0,27.78,0,0,0,1,0,0,0,0,0,0,0,0,0,0,0,0,0,0,0,0,0,0,0,0,0,0,0,0,0,0,0,0,0,0,0,0,0,0,0,0,0,0,0,0,0,0
704,Don Maxwell,Canada,55,Batting Allrounder ,Right Handed Bat ,Right-arm fast-medium,0,10,0,0,0,10,0,0,0,166,0,0,0,238,0,0,0,59,0,0,0,27.67,0,0,0,69.75,0,0,0,12,0,0,0,5,0,0,0,1,0,0,0,1,0,0,0,0,0,0,0,0,0,0,0,0,0,0,0,72,70,0,1,5.83,0,0,0,0,0,0,0,0,0,0
705,Mohammad Qazi,Canada,42,Batsman ,Right Handed Bat,,0,0,1,0,0,0,1,0,0,0,0,0,0,0,1,0,0,0,0,0,0,0,0,0,0,0,0.00,0,0,0,0,0,0,0,0,0,0,0,1,0,0,0,0,0,0,0,0,0,0,0,0,0,0,0,0,0,0,0,0,0,0,0,0,0,0,0,0,0,0,0,0,0
706,Daniel Morgan,Bermuda,52,Batsman ,Right Handed Bat,,0,2,0,0,0,2,0,0,0,2,0,0,0,11,0,0,0,1,0,0,0,1,0,0,0,18.19,0,0,0,0,0,0,0,0,0,0,0,0,0,0,0,0,0,0,0,0,0,0,0,0,0,0,0,0,0,0,0,0,0,0,0,0,0,0,0,0,0,0,0,0,0,0
707,Mangesh Panchal,Netherlands,52,Bowler ,Right Handed Bat ,Right-arm legbreak,0,1,0,0,0,0,0,0,0,0,0,0,0,0,0,0,0,0,0,0,0,0,0,0,0,0,0,0,0,0,0,0,0,0,0,0,0,0,0,0,0,0,0,0,0,0,0,0,0,0,0,0,0,0,0,0,0,30,10,1,0,2,0,0,0,0,0,0,0,0,0,0
708,Brijal Patel,Kenya,48,Batsman ,Right Handed Bat ,Left-arm orthodox,0,31,0,0,0,25,0,0,0,360,0,0,0,736,0,0,0,44,0,0,0,16.36,0,0,0,48.92,0,0,0,46,0,0,0,1,0,0,0,4,0,0,0,0,0,0,0,0,0,0,0,0,0,0,0,0,0,0,0,165,163,0,4,5.93,0,0,0,0,0,0,0,0,0,0
709,Kalpesh Patel,Kenya,40,Bowler ,Right Handed Bat ,Right-arm medium,0,2,0,0,0,2,0,0,0,1,0,0,0,4,0,0,0,1,0,0,0,1,0,0,0,25.00,0,0,0,0,0,0,0,0,0,0,0,1,0,0,0,0,0,0,0,0,0,0,0,0,0,0,0,0,0,0,0,30,34,1,0,6.8,0,0,0,0,0,0,0,0,0,0
710,Arthur Pitcher,Bermuda,44,Bowler ,Right Handed Bat ,Right-arm fast-medium,0,3,0,0,0,3,0,0,0,20,0,0,0,28,0,0,0,12,0,0,0,6.67,0,0,0,71.43,0,0,0,2,0,0,0,1,0,0,0,1,0,0,0,0,0,0,0,0,0,0,0,0,0,0,0,0,0,0,0,79,80,0,0,6.08,0,0,0,0,0,0,0,0,0,0
711,Rizwan Ahmed,Pakistan,47,Batting Allrounder ,Right Handed Bat ,Right-arm legbreak,0,1,0,0,0,0,0,0,0,0,0,0,0,0,0,0,0,0,0,0,0,0,0,0,0,0,0,0,0,0,0,0,0,0,0,0,0,0,0,0,0,0,0,0,0,0,0,0,0,0,0,0,0,0,0,0,0,24,26,0,0,6.5,0,0,0,0,0,0,0,0,0,0
712,Jacobi Robinson,Bermuda,41,Bowler ,Right Handed Bat ,Right-arm fast-medium,0,3,0,0,0,2,0,0,0,27,0,0,0,40,0,0,0,17,0,0,0,13.5,0,0,0,67.50,0,0,0,2,0,0,0,1,0,0,0,0,0,0,0,0,0,0,0,0,0,0,0,0,0,0,0,0,0,0,0,138,170,0,1,7.39,0,0,0,0,0,0,0,0,0,0
713,Jelte Schoonheim,Netherlands,44,Batsman ,Right Handed Bat ,Right-arm medium,0,0,1,0,0,0,0,0,0,0,0,0,0,0,0,0,0,0,0,0,0,0,0,0,0,0,0,0,0,0,0,0,0,0,0,0,0,0,0,0,0,0,0,0,0,0,0,0,0,0,0,0,0,0,0,0,0,0,0,0,0,0,0,0,0,0,0,0,0,0,0,0
714,Surendra Seeraj,Canada,52,WK-Batsman ,Right Handed Bat,,0,1,0,0,0,1,0,0,0,13,0,0,0,12,0,0,0,13,0,0,0,0,0,0,0,108.34,0,0,0,0,0,0,0,0,0,0,0,0,0,0,0,0,0,0,0,0,0,0,0,0,0,0,0,0,0,0,0,0,0,0,0,0,0,0,0,0,0,0,0,0,0,0
715,Shahzad Khan,Canada,45,Batsman ,Right Handed Bat ,Right-arm fast-medium,0,1,0,0,0,1,0,0,0,4,0,0,0,12,0,0,0,4,0,0,0,4,0,0,0,33.34,0,0,0,0,0,0,0,0,0,0,0,0,0,0,0,0,0,0,0,0,0,0,0,0,0,0,0,0,0,0,0,0,0,0,0,0,0,0,0,0,0,0,0,0,0,0
716,McLaren Smith,Bermuda,34,Bowler ,Right Handed Bat ,Right-arm fast-medium,0,1,0,0,0,0,0,0,0,0,0,0,0,0,0,0,0,0,0,0,0,0,0,0,0,0,0,0,0,0,0,0,0,0,0,0,0,0,0,0,0,0,0,0,0,0,0,0,0,0,0,0,0,0,0,0,0,12,14,0,0,7,0,0,0,0,0,0,0,0,0,0
717,Ian Stanger,Scotland,54,Bowler ,Right Handed Bat ,Right-arm medium,0,5,0,0,0,5,0,0,0,50,0,0,0,150,0,0,0,27,0,0,0,10,0,0,0,33.34,0,0,0,1,0,0,0,0,0,0,0,0,0,0,0,0,0,0,0,0,0,0,0,0,0,0,0,0,0,0,0,54,56,0,0,6.22,0,0,0,0,0,0,0,0,0,0
718,Martin Suji,Kenya,54,Batsman ,Right Handed Bat ,Right-arm fast-medium,0,64,0,0,0,52,0,0,0,247,0,0,0,526,0,0,0,16,0,0,0,8.23,0,0,0,46.96,0,0,0,15,0,0,0,1,0,0,0,9,0,0,0,0,0,0,0,0,0,0,0,0,0,0,0,0,0,0,0,2952,2190,48,43,4.45,0,0,0,0,0,0,0,0,0,0
719,Sanjayan Thuraisingam,Canada,56,Bowler ,Right Handed Bat ,Right-arm fast-medium,0,10,3,0,0,9,2,0,0,45,18,0,0,108,24,0,0,13,15,0,0,6.43,18,0,0,41.67,75.00,0,0,5,1,0,0,1,0,0,0,1,0,0,0,0,0,0,0,0,0,0,0,0,0,0,0,0,0,0,0,421,305,5,13,4.35,47,44,0,2,5.62,0,0,0,0,0
720,Maurits van,Netherlands,25,Batsman ,Right Handed Bat ,Right-arm medium,0,2,0,0,0,2,0,0,0,35,0,0,0,49,0,0,0,31,0,0,0,35,0,0,0,71.43,0,0,0,4,0,0,0,1,0,0,0,0,0,0,0,0,0,0,0,0,0,0,0,0,0,0,0,0,0,0,0,0,0,0,0,0,0,0,0,0,0,0,0,0,0,0
721,Steven Welsh,Canada,52,Bowler ,Right Handed Bat ,Right-arm fast-medium,0,3,1,0,0,3,0,0,0,41,0,0,0,78,0,0,0,32,0,0,0,20.5,0,0,0,52.57,0,0,0,5,0,0,0,1,0,0,0,0,0,0,0,0,0,0,0,0,0,0,0,0,0,0,0,0,0,0,0,120,147,0,0,7.35,18,6,0,2,2,0,0,0,0,0
722,Suranga Lakmal,Sri Lanka,39,Bowler ,Right Handed Bat ,Right-arm medium,70,86,11,0,109,48,6,0,935,244,7,0,1936,404,11,0,42,26,5,0,11.13,9.38,2.33,0,48.30,60.40,63.64,0,114,18,1,0,12,3,0,0,21,9,2,0,0,0,0,0,0,0,0,0,0,0,0,0,12437,6229,439,171,3.01,3881,3534,36,109,5.46,208,330,0,8,9.52,0,0,0,0,0
723,Tharanga Paranavitana,Sri Lanka,44,Batting Allrounder ,Left Handed Bat ,Right-arm offbreak,32,0,0,0,60,0,0,0,1793,0,0,0,4275,0,0,0,111,0,0,0,32.6,0,0,0,41.95,0,0,0,205,0,0,0,5,0,0,0,9,0,0,0,11,0,0,0,2,0,0,0,0,0,0,0,102,86,0,1,5.06,0,0,0,0,0,0,0,0,0,0,0,0,0,0,0
724,Ahmed Shehzad,Pakistan,34,Batsman ,Right Handed Bat ,Right-arm legbreak,13,81,59,0,25,81,59,0,982,2605,1471,0,1926,3614,1281,0,176,124,111,0,40.92,32.56,25.81,0,50.99,72.09,114.84,0,99,269,157,0,8,18,33,0,1,7,2,0,4,14,7,0,3,6,1,0,0,0,0,0,48,28,0,0,3.5,115,140,0,2,7.3,6,10,0,0,10,0,0,0,0,0
725,Mohammad Talha,Pakistan,37,Bowler ,Right Handed Bat ,Right-arm fast-medium,4,3,0,0,5,1,0,0,34,0,0,0,72,1,0,0,19,0,0,0,8.5,0,0,0,47.23,0.00,0,0,4,0,0,0,2,0,0,0,1,1,0,0,0,0,0,0,0,0,0,0,0,0,0,0,740,504,11,9,4.09,122,146,1,4,7.18,0,0,0,0,0,0,0,0,0,0
726,Ian Butler,New Zealand,44,Bowler ,Right Handed Bat ,Right-arm fast,8,26,19,0,10,13,6,0,76,84,5,0,163,154,10,0,26,25,2,0,9.5,10.5,5,0,46.63,54.55,50.00,0,10,6,0,0,1,2,0,0,2,2,0,0,0,0,0,0,0,0,0,0,0,0,0,0,1368,884,37,24,3.88,1109,1038,6,28,5.62,358,481,1,23,8.06,0,0,0,0,0
727,Aditya Angle,India,42,Bowler ,Right Handed Bat,,,,,,,,,,,,,,,,,,,,,,,,,,,,,,,,,,,,,,,,,,,,,,,,,,,,,,,,,,,,,,,,,,,,,,,,,
728,Lesley Stokkers,Netherlands,38,Batsman ,Right Handed Bat,,0,1,0,0,0,1,0,0,0,15,0,0,0,40,0,0,0,15,0,0,0,0,0,0,0,37.50,0,0,0,0,0,0,0,0,0,0,0,0,0,0,0,0,0,0,0,0,0,0,0,0,0,0,0,0,0,0,0,0,0,0,0,0,0,0,0,0,0,0,0,0,0,0
729,Taruwar Kohli,India,37,Batting Allrounder ,Right Handed Bat ,Right-arm medium,0,0,0,4,0,0,0,4,0,0,0,11,0,0,0,19,0,0,0,7,0,0,0,3.67,0,0,0,57.90,0,0,0,0,0,0,0,1,0,0,0,0,0,0,0,0,0,0,0,0,0,0,0,0,0,0,0,0,0,0,0,0,0,0,0,0,0,0,0,0,0,0,0,0
730,Darren Lehmann,Australia,56,Batting Allrounder ,Left Handed Bat ,Left-arm orthodox,27,117,0,2,42,101,0,2,1798,3078,0,18,2909,3784,0,18,177,119,0,17,44.95,38.48,0,9,61.81,81.35,0,100.00,214,227,0,3,10,14,0,0,2,4,0,0,10,17,0,0,5,4,0,0,0,0,0,0,974,412,36,15,2.54,1793,1445,3,52,4.84,0,0,0,0,0,0,0,0,0,0
731,Parag More,India,40,Batting Allrounder ,Right Handed Bat ,Right-arm offbreak,,,,,,,,,,,,,,,,,,,,,,,,,,,,,,,,,,,,,,,,,,,,,,,,,,,,,,,,,,,,,,,,,,,,,,,,
732,Niraj Patel,India,45,Batting Allrounder ,Right Handed Bat,,0,0,0,9,0,0,0,6,0,0,0,121,0,0,0,119,0,0,0,57,0,0,0,30.25,0,0,0,101.69,0,0,0,14,0,0,0,1,0,0,0,0,0,0,0,1,0,0,0,0,0,0,0,0,0,0,0,0,0,0,0,0,0,0,0,0,0,0,0,0,0,0,0,0
733,Mahesh Rawat,India,40,WK-Batsman ,Right Handed Bat,,0,0,0,18,0,0,0,12,0,0,0,55,0,0,0,69,0,0,0,23,0,0,0,11,0,0,0,79.72,0,0,0,4,0,0,0,1,0,0,0,1,0,0,0,0,0,0,0,0,0,0,0,0,0,0,0,0,0,0,0,0,0,0,0,0,0,0,0,0,0,0,0,0
734,Dinesh Salunkhe,India,43,Batting Allrounder ,Right Handed Bat,,0,0,0,6,0,0,0,3,0,0,0,33,0,0,0,24,0,0,0,26,0,0,0,16.5,0,0,0,137.50,0,0,0,5,0,0,0,0,0,0,0,0,0,0,0,0,0,0,0,0,0,0,0,0,0,0,0,0,0,0,0,0,0,0,0,0,0,0,0,48,78,0,1,9.75
735,Yogesh Nagar,India,36,Batting Allrounder ,Right Handed Bat,,0,0,0,26,0,0,0,20,0,0,0,285,0,0,0,259,0,0,0,44,0,0,0,20.36,0,0,0,110.04,0,0,0,20,0,0,0,9,0,0,0,2,0,0,0,0,0,0,0,0,0,0,0,0,0,0,0,0,0,0,0,0,0,0,0,0,0,0,0,66,125,0,4,11.36
736,Tejashwi Yadav,India,36,Batsman ,Right Handed Bat,,,,,,,,,,,,,,,,,,,,,,,,,,,,,,,,,,,,,,,,,,,,,,,,,,,,,,,,,,,,,,,,,,,,,,,,,
737,Neravanda Aiyappa,India,46,Bowler ,Right Handed Bat ,Right-arm fast-medium,,,,,,,,,,,,,,,,,,,,,,,,,,,,,,,,,,,,,,,,,,,,,,,,,,,,,,,,,,,,,,,,,,,,,,,,
738,Balachandra Akhil,India,48,Batting Allrounder ,Right Handed Bat ,Right-arm medium,0,0,0,15,0,0,0,11,0,0,0,76,0,0,0,55,0,0,0,27,0,0,0,12.67,0,0,0,138.19,0,0,0,5,0,0,0,5,0,0,0,2,0,0,0,0,0,0,0,0,0,0,0,0,0,0,0,0,0,0,0,0,0,0,0,0,0,0,0,188,242,0,6,7.72
739,KP Appanna,India,37,Bowler ,Right Handed Bat ,Left-arm orthodox,0,0,0,14,0,0,0,3,0,0,0,2,0,0,0,4,0,0,0,1,0,0,0,2,0,0,0,50.00,0,0,0,0,0,0,0,0,0,0,0,0,0,0,0,0,0,0,0,0,0,0,0,0,0,0,0,0,0,0,0,0,0,0,0,0,0,0,0,216,286,0,9,7.94
740,Jagadeesh Arunkumar,India,51,Batting Allrounder ,Right Handed Bat,,0,0,0,3,0,0,0,3,0,0,0,23,0,0,0,23,0,0,0,22,0,0,0,7.67,0,0,0,100.00,0,0,0,5,0,0,0,0,0,0,0,1,0,0,0,0,0,0,0,0,0,0,0,0,0,0,0,0,0,0,0,0,0,0,0,0,0,0,0,0,0,0,0,0
741,Bharath Chipli,India,43,Batsman ,Right Handed Bat,,0,0,0,23,0,0,0,21,0,0,0,280,0,0,0,251,0,0,0,61,0,0,0,18.67,0,0,0,111.56,0,0,0,28,0,0,0,7,0,0,0,0,0,0,0,1,0,0,0,0,0,0,0,0,0,0,0,0,0,0,0,0,0,0,0,0,0,0,0,6,20,0,0,20
742,Shreevats Goswami,India,37,WK-Batsman ,Left Handed Bat,,0,0,0,31,0,0,0,21,0,0,0,293,0,0,0,295,0,0,0,52,0,0,0,14.65,0,0,0,99.33,0,0,0,32,0,0,0,3,0,0,0,4,0,0,0,1,0,0,0,0,0,0,0,0,0,0,0,0,0,0,0,0,0,0,0,0,0,0,0,0,0,0,0,0
743,Sunil Joshi,India,55,Batsman ,Left Handed Bat ,Left-arm orthodox,15,69,0,4,19,45,0,2,352,584,0,6,834,653,0,14,92,61,0,3,20.71,17.18,0,3,42.21,89.44,0,42.86,36,47,0,0,4,17,0,0,2,4,0,0,1,1,0,0,0,0,0,0,0,0,0,0,3451,1470,146,41,2.56,3386,2509,33,69,4.45,0,0,0,0,0,55,82,0,1,8.95
744,Devraj Patil,India,41,WK-Batsman ,Right Handed Bat,,0,0,0,2,0,0,0,2,0,0,0,13,0,0,0,13,0,0,0,9,0,0,0,6.5,0,0,0,100.00,0,0,0,1,0,0,0,0,0,0,0,0,0,0,0,0,0,0,0,0,0,0,0,0,0,0,0,0,0,0,0,0,0,0,0,0,0,0,0,0,0,0,0,0
745,Srikkanth Anirudha,India,39,Batsman ,Right Handed Bat,,0,0,0,20,0,0,0,11,0,0,0,130,0,0,0,110,0,0,0,64,0,0,0,16.25,0,0,0,118.19,0,0,0,8,0,0,0,7,0,0,0,2,0,0,0,1,0,0,0,0,0,0,0,0,0,0,0,0,0,0,0,0,0,0,0,0,0,0,0,0,0,0,0,0
746,Shadab Jakati,India,45,Bowler ,Left Handed Bat ,Left-arm orthodox,0,0,0,59,0,0,0,8,0,0,0,28,0,0,0,29,0,0,0,13,0,0,0,28,0,0,0,96.56,0,0,0,3,0,0,0,0,0,0,0,0,0,0,0,0,0,0,0,0,0,0,0,0,0,0,0,0,0,0,0,0,0,0,0,0,0,0,0,1085,1451,1,47,8.02
747,Sanjay Bangar,India,53,Batting Allrounder ,Right Handed Bat ,Right-arm fast-medium,12,15,0,12,18,15,0,8,470,180,0,49,1447,239,0,58,100,57,0,17,29.38,13.85,0,7,32.49,75.32,0,84.49,57,14,0,1,3,3,0,3,2,3,0,1,3,1,0,0,1,0,0,0,0,0,0,0,762,343,35,7,2.7,442,384,2,7,5.21,0,0,0,0,0,150,219,0,4,8.76
748,Halhadar Das,India,39,WK-Batsman ,Right Handed Bat,,0,0,0,1,0,0,0,1,0,0,0,2,0,0,0,5,0,0,0,2,0,0,0,2,0,0,0,40.00,0,0,0,0,0,0,0,0,0,0,0,0,0,0,0,0,0,0,0,0,0,0,0,0,0,0,0,0,0,0,0,0,0,0,0,0,0,0,0,0,0,0,0,0
749,Doddapaneni Kalyankrishna,India,42,Batting Allrounder ,Right Handed Bat,,0,0,0,3,0,0,0,1,0,0,0,3,0,0,0,8,0,0,0,3,0,0,0,3,0,0,0,37.50,0,0,0,0,0,0,0,0,0,0,0,0,0,0,0,0,0,0,0,0,0,0,0,0,0,0,0,0,0,0,0,0,0,0,0,0,0,0,0,48,87,0,2,10.88
750,Sarvesh Kumar,India,37,Bowling Allrounder ,Right Handed Bat,,0,0,0,2,0,0,0,1,0,0,0,1,0,0,0,2,0,0,0,1,0,0,0,0,0,0,0,50.00,0,0,0,0,0,0,0,0,0,0,0,0,0,0,0,0,0,0,0,0,0,0,0,0,0,0,0,0,0,0,0,0,0,0,0,0,0,0,0,30,42,0,1,8.4
751,Paidikalva Vijaykumar,India,39,Bowler ,Right Handed Bat,,0,0,0,9,0,0,0,2,0,0,0,1,0,0,0,1,0,0,0,1,0,0,0,0,0,0,0,100.00,0,0,0,0,0,0,0,0,0,0,0,0,0,0,0,0,0,0,0,0,0,0,0,0,0,0,0,0,0,0,0,0,0,0,0,0,0,0,0,152,199,0,4,7.86
752,Pankaj Dharmani,India,51,Batting Allrounder ,Right Handed Bat,,0,1,0,1,0,1,0,0,0,8,0,0,0,8,0,0,0,8,0,0,0,8,0,0,0,100.00,0,0,0,0,0,0,0,0,0,0,0,0,0,0,0,0,0,0,0,0,0,0,0,0,0,0,0,0,0,0,0,0,0,0,0,0,0,0,0,0,0,0,0,0,0,0
753,Gagandeep Singh,India,44,Batting Allrounder ,Right Handed Bat,,0,0,0,4,0,0,0,0,0,0,0,0,0,0,0,0,0,0,0,0,0,0,0,0,0,0,0,0,0,0,0,0,0,0,0,0,0,0,0,0,0,0,0,0,0,0,0,0,0,0,0,0,0,0,0,0,0,0,0,0,0,0,0,0,0,0,0,84,141,0,3,10.07
754,Karan Goel,India,39,Batting Allrounder ,Right Handed Bat,,0,0,0,22,0,0,0,17,0,0,0,218,0,0,0,231,0,0,0,38,0,0,0,14.53,0,0,0,94.38,0,0,0,17,0,0,0,9,0,0,0,2,0,0,0,0,0,0,0,0,0,0,0,0,0,0,0,0,0,0,0,0,0,0,0,0,0,0,0,66,93,0,0,8.45
755,Uday Kaul,India,38,WK-Batsman ,Left Handed Bat,,0,0,0,5,0,0,0,1,0,0,0,0,0,0,0,1,0,0,0,0,0,0,0,0,0,0,0,0.00,0,0,0,0,0,0,0,0,0,0,0,0,0,0,0,0,0,0,0,0,0,0,0,0,0,0,0,0,0,0,0,0,0,0,0,0,0,0,0,0,0,0,0,0
756,Wilkin Mota,India,44,Batting Allrounder ,Right Handed Bat,,0,0,0,12,0,0,0,8,0,0,0,56,0,0,0,75,0,0,0,25,0,0,0,9.33,0,0,0,74.67,0,0,0,2,0,0,0,0,0,0,0,0,0,0,0,0,0,0,0,0,0,0,0,0,0,0,0,0,0,0,0,0,0,0,0,0,0,0,0,72,97,0,4,8.08
757,Nitin Saini,India,37,WK-Batsman ,Right Handed Bat,,0,0,0,10,0,0,0,10,0,0,0,140,0,0,0,141,0,0,0,50,0,0,0,14,0,0,0,99.30,0,0,0,16,0,0,0,0,0,0,0,0,0,0,0,1,0,0,0,0,0,0,0,0,0,0,0,0,0,0,0,0,0,0,0,0,0,0,0,0,0,0,0,0
758,Sunny Sohal,India,38,Batsman ,Right Handed Bat ,Right-arm legbreak,0,0,3,22,0,0,2,20,0,0,23,368,0,0,29,292,0,0,18,62,0,0,11.5,18.4,0,0,79.32,126.03,0,0,1,34,0,0,1,18,0,0,0,3,0,0,0,2,0,0,0,0,0,0,0,0,0,0,0,0,0,0,0,0,0,0,0,0,0,0,0,0,0,0,0,0
759,Siddarth Kaul,India,36,Bowler ,Right Handed Bat ,Right-arm fast-medium,0,3,3,55,0,2,0,12,0,1,0,20,0,3,0,36,0,1,0,7,0,0.5,0,5,0,33.34,0,55.56,0,0,0,1,0,0,0,0,0,1,0,2,0,0,0,0,0,0,0,0,0,0,0,0,0,0,0,0,0,162,179,0,0,6.63,58,84,0,4,8.69,1209,1739,3,58,8.63
760,Debabrata Das,India,39,Batsman ,Right Handed Bat ,Right-arm legbreak,0,0,0,31,0,0,0,22,0,0,0,304,0,0,0,261,0,0,0,35,0,0,0,21.71,0,0,0,116.48,0,0,0,23,0,0,0,16,0,0,0,1,0,0,0,0,0,0,0,0,0,0,0,0,0,0,0,0,0,0,0,0,0,0,0,0,0,0,0,0,0,0,0,0
761,Iqbal Abdulla,India,36,Bowler ,Left Handed Bat ,Left-arm orthodox,0,0,0,49,0,0,0,13,0,0,0,88,0,0,0,84,0,0,0,33,0,0,0,44,0,0,0,104.77,0,0,0,9,0,0,0,1,0,0,0,1,0,0,0,0,0,0,0,0,0,0,0,0,0,0,0,0,0,0,0,0,0,0,0,0,0,0,0,920,1109,1,40,7.23
762,Yashpal Singh,India,44,Batting Allrounder ,Right Handed Bat ,Right-arm medium,0,0,0,8,0,0,0,4,0,0,0,47,0,0,0,66,0,0,0,20,0,0,0,11.75,0,0,0,71.22,0,0,0,5,0,0,0,0,0,0,0,0,0,0,0,0,0,0,0,0,0,0,0,0,0,0,0,0,0,0,0,0,0,0,0,0,0,0,0,0,0,0,0,0
763,Siddharth Chitnis,India,39,Batsman ,Right Handed Bat ,Right-arm offbreak,0,0,0,11,0,0,0,8,0,0,0,99,0,0,0,89,0,0,0,38,0,0,0,14.14,0,0,0,111.24,0,0,0,10,0,0,0,2,0,0,0,0,0,0,0,0,0,0,0,0,0,0,0,0,0,0,0,0,0,0,0,0,0,0,0,0,0,0,0,36,60,0,2,10
764,Musavir Khote,India,46,Batting Allrounder ,Right Handed Bat,,0,0,0,4,0,0,0,3,0,0,0,24,0,0,0,22,0,0,0,9,0,0,0,12,0,0,0,109.10,0,0,0,2,0,0,0,1,0,0,0,0,0,0,0,0,0,0,0,0,0,0,0,0,0,0,0,0,0,0,0,0,0,0,0,0,0,0,0,30,51,0,2,10.2
765,Manish Pandey,India,36,Batsman ,Right Handed Bat ,Right-arm medium,0,29,39,179,0,24,33,163,0,566,709,3987,0,625,562,3277,0,104,79,114,0,33.29,44.31,29.53,0,90.56,126.16,121.67,0,45,49,345,0,5,19,115,0,2,2,14,0,2,3,22,0,1,0,1,0,0,0,0,0,0,0,0,0,0,0,0,0,0,0,0,0,0,0,0,0,0,0,0
766,Pinal Shah,India,38,WK-Batsman ,Right Handed Bat,,0,0,0,16,0,0,0,10,0,0,0,92,0,0,0,91,0,0,0,29,0,0,0,11.5,0,0,0,101.10,0,0,0,9,0,0,0,2,0,0,0,1,0,0,0,0,0,0,0,0,0,0,0,0,0,0,0,0,0,0,0,0,0,0,0,0,0,0,0,0,0,0,0,0
767,Dominic Thornely,Australia,47,Batting Allrounder ,Right Handed Bat,,0,0,0,6,0,0,0,4,0,0,0,39,0,0,0,53,0,0,0,30,0,0,0,13,0,0,0,73.59,0,0,0,2,0,0,0,2,0,0,0,1,0,0,0,0,0,0,0,0,0,0,0,0,0,0,0,0,0,0,0,0,0,0,0,0,0,0,0,42,40,0,3,5.71
768,Vikrant Yeligati,India,41,Batting Allrounder ,Right Handed Bat,,0,0,0,2,0,0,0,1,0,0,0,2,0,0,0,2,0,0,0,2,0,0,0,2,0,0,0,100.00,0,0,0,0,0,0,0,0,0,0,0,0,0,0,0,0,0,0,0,0,0,0,0,0,0,0,0,0,0,0,0,0,0,0,0,0,0,0,0,30,59,0,0,11.8
769,Steven Davies,England,39,WK-Batsman ,Left Handed Bat,,0,8,5,0,0,8,5,0,0,244,102,0,0,231,82,0,0,87,33,0,0,30.5,20.4,0,0,105.63,124.40,0,0,36,12,0,0,0,0,0,0,1,0,0,0,1,0,0,0,0,0,0,0,0,0,0,0,0,0,0,0,0,0,0,0,0,0,0,0,0,0,0,0,0,0,0
770,Ben Laughlin,Australia,43,Bowler ,Right Handed Bat ,Right-arm fast-medium,0,5,3,9,0,1,0,4,0,1,0,5,0,9,0,13,0,1,0,4,0,0,0,2.5,0,11.12,0,38.47,0,0,0,0,0,0,0,0,0,0,0,2,0,0,0,0,0,0,0,0,0,0,0,0,0,0,0,0,0,224,219,1,4,5.87,71,118,0,2,9.97,167,282,0,10,10.13
771,Dillon du,South Africa,44,Batting Allrounder ,Right Handed Bat ,Right-arm fast-medium,0,0,0,2,0,0,0,1,0,0,0,10,0,0,0,13,0,0,0,10,0,0,0,10,0,0,0,76.93,0,0,0,0,0,0,0,0,0,0,0,0,0,0,0,0,0,0,0,0,0,0,0,0,0,0,0,0,0,0,0,0,0,0,0,0,0,0,0,42,56,1,4,8
772,Karn Sharma,India,38,Bowler ,Left Handed Bat ,Right-arm legbreak,1,2,1,90,2,0,0,41,8,0,0,352,28,0,0,295,4,0,0,39,8,0,0,13.54,28.58,0,0,119.33,0,0,0,20,0,0,0,17,0,0,0,1,0,0,0,0,0,0,0,0,0,0,0,0,294,238,3,4,4.86,114,125,1,0,6.58,24,28,0,1,7,1585,2215,1,83,8.38
773,Tinu Yohannan,India,47,Bowler ,Right Handed Bat ,Right-arm fast-medium,3,3,0,0,4,2,0,0,13,7,0,0,30,11,0,0,8,5,0,0,0,0,0,0,43.34,63.64,0,0,1,0,0,0,0,0,0,0,0,0,0,0,0,0,0,0,0,0,0,0,0,0,0,0,486,256,17,5,3.16,120,122,1,5,6.1,0,0,0,0,0,0,0,0,0,0
774,Abhimanyu Mithun,India,36,Bowler ,Right Handed Bat ,Right-arm medium,4,5,0,16,5,3,0,8,120,51,0,34,249,55,0,26,46,24,0,11,24,17,0,6.8,48.20,92.73,0,130.77,16,2,0,4,0,4,0,1,1,0,0,1,0,0,0,0,0,0,0,0,0,0,0,0,720,456,21,9,3.8,180,203,1,3,6.77,0,0,0,0,0,288,472,0,7,9.83
775,Sreenath Aravind,India,42,Bowler ,Left Handed Bat ,Left-arm fast-medium,0,0,1,38,0,0,0,12,0,0,0,59,0,0,0,57,0,0,0,14,0,0,0,14.75,0,0,0,103.51,0,0,0,7,0,0,0,0,0,0,0,2,0,0,0,0,0,0,0,0,0,0,0,0,0,0,0,0,0,0,0,0,0,0,22,44,0,1,12,760,1039,0,45,8.2
776,Kedar Jadhav,India,41,Batting Allrounder ,Right Handed Bat ,Right-arm offbreak,0,73,9,95,0,52,6,81,0,1389,122,1208,0,1367,99,981,0,120,58,69,0,42.09,20.33,22.37,0,101.61,123.24,123.14,0,141,12,102,0,24,3,40,0,2,0,6,0,6,1,4,0,2,0,0,0,0,0,0,0,0,0,0,0,1187,1020,1,27,5.16,0,0,0,0,0,0,0,0,0,0
777,CM Gautam,India,40,WK-Batsman ,Right Handed Bat,,0,0,0,13,0,0,0,13,0,0,0,169,0,0,0,150,0,0,0,33,0,0,0,16.9,0,0,0,112.67,0,0,0,17,0,0,0,6,0,0,0,0,0,0,0,0,0,0,0,0,0,0,0,0,0,0,0,0,0,0,0,0,0,0,0,0,0,0,0,0,0,0,0,0
778,Raju Bhatkal,India,40,Batting Allrounder ,Right Handed Bat ,Right-arm medium,0,0,0,1,0,0,0,1,0,0,0,0,0,0,0,2,0,0,0,0,0,0,0,0,0,0,0,0.00,0,0,0,0,0,0,0,0,0,0,0,1,0,0,0,0,0,0,0,0,0,0,0,0,0,0,0,0,0,0,0,0,0,0,0,0,0,0,0,12,35,0,0,17.5
779,Rajesh Bishnoi,India,38,Batsman ,Right Handed Bat,,0,0,0,3,0,0,0,3,0,0,0,19,0,0,0,17,0,0,0,18,0,0,0,6.33,0,0,0,111.77,0,0,0,1,0,0,0,2,0,0,0,1,0,0,0,0,0,0,0,0,0,0,0,0,0,0,0,0,0,0,0,0,0,0,0,0,0,0,0,0,0,0,0,0
780,Ishank Jaggi,India,37,Batsman ,Right Handed Bat ,Right-arm legbreak,0,0,0,7,0,0,0,7,0,0,0,76,0,0,0,97,0,0,0,28,0,0,0,15.2,0,0,0,78.36,0,0,0,6,0,0,0,0,0,0,0,0,0,0,0,0,0,0,0,0,0,0,0,0,0,0,0,0,0,0,0,0,0,0,0,0,0,0,0,0,0,0,0,0
781,Aavishkar Salvi,India,44,Bowler ,Right Handed Bat ,Right-arm medium,0,4,0,7,0,3,0,0,0,4,0,0,0,14,0,0,0,4,0,0,0,2,0,0,0,28.58,0,0,0,0,0,0,0,0,0,0,0,2,0,0,0,0,0,0,0,0,0,0,0,0,0,0,0,0,0,0,0,172,120,3,4,4.19,0,0,0,0,0,150,200,0,7,8
782,Umesh Yadav,India,38,Bowler ,Right Handed Bat ,Right-arm fast,57,75,9,148,68,24,2,52,460,79,22,208,883,134,21,201,31,18,20,24,11.22,7.9,22,9.9,52.10,58.96,104.77,103.49,42,8,2,16,24,1,0,9,9,4,0,8,0,0,0,0,0,0,0,0,0,0,0,0,8979,5263,245,170,3.52,3558,3565,23,106,6.01,180,280,0,12,9.33,3050,4317,5,144,8.49
783,Lee Carseldine,Australia,50,Batting Allrounder ,Right Handed Bat,,0,0,0,5,0,0,0,5,0,0,0,81,0,0,0,68,0,0,0,39,0,0,0,20.25,0,0,0,119.12,0,0,0,11,0,0,0,0,0,0,0,0,0,0,0,0,0,0,0,0,0,0,0,0,0,0,0,0,0,0,0,0,0,0,0,0,0,0,0,6,6,0,1,6
784,Paras Dogra,India,41,Batsman ,Right Handed Bat ,Right-arm legbreak,0,0,0,13,0,0,0,12,0,0,0,127,0,0,0,138,0,0,0,41,0,0,0,11.55,0,0,0,92.03,0,0,0,4,0,0,0,5,0,0,0,1,0,0,0,0,0,0,0,0,0,0,0,0,0,0,0,0,0,0,0,0,0,0,0,0,0,0,0,0,0,0,0,0
785,Amit Singh,India,44,Bowler ,Right Handed Bat ,Right-arm medium,0,0,0,23,0,0,0,5,0,0,0,2,0,0,0,10,0,0,0,1,0,0,0,0.5,0,0,0,20.00,0,0,0,0,0,0,0,0,0,0,0,3,0,0,0,0,0,0,0,0,0,0,0,0,0,0,0,0,0,0,0,0,0,0,0,0,0,0,0,473,620,1,28,7.86
786,Raiphi Gomez,India,40,Batting Allrounder ,Right Handed Bat,,0,0,0,13,0,0,0,9,0,0,0,50,0,0,0,51,0,0,0,26,0,0,0,10,0,0,0,98.04,0,0,0,5,0,0,0,1,0,0,0,3,0,0,0,0,0,0,0,0,0,0,0,0,0,0,0,0,0,0,0,0,0,0,0,0,0,0,0,96,129,1,5,8.06
787,Kamran Khan,India,35,Bowler ,Right Handed Bat,,0,0,0,9,0,0,0,2,0,0,0,3,0,0,0,5,0,0,0,3,0,0,0,3,0,0,0,60.00,0,0,0,0,0,0,0,0,0,0,0,0,0,0,0,0,0,0,0,0,0,0,0,0,0,0,0,0,0,0,0,0,0,0,0,0,0,0,0,160,224,0,9,8.4
788,Paul Valthaty,India,42,Batsman ,Right Handed Bat ,Right-arm medium,0,0,0,23,0,0,0,23,0,0,0,505,0,0,0,418,0,0,0,120,0,0,0,22.95,0,0,0,120.82,0,0,0,60,0,0,0,20,0,0,0,1,0,0,0,2,0,0,0,1,0,0,0,0,0,0,0,0,0,0,0,0,0,0,0,0,0,0,0,151,205,0,7,8.15
789,Graham Napier,England,46,Bowling Allrounder ,Right Handed Bat ,Right-arm medium,0,0,0,1,0,0,0,1,0,0,0,15,0,0,0,16,0,0,0,15,0,0,0,15,0,0,0,93.75,0,0,0,1,0,0,0,0,0,0,0,0,0,0,0,0,0,0,0,0,0,0,0,0,0,0,0,0,0,0,0,0,0,0,0,0,0,0,0,24,27,0,1,6.75
790,Rahil Shaikh,India,40,Bowler ,Right Handed Bat,,0,0,0,1,0,0,0,0,0,0,0,0,0,0,0,0,0,0,0,0,0,0,0,0,0,0,0,0,0,0,0,0,0,0,0,0,0,0,0,0,0,0,0,0,0,0,0,0,0,0,0,0,0,0,0,0,0,0,0,0,0,0,0,0,0,0,0,6,11,0,0,11
791,Burt Cockley,Australia,40,Bowler ,Right Handed Bat,,,,,,,,,,,,,,,,,,,,,,,,,,,,,,,,,,,,,,,,,,,,,,,,,,,,,,,,,,,,,,,,,,,,,,,,,
792,Ryan Ninan,India,40,Batting Allrounder ,Right Handed Bat,,0,0,0,2,0,0,0,1,0,0,0,3,0,0,0,6,0,0,0,3,0,0,0,3,0,0,0,50.00,0,0,0,0,0,0,0,0,0,0,0,0,0,0,0,0,0,0,0,0,0,0,0,0,0,0,0,0,0,0,0,0,0,0,0,0,0,0,0,36,65,0,3,10.83
793,Mark Cameron,Australia,45,Bowler ,Right Handed Bat,,,,,,,,,,,,,,,,,,,,,,,,,,,,,,,,,,,,,,,,,,,,,,,,,,,,,,,,,,,,,,,,,,,,,,,,,
794,Anureet Singh,India,38,Bowler ,Right Handed Bat ,Right-arm medium,0,0,0,23,0,0,0,8,0,0,0,36,0,0,0,47,0,0,0,15,0,0,0,9,0,0,0,76.60,0,0,0,2,0,0,0,1,0,0,0,2,0,0,0,0,0,0,0,0,0,0,0,0,0,0,0,0,0,0,0,0,0,0,0,0,0,0,0,412,623,0,18,9.07
795,Aditya Dole,India,38,Bowler ,Right Handed Bat ,Right-arm fast-medium,0,0,0,3,0,0,0,2,0,0,0,34,0,0,0,22,0,0,0,30,0,0,0,17,0,0,0,154.55,0,0,0,3,0,0,0,1,0,0,0,0,0,0,0,0,0,0,0,0,0,0,0,0,0,0,0,0,0,0,0,0,0,0,0,0,0,0,0,66,112,0,5,10.18
796,Arindam Ghosh,India,39,Batting Allrounder ,Right Handed Bat,,0,0,0,2,0,0,0,2,0,0,0,7,0,0,0,8,0,0,0,7,0,0,0,3.5,0,0,0,87.50,0,0,0,1,0,0,0,0,0,0,0,1,0,0,0,0,0,0,0,0,0,0,0,0,0,0,0,0,0,0,0,0,0,0,0,0,0,0,0,0,0,0,0,0
797,Gnaneswara Rao,India,41,Batting Allrounder ,Right Handed Bat,,0,0,0,2,0,0,0,1,0,0,0,19,0,0,0,17,0,0,0,19,0,0,0,19,0,0,0,111.77,0,0,0,3,0,0,0,0,0,0,0,0,0,0,0,0,0,0,0,0,0,0,0,0,0,0,0,0,0,0,0,0,0,0,0,0,0,0,0,6,7,0,0,7
798,Sachin Rana,India,41,Batting Allrounder ,Right Handed Bat,,0,0,0,11,0,0,0,8,0,0,0,91,0,0,0,81,0,0,0,19,0,0,0,22.75,0,0,0,112.35,0,0,0,9,0,0,0,1,0,0,0,0,0,0,0,0,0,0,0,0,0,0,0,0,0,0,0,0,0,0,0,0,0,0,0,0,0,0,0,16,18,0,0,6.75
799,Sourav Sarkar,India,41,Batting Allrounder ,Right Handed Bat,,0,0,0,2,0,0,0,0,0,0,0,0,0,0,0,0,0,0,0,0,0,0,0,0,0,0,0,0,0,0,0,0,0,0,0,0,0,0,0,0,0,0,0,0,0,0,0,0,0,0,0,0,0,0,0,0,0,0,0,0,0,0,0,0,0,0,0,25,34,0,1,8.16
800,Sunny Singh,India,39,Batsman ,Right Handed Bat ,Right-arm medium,0,0,0,6,0,0,0,5,0,0,0,43,0,0,0,31,0,0,0,20,0,0,0,10.75,0,0,0,138.71,0,0,0,6,0,0,0,1,0,0,0,0,0,0,0,0,0,0,0,0,0,0,0,0,0,0,0,0,0,0,0,0,0,0,0,0,0,0,0,0,0,0,0,0
801,Harmeet Singh,India,38,Bowler ,Right Handed Bat ,Right-arm fast-medium,0,0,0,27,0,0,0,6,0,0,0,18,0,0,0,12,0,0,0,14,0,0,0,4.5,0,0,0,150.00,0,0,0,3,0,0,0,0,0,0,0,2,0,0,0,0,0,0,0,0,0,0,0,0,0,0,0,0,0,0,0,0,0,0,0,0,0,0,0,525,697,0,26,7.97
802,Shoaib Ahmed,India,38,Bowler ,Right Handed Bat,,0,0,0,8,0,0,0,3,0,0,0,1,0,0,0,6,0,0,0,1,0,0,0,0.5,0,0,0,16.67,0,0,0,0,0,0,0,0,0,0,0,2,0,0,0,0,0,0,0,0,0,0,0,0,0,0,0,0,0,0,0,0,0,0,0,0,0,0,0,102,152,0,5,8.94
803,Manvinder Bisla,India,41,WK-Batsman ,Right Handed Bat,,0,0,0,39,0,0,0,39,0,0,0,798,0,0,0,702,0,0,0,92,0,0,0,21,0,0,0,113.68,0,0,0,93,0,0,0,23,0,0,0,3,0,0,0,4,0,0,0,0,0,0,0,0,0,0,0,0,0,0,0,0,0,0,0,0,0,0,0,0,0,0,0,0
804,Jaskaran Singh,Canada,36,Bowler ,Right Handed Bat,,0,3,16,8,0,3,10,5,0,38,120,8,0,63,76,11,0,32,60,4,0,12.67,24,8,0,60.32,157.90,72.73,0,3,7,0,0,1,9,0,0,0,1,0,0,0,1,0,0,0,0,0,0,0,0,0,0,0,0,0,0,150,135,2,4,5.4,259,397,0,16,9.2,102,171,0,6,10.06
805,Tirumalsetti Suman,India,42,Batsman ,Right Handed Bat ,Right-arm offbreak,0,0,0,43,0,0,0,40,0,0,0,676,0,0,0,575,0,0,0,78,0,0,0,21.13,0,0,0,117.57,0,0,0,55,0,0,0,26,0,0,0,3,0,0,0,2,0,0,0,0,0,0,0,0,0,0,0,0,0,0,0,0,0,0,0,0,0,0,0,150,197,0,6,7.88
806,Vikramjeet Singh,India,43,Bowler ,Right Handed Bat ,Right-arm medium,0,0,0,13,0,0,0,2,0,0,0,7,0,0,0,7,0,0,0,6,0,0,0,7,0,0,0,100.00,0,0,0,1,0,0,0,0,0,0,0,0,0,0,0,0,0,0,0,0,0,0,0,0,0,0,0,0,0,0,0,0,0,0,0,0,0,0,0,205,261,0,6,7.64
807,Abhishek Raut,India,39,Batting Allrounder ,Right Handed Bat ,Right-arm legbreak,0,0,0,22,0,0,0,16,0,0,0,194,0,0,0,167,0,0,0,36,0,0,0,21.56,0,0,0,116.17,0,0,0,13,0,0,0,7,0,0,0,1,0,0,0,0,0,0,0,0,0,0,0,0,0,0,0,0,0,0,0,0,0,0,0,0,0,0,0,30,44,0,0,8.8
808,Azhar Bilakhia,India,42,Batsman ,Right Handed Bat,,0,0,0,7,0,0,0,7,0,0,0,69,0,0,0,85,0,0,0,22,0,0,0,13.8,0,0,0,81.18,0,0,0,5,0,0,0,0,0,0,0,0,0,0,0,0,0,0,0,0,0,0,0,0,0,0,0,0,0,0,0,0,0,0,0,0,0,0,0,0,0,0,0,0
809,David Bernard,West Indies,44,Batsman ,Right Handed Bat ,Right-arm fast-medium,3,20,1,0,6,12,1,0,202,141,1,0,380,219,1,0,69,38,1,0,40.4,14.1,0,0,53.16,64.39,100.00,0,18,10,0,0,3,0,0,0,0,1,0,0,3,0,0,0,0,0,0,0,0,0,0,0,258,185,4,4,4.3,624,526,5,14,5.06,24,17,0,0,4.25,0,0,0,0,0
810,Nelon Pascal,West Indies,39,Bowler ,Right Handed Bat ,Right-arm fast,2,1,0,0,2,1,0,0,12,0,0,0,27,1,0,0,10,0,0,0,6,0,0,0,44.45,0.00,0,0,2,0,0,0,0,0,0,0,0,1,0,0,0,0,0,0,0,0,0,0,0,0,0,0,102,59,2,0,3.47,24,29,0,0,7.25,0,0,0,0,0,0,0,0,0,0
811,Shoaib Shaikh,India,39,Bowler ,Right Handed Bat ,Right-arm medium,0,0,0,2,0,0,0,1,0,0,0,6,0,0,0,7,0,0,0,6,0,0,0,6,0,0,0,85.72,0,0,0,1,0,0,0,0,0,0,0,0,0,0,0,0,0,0,0,0,0,0,0,0,0,0,0,0,0,0,0,0,0,0,0,0,0,0,0,0,0,0,0,0
812,Adrian Barath,West Indies,36,Batsman ,Right Handed Bat ,Right-arm offbreak,15,14,2,3,28,14,2,3,657,394,23,42,1388,612,39,42,104,113,15,33,23.46,28.14,11.5,21,47.34,64.38,58.98,100.00,93,43,3,5,5,3,0,1,2,2,0,0,4,1,0,0,1,1,0,0,0,0,0,0,6,4,0,0,4,0,0,0,0,0,0,0,0,0,0,0,0,0,0,0
813,Shamsur Rahman,Bangladesh,37,Batsman ,Right Handed Bat ,Right-arm offbreak,6,10,9,0,12,10,8,0,305,266,86,0,640,350,85,0,106,96,53,0,25.42,26.6,10.75,0,47.66,76.00,101.18,0,40,23,12,0,3,9,1,0,1,2,2,0,0,2,1,0,1,0,0,0,0,0,0,0,6,5,0,0,5,6,13,0,0,13,0,0,0,0,0,0,0,0,0,0
814,James Foster,England,46,WK-Batsman ,Right Handed Bat,,7,11,5,0,12,6,5,0,226,41,37,0,654,71,32,0,48,13,14,0,25.11,13.67,12.33,0,34.56,57.75,115.63,0,27,0,0,0,1,0,1,0,1,0,0,0,0,0,0,0,0,0,0,0,0,0,0,0,0,0,0,0,0,0,0,0,0,0,0,0,0,0,0,0,0,0,0,0
815,Robert Key,England,47,Batsman ,Right Handed Bat ,Right-arm offbreak,15,5,1,0,26,5,1,0,775,54,10,0,1639,135,8,0,221,19,10,0,31,10.8,0,0,47.29,40.00,125.00,0,97,6,0,0,2,0,0,0,2,1,0,0,3,0,0,0,1,0,0,0,1,0,0,0,0,0,0,0,0,0,0,0,0,0,0,0,0,0,0,0,0,0,0,0
816,Ruud Nijman,Netherlands,43,Bowler ,Right Handed Bat ,Right-arm fast-medium,0,1,0,0,0,0,0,0,0,0,0,0,0,0,0,0,0,0,0,0,0,0,0,0,0,0,0,0,0,0,0,0,0,0,0,0,0,0,0,0,0,0,0,0,0,0,0,0,0,0,0,0,0,0,0,0,0,49,31,0,3,3.8,0,0,0,0,0,0,0,0,0,0
817,Mohammad Amir,Pakistan,34,Bowler ,Left Handed Bat ,Left-arm fast-medium,36,61,62,0,67,30,17,0,751,363,65,0,1980,444,76,0,48,73,21,0,13.41,18.15,7.22,0,37.93,81.76,85.53,0,91,32,3,0,3,8,3,0,7,5,2,0,0,2,0,0,0,0,0,0,0,0,0,0,7619,3627,291,119,2.86,3013,2400,34,81,4.78,1321,1558,6,71,7.08,0,0,0,0,0
818,Shahzaib Hasan,Pakistan,36,Batsman ,Right Handed Bat ,Right-arm offbreak,0,3,10,0,0,3,10,0,0,100,116,0,0,113,130,0,0,50,35,0,0,33.33,11.6,0,0,88.50,89.24,0,0,13,13,0,0,2,3,0,0,0,3,0,0,1,0,0,0,0,0,0,0,0,0,0,0,0,0,0,0,0,0,0,0,0,0,0,0,0,0,0,0,0,0,0
819,Jan Stander,Scotland,44,Bowler ,Right Handed Bat ,Right-arm fast-medium,0,5,11,0,0,5,11,0,0,44,94,0,0,75,90,0,0,22,45,0,0,11,10.44,0,0,58.67,104.45,0,0,1,6,0,0,3,4,0,0,1,3,0,0,0,0,0,0,0,0,0,0,0,0,0,0,0,0,0,0,150,166,2,6,6.64,81,156,0,3,11.56,0,0,0,0,0
820,Isuru Udana,Sri Lanka,38,Bowling Allrounder ,Right Handed Bat ,Left-arm fast-medium,0,21,35,10,0,18,25,4,0,237,256,15,0,249,186,11,0,78,84,10,0,16.93,18.29,5,0,95.19,137.64,136.37,0,17,16,1,0,10,14,1,0,2,3,1,0,1,1,0,0,0,0,0,0,0,0,0,0,0,0,0,0,909,950,2,18,6.27,631,915,1,27,8.7,174,282,0,8,9.72
821,Kaushal Silva,Sri Lanka,39,WK-Batsman ,Right Handed Bat,,39,0,0,0,74,0,0,0,2099,0,0,0,5212,0,0,0,139,0,0,0,28.36,0,0,0,40.28,0,0,0,238,0,0,0,2,0,0,0,6,0,0,0,12,0,0,0,3,0,0,0,0,0,0,0,0,0,0,0,0,0,0,0,0,0,0,0,0,0,0,0,0,0,0,0
822,Suraj Randiv,Sri Lanka,41,Bowler ,Right Handed Bat ,Right-arm offbreak,12,31,7,8,17,18,2,1,147,280,8,2,480,382,6,4,39,56,6,2,9.19,17.5,4,2,30.63,73.30,133.34,50.00,16,28,1,0,0,1,0,0,3,2,0,0,0,1,0,0,0,0,0,0,0,0,0,0,3146,1614,71,43,3.08,1437,1214,5,36,5.07,126,139,0,7,6.62,174,223,0,6,7.69
823,Graham Manou,Australia,47,WK-Batsman ,Right Handed Bat,,1,4,0,0,2,1,0,0,21,7,0,0,39,6,0,0,13,7,0,0,21,7,0,0,53.85,116.67,0,0,3,0,0,0,0,0,0,0,0,0,0,0,0,0,0,0,0,0,0,0,0,0,0,0,0,0,0,0,0,0,0,0,0,0,0,0,0,0,0,0,0,0,0,0
824,Floyd Reifer,West Indies,53,Batsman ,Left Handed Bat ,Right-arm medium,6,8,1,0,12,8,1,0,111,117,22,0,345,229,20,0,29,40,22,0,9.25,14.63,22,0,32.18,51.10,110.00,0,12,10,2,0,0,2,1,0,3,0,0,0,0,0,0,0,0,0,0,0,0,0,0,0,0,0,0,0,0,0,0,0,0,0,0,0,0,0,0,0,0,0,0,0
825,Ryan Austin,West Indies,44,Bowler ,Right Handed Bat ,Right-arm offbreak,2,0,0,0,4,0,0,0,39,0,0,0,216,0,0,0,19,0,0,0,9.75,0,0,0,18.06,0,0,0,4,0,0,0,0,0,0,0,1,0,0,0,0,0,0,0,0,0,0,0,0,0,0,0,326,155,9,3,2.85,0,0,0,0,0,0,0,0,0,0,0,0,0,0,0
826,Kraigg Brathwaite,West Indies,33,Batsman ,Right Handed Bat ,Right-arm offbreak,100,10,0,0,193,10,0,0,5950,278,0,0,14571,483,0,0,212,78,0,0,32.51,27.8,0,0,40.84,57.56,0,0,595,15,0,0,17,0,0,0,19,0,0,0,31,1,0,0,12,0,0,0,1,0,0,0,2809,1558,35,29,3.33,152,140,0,1,5.53,0,0,0,0,0,0,0,0,0,0
827,Omar Phillips,West Indies,39,Batsman ,Left Handed Bat,,2,0,0,0,4,0,0,0,160,0,0,0,312,0,0,0,94,0,0,0,40,0,0,0,51.29,0,0,0,16,0,0,0,0,0,0,0,0,0,0,0,1,0,0,0,0,0,0,0,0,0,0,0,0,0,0,0,0,0,0,0,0,0,0,0,0,0,0,0,0,0,0,0
828,Chadwick Walton,West Indies,40,WK-Batsman ,Right Handed Bat,,2,9,19,0,4,8,17,0,13,53,225,0,20,86,203,0,10,19,40,0,3.25,6.63,13.24,0,65.00,61.63,110.84,0,0,7,23,0,1,0,11,0,1,4,5,0,0,0,0,0,0,0,0,0,0,0,0,0,0,0,0,0,0,0,0,0,0,0,0,0,0,0,0,0,0,0,0,0
829,Kieran Powell,West Indies,36,Batsman ,Left Handed Bat ,Right-arm medium,44,46,1,0,83,44,1,0,2113,1005,12,0,4152,1278,14,0,134,83,12,0,25.77,22.84,12,0,50.90,78.64,85.72,0,278,115,1,0,16,15,0,0,8,4,0,0,7,9,0,0,3,0,0,0,0,0,0,0,6,0,1,0,0,0,0,0,0,0,0,0,0,0,0,0,0,0,0,0
830,Devon Thomas,West Indies,36,WK-Batsman ,Right Handed Bat ,Right-arm medium,1,21,12,0,2,19,8,0,31,238,51,0,93,364,54,0,19,37,31,0,15.5,14,8.5,0,33.34,65.39,94.45,0,3,19,4,0,0,2,2,0,0,3,0,0,0,0,0,0,0,0,0,0,0,0,0,0,96,66,1,2,4.13,7,11,0,2,9.43,0,0,0,0,0,0,0,0,0,0
831,Gavin Tonge,West Indies,43,Bowler ,Right Handed Bat ,Right-arm fast-medium,1,5,1,0,2,4,0,0,25,10,0,0,26,16,0,0,23,5,0,0,25,5,0,0,96.16,62.50,0,0,2,1,0,0,0,0,0,0,0,0,0,0,0,0,0,0,0,0,0,0,0,0,0,0,168,113,3,1,4.04,300,224,6,5,4.48,24,25,0,1,6.25,0,0,0,0,0
832,Umar Akmal,Pakistan,35,Batsman ,Right Handed Bat,,16,121,84,0,30,110,79,0,1003,3194,1690,0,1520,3711,1377,0,129,102,94,0,35.82,34.34,26,0,65.99,86.07,122.74,0,117,268,122,0,17,53,55,0,1,8,10,0,6,20,8,0,1,2,0,0,0,0,0,0,0,0,0,0,0,0,0,0,0,0,0,0,0,0,0,0,0,0,0,0
833,Tim Paine,Australia,41,WK-Batsman ,Right Handed Bat ,Right-arm medium,35,35,12,2,57,35,9,2,1535,890,82,10,3355,1257,77,26,92,111,25,8,32.66,27.81,10.25,5,45.76,70.81,106.50,38.47,172,96,7,0,4,6,3,0,4,1,2,0,9,5,0,0,0,1,0,0,0,0,0,0,0,0,0,0,0,0,0,0,0,0,0,0,0,0,0,0,0,0,0,0
834,Joe Denly,England,40,Batting Allrounder ,Right Handed Bat ,Right-arm legbreak,15,16,13,1,28,13,12,1,827,446,125,0,2086,629,118,1,94,87,30,0,29.54,34.31,12.5,0,39.65,70.91,105.94,0.00,110,44,15,0,4,6,1,0,0,0,2,1,6,4,0,0,0,0,0,0,0,0,0,0,390,219,11,2,3.37,102,101,0,1,5.94,72,93,0,7,7.75,0,0,0,0,0
835,Marc Petrie,Scotland,36,WK-Batsman ,Left Handed Bat,,0,4,0,0,0,2,0,0,0,3,0,0,0,18,0,0,0,3,0,0,0,1.5,0,0,0,16.67,0,0,0,0,0,0,0,0,0,0,0,1,0,0,0,0,0,0,0,0,0,0,0,0,0,0,0,0,0,0,0,0,0,0,0,0,0,0,0,0,0,0,0,0,0,0
836,Sushant Marathe,India,40,WK-Batsman ,Left Handed Bat ,Right-arm legbreak,,,,,,,,,,,,,,,,,,,,,,,,,,,,,,,,,,,,,,,,,,,,,,,,,,,,,,,,,,,,,,,,,,,,,,,,
837,Gihan Rupasinghe,Sri Lanka,40,Batsman ,Left Handed Bat ,Right-arm legbreak,0,0,2,0,0,0,2,0,0,0,33,0,0,0,39,0,0,0,18,0,0,0,16.5,0,0,0,84.62,0,0,0,2,0,0,0,0,0,0,0,0,0,0,0,0,0,0,0,0,0,0,0,0,0,0,0,0,0,0,0,0,0,0,0,0,0,0,0,0,0,0,0,0,0
838,Deepak Chougule,India,42,Batsman ,Right Handed Bat,,,,,,,,,,,,,,,,,,,,,,,,,,,,,,,,,,,,,,,,,,,,,,,,,,,,,,,,,,,,,,,,,,,,,,,,,
839,Tilak Naidu,India,,Batsman ,Right Handed Bat,,,,,,,,,,,,,,,,,,,,,,,,,,,,,,,,,,,,,,,,,,,,,,,,,,,,,,,,,,,,,,,,,,,,,,,,,
840,Amit Verma,India,38,Batsman ,Left Handed Bat ,Right-arm legbreak,,,,,,,,,,,,,,,,,,,,,,,,,,,,,,,,,,,,,,,,,,,,,,,,,,,,,,,,,,,,,,,,,,,,,,,,
841,Maniunath Manjunath,India,41,Batsman ,Right Handed Bat,,,,,,,,,,,,,,,,,,,,,,,,,,,,,,,,,,,,,,,,,,,,,,,,,,,,,,,,,,,,,,,,,,,,,,,,,
842,Sunil Kumar,India,39,Batsman ,Left Handed Bat ,Left-arm medium,,,,,,,,,,,,,,,,,,,,,,,,,,,,,,,,,,,,,,,,,,,,,,,,,,,,,,,,,,,,,,,,,,,,,,,,
843,Anand Katti,India,53,Batsman ,Right Handed Bat,,,,,,,,,,,,,,,,,,,,,,,,,,,,,,,,,,,,,,,,,,,,,,,,,,,,,,,,,,,,,,,,,,,,,,,,,
844,Manjesh Reddy,India,43,Batsman ,Right Handed Bat ,Right-arm offbreak,,,,,,,,,,,,,,,,,,,,,,,,,,,,,,,,,,,,,,,,,,,,,,,,,,,,,,,,,,,,,,,,,,,,,,,,
845,Sunil Kumar,India,47,Batsman ,Right Handed Bat ,Right-arm medium,,,,,,,,,,,,,,,,,,,,,,,,,,,,,,,,,,,,,,,,,,,,,,,,,,,,,,,,,,,,,,,,,,,,,,,,
846,Sarfaraz Ashraf,India,36,Bowling Allrounder ,Left Handed Bat ,Left-arm wrist-spin,,,,,,,,,,,,,,,,,,,,,,,,,,,,,,,,,,,,,,,,,,,,,,,,,,,,,,,,,,,,,,,,,,,,,,,,
847,KV Bharath,India,42,Batsman ,Right Handed Bat,,,,,,,,,,,,,,,,,,,,,,,,,,,,,,,,,,,,,,,,,,,,,,,,,,,,,,,,,,,,,,,,,,,,,,,,,
848,Abdul Kadir,Pakistan,57,Batsman ,Right Handed Bat,,4,0,0,0,8,0,0,0,272,0,0,0,129,0,0,0,95,0,0,0,34,0,0,0,210.86,0,0,0,21,0,0,0,0,0,0,0,2,0,0,0,2,0,0,0,0,0,0,0,0,0,0,0,0,0,0,0,0,0,0,0,0,0,0,0,0,0,0,0,0,0,0,0
849,Syed Khaja,India,39,Bowler ,Left Handed Bat ,Left-arm orthodox,,,,,,,,,,,,,,,,,,,,,,,,,,,,,,,,,,,,,,,,,,,,,,,,,,,,,,,,,,,,,,,,,,,,,,,,
850,Venkatesh Prasad,India,56,Bowler ,Right Handed Bat ,Right-arm fast-medium,33,161,0,0,47,63,0,0,203,221,0,0,703,367,0,0,30,19,0,0,7.52,6.91,0,0,28.88,60.22,0,0,11,7,0,0,0,5,0,0,10,8,0,0,0,0,0,0,0,0,0,0,0,0,0,0,7041,3360,275,96,2.86,8129,6332,79,196,4.67,0,0,0,0,0,0,0,0,0,0
851,David Johnson,India,54,Batsman ,Right Handed Bat ,Right-arm medium,2,0,0,0,3,0,0,0,8,0,0,0,35,0,0,0,5,0,0,0,4,0,0,0,22.86,0,0,0,1,0,0,0,0,0,0,0,0,0,0,0,0,0,0,0,0,0,0,0,0,0,0,0,240,143,6,3,3.58,0,0,0,0,0,0,0,0,0,0,0,0,0,0,0
852,Abhishek Jagan,India,45,Bowler ,Right Handed Bat,,,,,,,,,,,,,,,,,,,,,,,,,,,,,,,,,,,,,,,,,,,,,,,,,,,,,,,,,,,,,,,,,,,,,,,,,
853,Dharshana Gamage,Sri Lanka,47,Batsman ,Right Handed Bat ,Right-arm fast-medium,0,3,0,0,0,2,0,0,0,3,0,0,0,10,0,0,0,2,0,0,0,3,0,0,0,30.00,0,0,0,0,0,0,0,0,0,0,0,0,0,0,0,0,0,0,0,0,0,0,0,0,0,0,0,0,0,0,0,95,83,2,2,5.24,0,0,0,0,0,0,0,0,0,0
854,Abrar Kazi,India,36,Bowler ,Left Handed Bat ,Left-arm orthodox,0,0,0,1,0,0,0,0,0,0,0,0,0,0,0,0,0,0,0,0,0,0,0,0,0,0,0,0,0,0,0,0,0,0,0,0,0,0,0,0,0,0,0,0,0,0,0,0,0,0,0,0,0,0,0,0,0,0,0,0,0,0,0,0,0,0,0,12,21,0,0,10.5
855,Mayank Agarwal,India,35,Batsman ,Right Handed Bat ,Right-arm offbreak,21,5,0,131,36,5,0,125,1488,86,0,2760,2782,83,0,2064,243,32,0,106,41.33,17.2,0,23,53.49,103.62,0,133.73,189,12,0,274,28,1,0,100,1,0,0,7,6,0,0,13,4,0,0,1,2,0,0,0,0,0,0,0,0,6,10,0,0,10,0,0,0,0,0,0,0,0,0,0
856,Santhebennur Akshay,India,39,Bowling Allrounder ,Right Handed Bat,,,,,,,,,,,,,,,,,,,,,,,,,,,,,,,,,,,,,,,,,,,,,,,,,,,,,,,,,,,,,,,,,,,,,,,,,
857,K C,India,38,Batsman ,Right Handed Bat,,,,,,,,,,,,,,,,,,,,,,,,,,,,,,,,,,,,,,,,,,,,,,,,,,,,,,,,,,,,,,,,,,,,,,,,,
858,Balasubramaniam,India,42,Bowling Allrounder ,Right Handed Bat ,Right-arm offbreak,,,,,,,,,,,,,,,,,,,,,,,,,,,,,,,,,,,,,,,,,,,,,,,,,,,,,,,,,,,,,,,,,,,,,,,,
859,Kunal Kapoor,India,38,Batsman ,Right Handed Bat ,Right-arm medium,,,,,,,,,,,,,,,,,,,,,,,,,,,,,,,,,,,,,,,,,,,,,,,,,,,,,,,,,,,,,,,,,,,,,,,,
860,Sandesh Satish,India,39,Bowler ,Right Handed Bat,,,,,,,,,,,,,,,,,,,,,,,,,,,,,,,,,,,,,,,,,,,,,,,,,,,,,,,,,,,,,,,,,,,,,,,,,
861,Sanjay Kumar,India,40,Batting Allrounder ,Right Handed Bat ,Right-arm medium,,,,,,,,,,,,,,,,,,,,,,,,,,,,,,,,,,,,,,,,,,,,,,,,,,,,,,,,,,,,,,,,,,,,,,,,
862,Ganesh Satish,India,38,Batsman ,Right Handed Bat,,,,,,,,,,,,,,,,,,,,,,,,,,,,,,,,,,,,,,,,,,,,,,,,,,,,,,,,,,,,,,,,,,,,,,,,,
863,Rajashekar Shanbal,India,47,WK-Batsman ,Right Handed Bat,,,,,,,,,,,,,,,,,,,,,,,,,,,,,,,,,,,,,,,,,,,,,,,,,,,,,,,,,,,,,,,,,,,,,,,,,
864,Karan Tandon,India,39,Bowler ,Right Handed Bat ,Right-arm offbreak,,,,,,,,,,,,,,,,,,,,,,,,,,,,,,,,,,,,,,,,,,,,,,,,,,,,,,,,,,,,,,,,,,,,,,,,
865,Vijay Karthik,India,43,Batsman ,Right Handed Bat,,,,,,,,,,,,,,,,,,,,,,,,,,,,,,,,,,,,,,,,,,,,,,,,,,,,,,,,,,,,,,,,,,,,,,,,,
866,Tejesh Wagle,India,41,Batsman ,Right Handed Bat,,,,,,,,,,,,,,,,,,,,,,,,,,,,,,,,,,,,,,,,,,,,,,,,,,,,,,,,,,,,,,,,,,,,,,,,,
867,L Jagadeesh,India,49,Batsman ,Right Handed Bat ,Left-arm medium,,,,,,,,,,,,,,,,,,,,,,,,,,,,,,,,,,,,,,,,,,,,,,,,,,,,,,,,,,,,,,,,,,,,,,,,
868,Royston Crandon,West Indies,42,Batsman ,Right Handed Bat ,Right-arm offbreak,0,1,0,0,0,1,0,0,0,5,0,0,0,9,0,0,0,5,0,0,0,5,0,0,0,55.56,0,0,0,1,0,0,0,0,0,0,0,0,0,0,0,0,0,0,0,0,0,0,0,0,0,0,0,0,0,0,0,0,0,0,0,0,0,0,0,0,0,0,0,0,0,0
869,Prashant Naik,India,39,Batsman ,Right Handed Bat ,Right-arm legbreak,,,,,,,,,,,,,,,,,,,,,,,,,,,,,,,,,,,,,,,,,,,,,,,,,,,,,,,,,,,,,,,,,,,,,,,,
870,Derek Brand,South Africa,50,Batsman ,Right Handed Bat ,Right-arm medium,,,,,,,,,,,,,,,,,,,,,,,,,,,,,,,,,,,,,,,,,,,,,,,,,,,,,,,,,,,,,,,,,,,,,,,,
871,Ryan Canning,South Africa,42,WK-Batsman ,Right Handed Bat,,,,,,,,,,,,,,,,,,,,,,,,,,,,,,,,,,,,,,,,,,,,,,,,,,,,,,,,,,,,,,,,,,,,,,,,,
872,Henry Davids,South Africa,46,Batsman ,Right Handed Bat ,Right-arm offbreak,0,2,9,0,0,2,9,0,0,8,161,0,0,24,134,0,0,7,68,0,0,4,17.89,0,0,33.34,120.15,0,0,0,18,0,0,0,4,0,0,0,2,0,0,0,2,0,0,0,0,0,0,0,0,0,0,0,0,0,0,0,0,0,0,0,12,13,0,1,6.5,0,0,0,0,0
873,Sybrand Engelbrecht,Netherlands,37,Batting Allrounder ,Right Handed Bat ,Right-arm offbreak,0,12,12,0,0,12,10,0,0,385,280,0,0,587,211,0,0,70,75,0,0,35,31.11,0,0,65.59,132.71,0,0,34,21,0,0,3,12,0,0,0,1,0,0,2,1,0,0,0,0,0,0,0,0,0,0,0,0,0,0,12,17,0,0,8.5,48,71,0,5,8.88,0,0,0,0,0
874,Claude Henderson,South Africa,53,Batsman ,Right Handed Bat ,Left-arm orthodox,7,4,0,0,7,0,0,0,65,0,0,0,202,0,0,0,30,0,0,0,9.29,0,0,0,32.18,0,0,0,9,0,0,0,0,0,0,0,1,0,0,0,0,0,0,0,0,0,0,0,0,0,0,0,1962,928,79,22,2.84,217,132,2,7,3.65,0,0,0,0,0,0,0,0,0,0
875,Richard Levi,South Africa,38,Batsman ,Right Handed Bat ,Right-arm medium,0,0,13,6,0,0,13,6,0,0,236,83,0,0,166,73,0,0,117,50,0,0,21.45,13.83,0,0,142.17,113.70,0,0,20,10,0,0,15,4,0,0,3,2,0,0,1,1,0,0,1,0,0,0,0,0,0,0,0,0,0,0,0,0,0,0,0,0,0,0,0,0,0,0,0,0
876,Francois Plaatjies,South Africa,39,Bowler ,Right Handed Bat ,Right-arm fast-medium,,,,,,,,,,,,,,,,,,,,,,,,,,,,,,,,,,,,,,,,,,,,,,,,,,,,,,,,,,,,,,,,,,,,,,,,
877,Ryan Bailey,South Africa,43,Batsman ,Right Handed Bat ,Right-arm medium,,,,,,,,,,,,,,,,,,,,,,,,,,,,,,,,,,,,,,,,,,,,,,,,,,,,,,,,,,,,,,,,,,,,,,,,
878,Jandre Coetzee,Thailand,42,Bowler ,Left Handed Bat ,Left-arm medium,0,0,26,0,0,0,23,0,0,0,378,0,0,0,349,0,0,0,45,0,0,0,22.24,0,0,0,108.31,0,0,0,24,0,0,0,14,0,0,0,1,0,0,0,0,0,0,0,0,0,0,0,0,0,0,0,0,0,0,0,0,0,0,0,512,404,6,44,4.73,0,0,0,0,0
879,Cornelius de,South Africa,40,Bowler ,Right Handed Bat ,Right-arm fast-medium,,,,,,,,,,,,,,,,,,,,,,,,,,,,,,,,,,,,,,,,,,,,,,,,,,,,,,,,,,,,,,,,,,,,,,,,
880,Dean Elgar,South Africa,38,Batsman ,Left Handed Bat ,Left-arm orthodox,86,8,0,0,152,7,0,0,5347,104,0,0,11190,177,0,0,199,42,0,0,37.65,17.33,0,0,47.79,58.76,0,0,684,6,0,0,26,0,0,0,13,0,0,0,23,0,0,0,14,0,0,0,0,0,0,0,1036,673,12,15,3.9,96,67,1,2,4.19,0,0,0,0,0,0,0,0,0,0
881,Alan Kruger,South Africa,45,Batting Allrounder ,Right Handed Bat ,Right-arm medium,,,,,,,,,,,,,,,,,,,,,,,,,,,,,,,,,,,,,,,,,,,,,,,,,,,,,,,,,,,,,,,,,,,,,,,,
882,Adrian McLaren,South Africa,46,WK-Batsman ,Right Handed Bat,,,,,,,,,,,,,,,,,,,,,,,,,,,,,,,,,,,,,,,,,,,,,,,,,,,,,,,,,,,,,,,,,,,,,,,,,
883,Victor Mpitsang,South Africa,46,Bowler ,Right Handed Bat ,Right-arm fast-medium,0,2,0,0,0,1,0,0,0,1,0,0,0,1,0,0,0,1,0,0,0,0,0,0,0,100.00,0,0,0,0,0,0,0,0,0,0,0,0,0,0,0,0,0,0,0,0,0,0,0,0,0,0,0,0,0,0,0,60,63,1,2,6.3,0,0,0,0,0,0,0,0,0,0
884,Rilee Rossouw,South Africa,36,Batsman ,Left Handed Bat ,Right-arm offbreak,0,36,29,22,0,35,27,22,0,1239,767,473,0,1313,480,308,0,132,109,82,0,38.72,34.86,23.65,0,94.37,159.80,153.58,0,131,69,45,0,22,39,25,0,5,5,4,0,7,3,2,0,3,2,0,0,0,0,0,0,0,0,0,0,45,44,0,1,5.87,0,0,0,0,0,0,0,0,0,0
885,Shadley van,United States of America,37,Bowling Allrounder ,Left Handed Bat ,Right-arm fast-medium,0,13,18,0,0,10,13,0,0,167,107,0,0,263,95,0,0,58,18,0,0,20.88,21.4,0,0,63.50,112.64,0,0,13,8,0,0,4,3,0,0,1,1,0,0,1,0,0,0,0,0,0,0,0,0,0,0,0,0,0,0,552,550,5,17,5.98,357,513,0,28,8.62,0,0,0,0,0
886,Steve OKeefe,Australia,41,Bowling Allrounder ,Right Handed Bat ,Left-arm orthodox,9,0,7,0,13,0,5,0,86,0,32,0,433,0,26,0,25,0,22,0,9.56,0,6.4,0,19.87,0,123.08,0,11,0,4,0,0,0,1,0,2,0,0,0,0,0,0,0,0,0,0,0,0,0,0,0,2228,1029,68,35,2.77,0,0,0,0,0,114,149,0,6,7.84,0,0,0,0,0
887,Ben Rohrer,Australia,45,Batsman ,Left Handed Bat,,0,0,1,8,0,0,1,8,0,0,16,193,0,0,14,140,0,0,16,64,0,0,16,32.17,0,0,114.29,137.86,0,0,0,21,0,0,1,5,0,0,0,0,0,0,0,1,0,0,0,0,0,0,0,0,0,0,0,0,0,0,0,0,0,0,0,0,0,0,0,6,12,0,0,12
888,Daniel Smith,Australia,44,WK-Batsman ,Right Handed Bat,,,,,,,,,,,,,,,,,,,,,,,,,,,,,,,,,,,,,,,,,,,,,,,,,,,,,,,,,,,,,,,,,,,,,,,,,
889,Steven Smith,Australia,36,Batsman ,Right Handed Bat ,Right-arm legbreak,123,170,67,103,220,154,55,93,10763,5800,1094,2485,19966,6669,872,1940,239,164,90,101,56.06,43.28,24.86,34.51,53.91,86.97,125.46,128.10,1172,521,96,225,67,58,26,60,11,8,1,1,44,35,5,11,37,12,0,1,4,0,0,0,1470,1008,28,19,4.11,1076,971,1,28,5.41,291,378,1,17,7.79,2,5,0,0,0
890,Derek de,New Zealand,40,WK-Batsman ,Right Handed Bat,,,,,,,,,,,,,,,,,,,,,,,,,,,,,,,,,,,,,,,,,,,,,,,,,,,,,,,,,,,,,,,,,,,,,,,,,
891,Hamish Rutherford,New Zealand,37,Batsman ,Left Handed Bat ,Left-arm orthodox,16,4,8,0,29,4,7,0,755,15,151,0,1338,56,105,0,171,11,62,0,26.96,3.75,21.57,0,56.43,26.79,143.81,0,98,2,12,0,9,0,9,0,2,0,1,0,1,0,1,0,1,0,0,0,0,0,0,0,6,2,0,0,2,0,0,0,0,0,0,0,0,0,0,0,0,0,0,0
892,Neil Wagner,New Zealand,40,Bowler ,Left Handed Bat ,Left-arm fast-medium,64,0,0,0,84,0,0,0,874,0,0,0,1687,0,0,0,66,0,0,0,14.57,0,0,0,51.81,0,0,0,96,0,0,0,36,0,0,0,17,0,0,0,1,0,0,0,0,0,0,0,0,0,0,0,13725,7169,473,260,3.13,0,0,0,0,0,0,0,0,0,0,0,0,0,0,0
893,Jos Buttler,England,35,WK-Batsman ,Right Handed Bat,,57,199,155,135,100,171,143,133,2907,5515,4037,4589,5365,4788,2732,3060,152,162,101,124,31.95,39.11,33.64,39.9,54.19,115.19,147.77,149.97,339,444,373,453,33,184,175,209,9,15,10,8,18,29,28,28,2,11,1,7,0,0,0,0,0,0,0,0,0,0,0,0,0,0,0,0,0,0,0,0,0,0,0,0
894,Zander de,South Africa,50,Batting Allrounder ,Right Handed Bat ,Right-arm fast-medium,3,0,0,0,5,0,0,0,155,0,0,0,409,0,0,0,83,0,0,0,38.75,0,0,0,37.90,0,0,0,12,0,0,0,3,0,0,0,0,0,0,0,1,0,0,0,0,0,0,0,0,0,0,0,216,92,8,3,2.56,0,0,0,0,0,0,0,0,0,0,0,0,0,0,0
895,Wes Durston,England,45,Batting Allrounder ,Right Handed Bat ,Right-arm offbreak,,,,,,,,,,,,,,,,,,,,,,,,,,,,,,,,,,,,,,,,,,,,,,,,,,,,,,,,,,,,,,,,,,,,,,,,
896,Craig Kieswetter,England,38,WK-Batsman ,Right Handed Bat,,0,46,25,0,0,40,25,0,0,1054,526,0,0,1172,470,0,0,107,63,0,0,30.11,21.92,0,0,89.94,111.92,0,0,106,47,0,0,32,23,0,0,4,2,0,0,5,3,0,0,1,0,0,0,0,0,0,0,0,0,0,0,0,0,0,0,0,0,0,0,0,0,0,0,0,0,0
897,Ben Phillips,England,51,Batsman ,Right Handed Bat ,Right-arm fast-medium,,,,,,,,,,,,,,,,,,,,,,,,,,,,,,,,,,,,,,,,,,,,,,,,,,,,,,,,,,,,,,,,,,,,,,,,
898,Arul Suppiah,England,42,Batsman ,Right Handed Bat ,Left-arm orthodox,,,,,,,,,,,,,,,,,,,,,,,,,,,,,,,,,,,,,,,,,,,,,,,,,,,,,,,,,,,,,,,,,,,,,,,,
899,Peter Trego,England,44,Batting Allrounder ,Right Handed Bat ,Right-arm medium,,,,,,,,,,,,,,,,,,,,,,,,,,,,,,,,,,,,,,,,,,,,,,,,,,,,,,,,,,,,,,,,,,,,,,,,
900,Mark Turner,England,41,Bowler ,Right Handed Bat ,Right-arm fast-medium,,,,,,,,,,,,,,,,,,,,,,,,,,,,,,,,,,,,,,,,,,,,,,,,,,,,,,,,,,,,,,,,,,,,,,,,
901,Max Waller,England,38,Bowler ,Right Handed Bat ,Right-arm legbreak,,,,,,,,,,,,,,,,,,,,,,,,,,,,,,,,,,,,,,,,,,,,,,,,,,,,,,,,,,,,,,,,,,,,,,,,
902,Charl Willoughby,South Africa,51,Batsman ,Left Handed Bat ,Left-arm fast-medium,2,3,0,0,0,2,0,0,0,0,0,0,0,4,0,0,0,0,0,0,0,0,0,0,0,0.00,0,0,0,0,0,0,0,0,0,0,0,2,0,0,0,0,0,0,0,0,0,0,0,0,0,0,300,125,18,1,2.5,168,148,2,2,5.29,0,0,0,0,0,0,0,0,0,0
903,Will Beer,England,37,Bowler ,Right Handed Bat ,Right-arm legbreak,,,,,,,,,,,,,,,,,,,,,,,,,,,,,,,,,,,,,,,,,,,,,,,,,,,,,,,,,,,,,,,,,,,,,,,,
904,Ben Brown,England,37,WK-Batsman ,Right Handed Bat,,,,,,,,,,,,,,,,,,,,,,,,,,,,,,,,,,,,,,,,,,,,,,,,,,,,,,,,,,,,,,,,,,,,,,,,,
905,Joe Gatting,England,38,Batsman ,Right Handed Bat ,Right-arm offbreak,,,,,,,,,,,,,,,,,,,,,,,,,,,,,,,,,,,,,,,,,,,,,,,,,,,,,,,,,,,,,,,,,,,,,,,,
906,Rory Hamilton,England,38,Batsman ,Right Handed Bat ,Right-arm offbreak,,,,,,,,,,,,,,,,,,,,,,,,,,,,,,,,,,,,,,,,,,,,,,,,,,,,,,,,,,,,,,,,,,,,,,,,
907,Andy Hodd,England,42,WK-Batsman ,Right Handed Bat,,,,,,,,,,,,,,,,,,,,,,,,,,,,,,,,,,,,,,,,,,,,,,,,,,,,,,,,,,,,,,,,,,,,,,,,,
908,Chad Keegan,England,46,Batsman ,Right Handed Bat ,Right-arm medium,,,,,,,,,,,,,,,,,,,,,,,,,,,,,,,,,,,,,,,,,,,,,,,,,,,,,,,,,,,,,,,,,,,,,,,,
909,Robin Martin,England,50,Batsman ,Right Handed Bat ,Right-arm medium,,,,,,,,,,,,,,,,,,,,,,,,,,,,,,,,,,,,,,,,,,,,,,,,,,,,,,,,,,,,,,,,,,,,,,,,
910,Chris Nash,England,43,Batsman ,Right Handed Bat ,Right-arm offbreak,,,,,,,,,,,,,,,,,,,,,,,,,,,,,,,,,,,,,,,,,,,,,,,,,,,,,,,,,,,,,,,,,,,,,,,,
911,Sunil Narine,West Indies,37,Bowling Allrounder ,Left Handed Bat ,Right-arm offbreak,6,65,51,200,7,45,23,126,40,363,155,1820,92,440,138,1101,22,36,30,109,8,11,10.33,17.5,43.48,82.50,112.32,165.31,4,36,13,191,1,12,5,120,1,8,2,18,0,0,0,7,0,0,0,1,0,0,0,0,1650,851,60,21,3.09,3540,2435,35,92,4.13,1102,1105,1,52,6.02,4627,5223,4,206,6.77
912,Jon Holland,Australia,38,Bowler ,Right Handed Bat ,Left-arm orthodox,4,0,0,0,7,0,0,0,6,0,0,0,46,0,0,0,3,0,0,0,3,0,0,0,13.05,0,0,0,0,0,0,0,0,0,0,0,0,0,0,0,0,0,0,0,0,0,0,0,0,0,0,0,960,574,23,9,3.59,0,0,0,0,0,0,0,0,0,0,0,0,0,0,0
913,Damien Wright,Australia,50,Batsman ,Right Handed Bat ,Right-arm fast-medium,,,,,,,,,,,,,,,,,,,,,,,,,,,,,,,,,,,,,,,,,,,,,,,,,,,,,,,,,,,,,,,,,,,,,,,,
914,Sameera de,Sri Lanka,39,WK-Batsman ,Right Handed Bat,,,,,,,,,,,,,,,,,,,,,,,,,,,,,,,,,,,,,,,,,,,,,,,,,,,,,,,,,,,,,,,,,,,,,,,,,
915,Shalika Karunanayake,Sri Lanka,39,Batting Allrounder ,Right Handed Bat ,Right-arm fast-medium,,,,,,,,,,,,,,,,,,,,,,,,,,,,,,,,,,,,,,,,,,,,,,,,,,,,,,,,,,,,,,,,,,,,,,,,
916,Thisara Perera,Sri Lanka,37,Bowling Allrounder ,Left Handed Bat ,Right-arm fast-medium,6,166,84,37,10,133,74,30,203,2338,1204,422,278,2086,794,307,75,140,61,40,20.3,19.98,23.15,19.18,73.03,112.09,151.64,137.46,21,176,88,23,4,84,64,26,0,11,8,1,1,10,3,0,0,1,0,0,0,0,0,0,954,653,20,11,4.11,5900,5740,28,175,5.84,1102,1717,1,51,9.35,698,1016,0,31,8.73
917,James Pattinson,Australia,36,Bowler ,Left Handed Bat ,Right-arm fast,21,15,4,10,25,8,2,2,417,42,5,15,971,80,3,13,47,13,5,11,26.06,10.5,0,15,42.95,52.50,166.67,115.39,44,2,1,2,7,0,0,0,2,0,0,0,0,0,0,0,0,0,0,0,0,0,0,0,3963,2133,142,81,3.23,727,681,6,16,5.62,78,104,0,3,8,213,320,0,11,9.01
918,Stiaan van,South Africa,38,Batsman ,Left Handed Bat ,Right-arm medium,12,0,0,0,17,0,0,0,395,0,0,0,778,0,0,0,101,0,0,0,26.33,0,0,0,50.78,0,0,0,59,0,0,0,0,0,0,0,2,0,0,0,0,0,0,0,1,0,0,0,0,0,0,0,403,148,15,6,2.2,0,0,0,0,0,0,0,0,0,0,0,0,0,0,0
919,Kyle Jarvis,Zimbabwe,37,Bowler ,Right Handed Bat ,Right-arm fast,13,49,22,0,24,33,12,0,128,222,55,0,384,337,64,0,25,37,27,0,9.14,9.65,7.86,0,33.34,65.88,85.94,0,13,22,1,0,1,3,4,0,4,4,4,0,0,0,0,0,0,0,0,0,0,0,0,0,2511,1354,79,46,3.24,2362,2087,23,58,5.3,448,665,0,28,8.91,0,0,0,0,0
920,Chinthaka Jayasinghe,Sri Lanka,48,Batting Allrounder ,Right Handed Bat ,Right-arm medium,0,0,5,0,0,0,3,0,0,0,50,0,0,0,48,0,0,0,38,0,0,0,50,0,0,0,104.17,0,0,0,3,0,0,0,1,0,0,0,0,0,0,0,0,0,0,0,0,0,0,0,0,0,0,0,0,0,0,0,0,0,0,0,0,0,0,0,0,0,0,0,0,0
921,Muthumudalige Pushpakumara,Sri Lanka,44,Bowler ,Right Handed Bat ,Right-arm offbreak,0,3,1,0,0,1,0,0,0,7,0,0,0,19,0,0,0,7,0,0,0,0,0,0,0,36.85,0,0,0,0,0,0,0,0,0,0,0,0,0,0,0,0,0,0,0,0,0,0,0,0,0,0,0,0,0,0,0,30,21,0,0,4.2,18,27,0,1,9,0,0,0,0,0
922,Friedel de,South Africa,45,Bowler ,Right Handed Bat ,Right-arm fast-medium,2,0,0,0,2,0,0,0,20,0,0,0,71,0,0,0,20,0,0,0,10,0,0,0,28.17,0,0,0,3,0,0,0,0,0,0,0,1,0,0,0,0,0,0,0,0,0,0,0,0,0,0,0,426,186,19,6,2.62,0,0,0,0,0,0,0,0,0,0,0,0,0,0,0
923,Mark Davies,England,45,Bowler ,Right Handed Bat ,Right-arm fast-medium,,,,,,,,,,,,,,,,,,,,,,,,,,,,,,,,,,,,,,,,,,,,,,,,,,,,,,,,,,,,,,,,,,,,,,,,
924,Hamid Hassan,Afghanistan,38,Bowler ,Right Handed Bat ,Right-arm fast,0,38,25,0,0,22,9,0,0,107,50,0,0,195,46,0,0,17,22,0,0,6.69,16.67,0,0,54.88,108.70,0,0,10,3,0,0,3,2,0,0,4,0,0,0,0,0,0,0,0,0,0,0,0,0,0,0,0,0,0,0,1734,1331,25,59,4.61,544,580,2,35,6.4,0,0,0,0,0
925,Hasti Gul,Afghanistan,42,Bowler ,Right Handed Bat ,Right-arm medium,0,2,0,0,0,1,0,0,0,23,0,0,0,11,0,0,0,23,0,0,0,0,0,0,0,209.10,0,0,0,2,0,0,0,1,0,0,0,0,0,0,0,0,0,0,0,0,0,0,0,0,0,0,0,0,0,0,0,114,73,1,3,3.84,0,0,0,0,0,0,0,0,0,0
926,Dawlat Ahmadzai,Afghanistan,41,Bowler ,Right Handed Bat ,Right-arm fast-medium,0,3,2,0,0,0,1,0,0,0,2,0,0,0,3,0,0,0,2,0,0,0,0,0,0,0,66.67,0,0,0,0,0,0,0,0,0,0,0,0,0,0,0,0,0,0,0,0,0,0,0,0,0,0,0,0,0,0,112,121,1,1,6.48,24,46,0,2,11.5,0,0,0,0,0
927,Asghar Afghan,Afghanistan,38,Batsman ,Right Handed Bat ,Right-arm fast-medium,6,114,75,0,10,108,68,0,440,2424,1382,0,771,3631,1247,0,164,101,62,0,44,24.48,21.94,0,57.07,66.76,110.83,0,37,163,87,0,11,65,69,0,1,7,5,0,3,12,4,0,1,1,0,0,0,0,0,0,18,17,0,0,5.67,139,91,1,3,3.93,4,4,0,1,0,0,0,0,0,0
928,Karim Sadiq,Afghanistan,42,Bowling Allrounder ,Right Handed Bat ,Right-arm offbreak,0,24,35,0,0,22,36,0,0,475,538,0,0,587,493,0,0,114,72,0,0,23.75,14.94,0,0,80.92,109.13,0,0,49,61,0,0,15,10,0,0,3,4,0,0,0,1,0,0,2,0,0,0,0,0,0,0,0,0,0,0,320,201,3,6,3.77,420,482,0,14,6.89,0,0,0,0,0
929,Khaliq Dad,Afghanistan,42,Bowler ,Right Handed Bat ,Right-arm fast-medium,0,6,0,0,0,4,0,0,0,40,0,0,0,69,0,0,0,20,0,0,0,13.33,0,0,0,57.98,0,0,0,1,0,0,0,0,0,0,0,1,0,0,0,0,0,0,0,0,0,0,0,0,0,0,0,0,0,0,0,252,150,4,9,3.57,0,0,0,0,0,0,0,0,0,0
930,Mohammad Nabi,Afghanistan,41,Bowling Allrounder ,Right Handed Bat ,Right-arm offbreak,3,176,151,24,6,154,140,19,33,3750,2448,215,68,4265,1795,150,24,136,89,31,5.5,27.37,22.25,13.44,48.53,87.93,136.38,143.34,4,241,167,18,1,120,124,11,3,6,9,1,0,18,7,0,0,2,0,0,0,0,0,0,546,254,17,8,2.79,7996,5733,52,176,4.3,2482,3028,5,109,7.32,417,517,0,15,7.44
931,Nawroz Mangal,Afghanistan,41,Batsman ,Right Handed Bat ,Right-arm offbreak,0,49,31,0,0,48,32,0,0,1139,505,0,0,1512,453,0,0,129,65,0,0,27.12,18.04,0,0,75.34,111.48,0,0,99,42,0,0,27,19,0,0,4,4,0,0,4,2,0,0,2,0,0,0,0,0,0,0,0,0,0,0,293,235,3,8,4.81,60,80,0,4,8,0,0,0,0,0
932,Raees Ahmadzai,Afghanistan,41,Batsman ,Right Handed Bat ,Right-arm offbreak,0,5,8,0,0,4,6,0,0,88,91,0,0,137,84,0,0,39,33,0,0,29.33,30.33,0,0,64.24,108.34,0,0,8,5,0,0,0,1,0,0,0,0,0,0,0,0,0,0,0,0,0,0,0,0,0,0,0,0,0,0,24,16,0,0,4,0,0,0,0,0,0,0,0,0,0
933,Noor Ali,Afghanistan,37,Batsman ,Right Handed Bat ,Right-arm fast-medium,2,51,22,0,4,50,23,0,117,1216,597,0,281,1924,586,0,47,114,63,0,29.25,24.32,27.14,0,41.64,63.21,101.88,0,14,132,55,0,0,4,9,0,0,4,1,0,0,7,4,0,0,1,0,0,0,0,0,0,0,0,0,0,0,0,0,0,0,0,0,0,0,0,0,0,0,0,0,0
934,Samiullah Shinwari,Afghanistan,39,Batting Allrounder ,Right Handed Bat ,Right-arm legbreak,0,84,64,0,0,74,56,0,0,1811,1013,0,0,2765,858,0,0,96,61,0,0,29.21,22.02,0,0,65.50,118.07,0,0,137,76,0,0,26,37,0,0,1,2,0,0,11,2,0,0,0,0,0,0,0,0,0,0,0,0,0,0,2111,1729,10,45,4.91,634,688,0,28,6.51,0,0,0,0,0
935,Ahmed Shah,Afghanistan,42,Batsman ,Left Handed Bat ,Left-arm orthodox,0,1,0,0,0,1,0,0,0,2,0,0,0,10,0,0,0,2,0,0,0,2,0,0,0,20.00,0,0,0,0,0,0,0,0,0,0,0,0,0,0,0,0,0,0,0,0,0,0,0,0,0,0,0,0,0,0,0,6,12,0,0,12,0,0,0,0,0,0,0,0,0,0
936,Mirwais Ashraf,Afghanistan,37,Bowling Allrounder ,Right Handed Bat ,Right-arm fast-medium,0,46,24,0,0,38,19,0,0,399,128,0,0,548,115,0,0,52,28,0,0,15.35,11.64,0,0,72.82,111.31,0,0,27,5,0,0,16,8,0,0,3,2,0,0,1,0,0,0,0,0,0,0,0,0,0,0,0,0,0,0,2009,1359,25,46,4.06,392,444,1,14,6.8,0,0,0,0,0
937,Mohammad Shahzad,Afghanistan,39,WK-Batsman ,Right Handed Bat,,2,84,72,0,4,84,73,0,69,2727,2048,0,133,3081,1550,0,40,131,118,0,17.25,33.67,29.26,0,51.88,88.52,132.13,0,12,323,229,0,1,55,76,0,0,4,4,0,0,14,12,0,0,6,1,0,0,0,0,0,0,0,0,0,0,0,0,0,0,0,0,0,0,0,0,0,0,0,0,0
938,Shapoor Zadran,Afghanistan,41,Bowler ,Left Handed Bat ,Left-arm fast-medium,0,44,36,0,0,27,13,0,0,67,27,0,0,160,65,0,0,17,13,0,0,7.44,3.86,0,0,41.88,41.54,0,0,5,0,0,0,3,3,0,0,4,3,0,0,0,0,0,0,0,0,0,0,0,0,0,0,0,0,0,0,1983,1589,34,43,4.81,695,907,3,37,7.83,0,0,0,0,0
939,Shafiqullah Shafiq,Afghanistan,36,WK-Batsman ,Right Handed Bat,,0,24,46,0,0,21,42,0,0,430,494,0,0,408,340,0,0,56,51,0,0,22.63,16.47,0,0,105.40,145.30,0,0,27,35,0,0,24,31,0,0,4,5,0,0,2,1,0,0,0,0,0,0,0,0,0,0,0,0,0,0,0,0,0,0,0,0,0,0,0,0,0,0,0,0,0
940,James Brinkley,Scotland,52,Batsman ,Right Handed Bat ,Right-arm fast-medium,0,5,0,0,0,5,0,0,0,52,0,0,0,118,0,0,0,23,0,0,0,10.4,0,0,0,44.07,0,0,0,6,0,0,0,0,0,0,0,1,0,0,0,0,0,0,0,0,0,0,0,0,0,0,0,0,0,0,0,168,117,0,2,4.18,0,0,0,0,0,0,0,0,0,0
941,Mike Allingham,Scotland,61,Batsman ,Right Handed Bat ,Right-arm medium,0,3,0,0,0,3,0,0,0,11,0,0,0,96,0,0,0,6,0,0,0,3.67,0,0,0,11.46,0,0,0,0,0,0,0,0,0,0,0,0,0,0,0,0,0,0,0,0,0,0,0,0,0,0,0,0,0,0,0,0,0,0,0,0,0,0,0,0,0,0,0,0,0,0
942,Asim Butt,Scotland,42,Batsman ,Right Handed Bat ,Left-arm fast-medium,0,5,0,0,0,4,0,0,0,23,0,0,0,28,0,0,0,11,0,0,0,5.75,0,0,0,82.15,0,0,0,0,0,0,0,2,0,0,0,0,0,0,0,0,0,0,0,0,0,0,0,0,0,0,0,0,0,0,0,222,148,6,4,4,0,0,0,0,0,0,0,0,0,0
943,Alec Davies,Scotland,63,Batsman ,Right Handed Bat,,0,5,0,0,0,5,0,0,0,83,0,0,0,154,0,0,0,32,0,0,0,20.75,0,0,0,53.90,0,0,0,7,0,0,0,0,0,0,0,1,0,0,0,0,0,0,0,0,0,0,0,0,0,0,0,0,0,0,0,0,0,0,0,0,0,0,0,0,0,0,0,0,0,0
944,Nick Dyer,Scotland,56,Batsman ,Right Handed Bat ,Right-arm offbreak,0,5,0,0,0,4,0,0,0,3,0,0,0,14,0,0,0,2,0,0,0,3,0,0,0,21.43,0,0,0,0,0,0,0,0,0,0,0,1,0,0,0,0,0,0,0,0,0,0,0,0,0,0,0,0,0,0,0,156,117,2,5,4.5,0,0,0,0,0,0,0,0,0,0
945,Ian Philip,Scotland,67,Batsman ,Right Handed Bat ,Left-arm orthodox,0,3,0,0,0,3,0,0,0,20,0,0,0,89,0,0,0,17,0,0,0,6.67,0,0,0,22.48,0,0,0,0,0,0,0,0,0,0,0,1,0,0,0,0,0,0,0,0,0,0,0,0,0,0,0,0,0,0,0,0,0,0,0,0,0,0,0,0,0,0,0,0,0,0
946,Bruce Patterson,Scotland,61,Batsman ,Right Handed Bat,,0,3,0,0,0,3,0,0,0,10,0,0,0,43,0,0,0,10,0,0,0,3.33,0,0,0,23.26,0,0,0,2,0,0,0,0,0,0,0,2,0,0,0,0,0,0,0,0,0,0,0,0,0,0,0,0,0,0,0,0,0,0,0,0,0,0,0,0,0,0,0,0,0,0
947,George Salmond,Scotland,56,Batsman ,Right Handed Bat ,Right-arm medium,0,5,0,0,0,5,0,0,0,57,0,0,0,109,0,0,0,31,0,0,0,11.4,0,0,0,52.30,0,0,0,5,0,0,0,0,0,0,0,0,0,0,0,0,0,0,0,0,0,0,0,0,0,0,0,0,0,0,0,0,0,0,0,0,0,0,0,0,0,0,0,0,0,0
948,Mike Smith,Scotland,60,Batsman ,Right Handed Bat ,Right-arm medium,0,5,0,0,0,5,0,0,0,19,0,0,0,85,0,0,0,13,0,0,0,3.8,0,0,0,22.36,0,0,0,1,0,0,0,0,0,0,0,0,0,0,0,0,0,0,0,0,0,0,0,0,0,0,0,0,0,0,0,0,0,0,0,0,0,0,0,0,0,0,0,0,0,0
949,Greig Williamson,Scotland,57,Batsman ,Right Handed Bat ,Right-arm medium,0,2,0,0,0,2,0,0,0,11,0,0,0,35,0,0,0,10,0,0,0,5.5,0,0,0,31.43,0,0,0,0,0,0,0,0,0,0,0,0,0,0,0,0,0,0,0,0,0,0,0,0,0,0,0,0,0,0,0,0,0,0,0,0,0,0,0,0,0,0,0,0,0,0
950,Moneeb Iqbal,Scotland,40,Batting Allrounder ,Right Handed Bat ,Right-arm legbreak,0,13,6,0,0,12,3,0,0,192,46,0,0,360,45,0,0,63,31,0,0,24,15.33,0,0,53.34,102.23,0,0,13,4,0,0,1,1,0,0,2,0,0,0,1,0,0,0,0,0,0,0,0,0,0,0,0,0,0,0,270,270,0,4,6,48,59,0,2,7.38,0,0,0,0,0
951,Stuart Chalmers,Scotland,43,Bowler ,Right Handed Bat ,Right-arm fast-medium,0,2,0,0,0,1,0,0,0,9,0,0,0,14,0,0,0,9,0,0,0,0,0,0,0,64.29,0,0,0,1,0,0,0,0,0,0,0,0,0,0,0,0,0,0,0,0,0,0,0,0,0,0,0,0,0,0,0,60,49,0,1,4.9,0,0,0,0,0,0,0,0,0,0
952,Alasdair Evans,Scotland,37,Bowling Allrounder ,Right Handed Bat ,Right-arm fast-medium,0,41,35,0,0,19,10,0,0,100,10,0,0,157,17,0,0,28,8,0,0,9.09,1.25,0,0,63.70,58.83,0,0,9,1,0,0,1,0,0,0,3,6,0,0,0,0,0,0,0,0,0,0,0,0,0,0,0,0,0,0,1928,1679,17,58,5.23,726,959,4,41,7.93,0,0,0,0,0
953,Kenny Carroll,Ireland,43,Batsman ,Right Handed Bat ,Right-arm legbreak,0,6,0,0,0,6,0,0,0,70,0,0,0,126,0,0,0,28,0,0,0,11.67,0,0,0,55.56,0,0,0,4,0,0,0,1,0,0,0,1,0,0,0,0,0,0,0,0,0,0,0,0,0,0,0,0,0,0,0,6,8,0,0,8,0,0,0,0,0,0,0,0,0,0
954,Andrew Britton,Ireland,38,Bowler ,Right Handed Bat ,Right-arm fast,0,1,0,0,0,0,0,0,0,0,0,0,0,0,0,0,0,0,0,0,0,0,0,0,0,0,0,0,0,0,0,0,0,0,0,0,0,0,0,0,0,0,0,0,0,0,0,0,0,0,0,0,0,0,0,0,0,36,37,0,0,6.17,0,0,0,0,0,0,0,0,0,0
955,Rajab Ali,Kenya,60,Batsman ,Right Handed Bat ,Right-arm fast-medium,0,9,0,0,0,3,0,0,0,7,0,0,0,28,0,0,0,6,0,0,0,0,0,0,0,25.00,0,0,0,0,0,0,0,0,0,0,0,0,0,0,0,0,0,0,0,0,0,0,0,0,0,0,0,0,0,0,0,338,255,4,11,4.53,0,0,0,0,0,0,0,0,0,0
956,Dipak Chudasama,Kenya,63,Batsman ,Right Handed Bat,,0,20,0,0,0,19,0,0,0,434,0,0,0,685,0,0,0,122,0,0,0,22.84,0,0,0,63.36,0,0,0,58,0,0,0,0,0,0,0,2,0,0,0,1,0,0,0,1,0,0,0,0,0,0,0,0,0,0,0,0,0,0,0,0,0,0,0,0,0,0,0,0,0,0
957,Aasif Karim,Kenya,62,Batsman ,Right Handed Bat ,Left-arm orthodox,0,34,0,0,0,24,0,0,0,228,0,0,0,375,0,0,0,53,0,0,0,12.67,0,0,0,60.80,0,0,0,22,0,0,0,4,0,0,0,5,0,0,0,1,0,0,0,0,0,0,0,0,0,0,0,0,0,0,0,1568,1114,21,27,4.26,0,0,0,0,0,0,0,0,0,0
958,Tito Odumbe,Kenya,61,Batsman ,Right Handed Bat ,Right-arm medium,0,8,0,0,0,7,0,0,0,61,0,0,0,150,0,0,0,20,0,0,0,10.17,0,0,0,40.67,0,0,0,0,0,0,0,0,0,0,0,0,0,0,0,0,0,0,0,0,0,0,0,0,0,0,0,0,0,0,0,137,137,1,6,6,0,0,0,0,0,0,0,0,0,0
959,Maurice Odumbe,Kenya,56,Batsman ,Right Handed Bat ,Right-arm offbreak,0,61,0,0,0,59,0,0,0,1409,0,0,0,2014,0,0,0,83,0,0,0,26.09,0,0,0,69.97,0,0,0,112,0,0,0,13,0,0,0,6,0,0,0,11,0,0,0,0,0,0,0,0,0,0,0,0,0,0,0,2237,1807,21,39,4.85,0,0,0,0,0,0,0,0,0,0
960,David Tikolo,Kenya,61,Batsman ,Right Handed Bat ,Right-arm medium,0,3,0,0,0,2,0,0,0,36,0,0,0,75,0,0,0,25,0,0,0,0,0,0,0,48.00,0,0,0,2,0,0,0,1,0,0,0,0,0,0,0,0,0,0,0,0,0,0,0,0,0,0,0,0,0,0,0,48,55,0,0,6.88,0,0,0,0,0,0,0,0,0,0
961,Tariq Iqbal,Kenya,62,Batsman ,Right Handed Bat,,0,3,0,0,0,2,0,0,0,17,0,0,0,52,0,0,0,16,0,0,0,8.5,0,0,0,32.70,0,0,0,2,0,0,0,0,0,0,0,0,0,0,0,0,0,0,0,0,0,0,0,0,0,0,0,0,0,0,0,0,0,0,0,0,0,0,0,0,0,0,0,0,0,0
962,Sandeep Gupta,Kenya,59,Batsman ,Right Handed Bat,,0,10,0,0,0,10,0,0,0,121,0,0,0,220,0,0,0,41,0,0,0,13.44,0,0,0,55.00,0,0,0,11,0,0,0,0,0,0,0,3,0,0,0,0,0,0,0,0,0,0,0,0,0,0,0,0,0,0,0,0,0,0,0,0,0,0,0,0,0,0,0,0,0,0
963,Mohammad Sheikh,Kenya,45,Bowler ,Left Handed Bat ,Left-arm orthodox,0,21,0,0,0,15,0,0,0,68,0,0,0,123,0,0,0,15,0,0,0,6.8,0,0,0,55.29,0,0,0,5,0,0,0,0,0,0,0,2,0,0,0,0,0,0,0,0,0,0,0,0,0,0,0,0,0,0,0,778,625,1,19,4.82,0,0,0,0,0,0,0,0,0,0
964,Alpesh Vadher,Kenya,51,Batsman ,Right Handed Bat,,0,18,0,0,0,16,0,0,0,278,0,0,0,512,0,0,0,73,0,0,0,27.8,0,0,0,54.30,0,0,0,21,0,0,0,1,0,0,0,1,0,0,0,2,0,0,0,0,0,0,0,0,0,0,0,0,0,0,0,0,0,0,0,0,0,0,0,0,0,0,0,0,0,0
965,Joseph Angara,Kenya,54,Batsman ,Right Handed Bat ,Right-arm fast-medium,0,17,0,0,0,11,0,0,0,23,0,0,0,64,0,0,0,6,0,0,0,3.83,0,0,0,35.94,0,0,0,2,0,0,0,0,0,0,0,1,0,0,0,0,0,0,0,0,0,0,0,0,0,0,0,0,0,0,0,588,569,8,14,5.81,0,0,0,0,0,0,0,0,0,0
966,Gazi Ashraf,Bangladesh,65,Batsman ,Right Handed Bat ,Right-arm offbreak,0,7,0,0,0,7,0,0,0,59,0,0,0,239,0,0,0,18,0,0,0,8.43,0,0,0,24.69,0,0,0,1,0,0,0,0,0,0,0,1,0,0,0,0,0,0,0,0,0,0,0,0,0,0,0,0,0,0,0,51,33,0,2,3.88,0,0,0,0,0,0,0,0,0,0
967,Hafizur Rahman,Bangladesh,66,Batsman ,Right Handed Bat,,0,2,0,0,0,1,0,0,0,8,0,0,0,24,0,0,0,8,0,0,0,8,0,0,0,33.34,0,0,0,0,0,0,0,0,0,0,0,0,0,0,0,0,0,0,0,0,0,0,0,0,0,0,0,0,0,0,0,0,0,0,0,0,0,0,0,0,0,0,0,0,0,0
968,Gholam Nousher,Bangladesh,61,Batsman ,Left Handed Bat ,Left-arm medium,0,9,0,0,0,3,0,0,0,8,0,0,0,16,0,0,0,4,0,0,0,8,0,0,0,50.00,0,0,0,0,0,0,0,0,0,0,0,0,0,0,0,0,0,0,0,0,0,0,0,0,0,0,0,0,0,0,0,408,314,5,5,4.62,0,0,0,0,0,0,0,0,0,0
969,Golam Faruq,Bangladesh,63,Batsman ,Right Handed Bat ,Right-arm fast-medium,0,5,0,0,0,4,0,0,0,44,0,0,0,104,0,0,0,23,0,0,0,22,0,0,0,42.31,0,0,0,0,0,0,0,0,0,0,0,0,0,0,0,0,0,0,0,0,0,0,0,0,0,0,0,0,0,0,0,186,116,3,2,3.74,0,0,0,0,0,0,0,0,0,0
970,Jahangir Shah,Bangladesh,76,Batsman ,Right Handed Bat ,Right-arm fast-medium,0,5,0,0,0,4,0,0,0,16,0,0,0,62,0,0,0,8,0,0,0,8,0,0,0,25.81,0,0,0,0,0,0,0,0,0,0,0,1,0,0,0,0,0,0,0,0,0,0,0,0,0,0,0,0,0,0,0,234,172,3,2,4.41,0,0,0,0,0,0,0,0,0,0
971,Minhajul Abedin,Bangladesh,60,Batsman ,Right Handed Bat ,Right-arm offbreak,0,27,0,0,0,26,0,0,0,453,0,0,0,909,0,0,0,68,0,0,0,18.88,0,0,0,49.84,0,0,0,26,0,0,0,0,0,0,0,3,0,0,0,2,0,0,0,0,0,0,0,0,0,0,0,0,0,0,0,546,511,3,13,5.62,0,0,0,0,0,0,0,0,0,0
972,Rafiqul Alam,Bangladesh,68,Batsman ,Right Handed Bat ,Right-arm fast-medium,0,2,0,0,0,2,0,0,0,24,0,0,0,63,0,0,0,14,0,0,0,12,0,0,0,38.10,0,0,0,0,0,0,0,0,0,0,0,0,0,0,0,0,0,0,0,0,0,0,0,0,0,0,0,0,0,0,0,0,0,0,0,0,0,0,0,0,0,0,0,0,0,0
973,Nurul Abedin,Bangladesh,61,Batsman ,Right Handed Bat ,Right-arm medium,0,4,0,0,0,4,0,0,0,15,0,0,0,55,0,0,0,13,0,0,0,3.75,0,0,0,27.28,0,0,0,0,0,0,0,0,0,0,0,2,0,0,0,0,0,0,0,0,0,0,0,0,0,0,0,0,0,0,0,0,0,0,0,0,0,0,0,0,0,0,0,0,0,0
974,Samiur Rahman,Bangladesh,72,Batsman ,Right Handed Bat ,Right-arm fast-medium,0,2,0,0,0,2,0,0,0,4,0,0,0,7,0,0,0,4,0,0,0,2,0,0,0,57.15,0,0,0,0,0,0,0,0,0,0,0,1,0,0,0,0,0,0,0,0,0,0,0,0,0,0,0,0,0,0,0,60,30,1,0,3,0,0,0,0,0,0,0,0,0,0
975,Shaheedur Rahman,Bangladesh,63,Batsman ,Right Handed Bat,,0,2,0,0,0,2,0,0,0,62,0,0,0,108,0,0,0,37,0,0,0,31,0,0,0,57.41,0,0,0,0,0,0,0,0,0,0,0,0,0,0,0,0,0,0,0,0,0,0,0,0,0,0,0,0,0,0,0,0,0,0,0,0,0,0,0,0,0,0,0,0,0,0
976,Aminul Islam,Bangladesh,58,Batsman ,Right Handed Bat ,Right-arm offbreak,13,39,0,0,26,39,0,0,530,794,0,0,1520,1403,0,0,145,70,0,0,21.2,23.35,0,0,34.87,56.60,0,0,50,57,0,0,0,2,0,0,3,5,0,0,2,3,0,0,1,0,0,0,0,0,0,0,198,149,1,1,4.52,412,411,0,7,5.99,0,0,0,0,0,0,0,0,0,0
977,Athar Ali,Bangladesh,64,Batsman ,Right Handed Bat ,Right-arm medium,0,19,0,0,0,19,0,0,0,532,0,0,0,945,0,0,0,82,0,0,0,29.56,0,0,0,56.30,0,0,0,46,0,0,0,3,0,0,0,3,0,0,0,3,0,0,0,0,0,0,0,0,0,0,0,0,0,0,0,420,365,1,6,5.21,0,0,0,0,0,0,0,0,0,0
978,Azhar Hossain,Bangladesh,62,Batsman ,Right Handed Bat ,Right-arm offbreak,0,7,0,0,0,7,0,0,0,96,0,0,0,266,0,0,0,54,0,0,0,13.71,0,0,0,36.10,0,0,0,5,0,0,0,0,0,0,0,0,0,0,0,1,0,0,0,0,0,0,0,0,0,0,0,0,0,0,0,263,209,1,4,4.77,0,0,0,0,0,0,0,0,0,0
979,Nasir Ahmed,Bangladesh,62,Batsman ,Right Handed Bat,,0,7,0,0,0,4,0,0,0,25,0,0,0,62,0,0,0,11,0,0,0,12.5,0,0,0,40.33,0,0,0,1,0,0,0,0,0,0,0,0,0,0,0,0,0,0,0,0,0,0,0,0,0,0,0,0,0,0,0,0,0,0,0,0,0,0,0,0,0,0,0,0,0,0
980,Harunur Rashid,Bangladesh,57,Batsman ,Right Handed Bat ,Right-arm legbreak,0,2,0,0,0,2,0,0,0,0,0,0,0,17,0,0,0,0,0,0,0,0,0,0,0,0.00,0,0,0,0,0,0,0,0,0,0,0,2,0,0,0,0,0,0,0,0,0,0,0,0,0,0,0,0,0,0,0,0,0,0,0,0,0,0,0,0,0,0,0,0,0,0
981,Zahid Razzak,Bangladesh,58,Batsman ,Right Handed Bat,,0,3,0,0,0,3,0,0,0,14,0,0,0,44,0,0,0,6,0,0,0,4.67,0,0,0,31.82,0,0,0,0,0,0,0,0,0,0,0,0,0,0,0,0,0,0,0,0,0,0,0,0,0,0,0,0,0,0,0,0,0,0,0,0,0,0,0,0,0,0,0,0,0,0
982,Akram Khan,Bangladesh,57,Batsman ,Right Handed Bat ,Right-arm medium,8,44,0,0,16,44,0,0,259,976,0,0,686,1721,0,0,44,65,0,0,16.19,23.24,0,0,37.76,56.72,0,0,29,73,0,0,3,2,0,0,0,3,0,0,0,5,0,0,0,0,0,0,0,0,0,0,0,0,0,0,0,117,138,0,0,7.08,0,0,0,0,0,0,0,0,0,0
983,Wahidul Gani,Bangladesh,67,Batsman ,Right Handed Bat ,Right-arm legbreak,0,1,0,0,0,0,0,0,0,0,0,0,0,0,0,0,0,0,0,0,0,0,0,0,0,0,0,0,0,0,0,0,0,0,0,0,0,0,0,0,0,0,0,0,0,0,0,0,0,0,0,0,0,0,0,0,0,36,32,0,0,5.33,0,0,0,0,0,0,0,0,0,0
984,Enamul Haque,Bangladesh,60,Batsman ,Left Handed Bat ,Left-arm orthodox,10,29,0,0,19,26,0,0,180,236,0,0,520,479,0,0,24,32,0,0,12,11.24,0,0,34.62,49.27,0,0,25,18,0,0,1,0,0,0,3,1,0,0,0,0,0,0,0,0,0,0,0,0,0,0,2230,1027,88,18,2.76,1238,1083,3,19,5.25,0,0,0,0,0,0,0,0,0,0
985,Jahangir Alam,Bangladesh,57,Batsman ,Right Handed Bat ,Left-arm medium,0,2,0,0,0,1,0,0,0,7,0,0,0,16,0,0,0,7,0,0,0,0,0,0,0,43.75,0,0,0,1,0,0,0,0,0,0,0,0,0,0,0,0,0,0,0,0,0,0,0,0,0,0,0,0,0,0,0,42,36,0,0,5.14,0,0,0,0,0,0,0,0,0,0
986,Faruk Ahmed,Bangladesh,59,Batsman ,Right Handed Bat ,Right-arm offbreak,0,7,0,0,0,7,0,0,0,105,0,0,0,273,0,0,0,57,0,0,0,15,0,0,0,38.47,0,0,0,6,0,0,0,0,0,0,0,1,0,0,0,1,0,0,0,0,0,0,0,0,0,0,0,0,0,0,0,0,0,0,0,0,0,0,0,0,0,0,0,0,0,0
987,Mohammad Saiful,Bangladesh,57,Batsman ,Right Handed Bat ,Right-arm medium,0,7,0,0,0,4,0,0,0,37,0,0,0,59,0,0,0,22,0,0,0,18.5,0,0,0,62.72,0,0,0,3,0,0,0,0,0,0,0,0,0,0,0,0,0,0,0,0,0,0,0,0,0,0,0,0,0,0,0,303,256,3,6,5.07,0,0,0,0,0,0,0,0,0,0
988,Anisur Rahman,Bangladesh,55,Batsman ,Left Handed Bat ,Left-arm fast-medium,0,2,0,0,0,2,0,0,0,2,0,0,0,11,0,0,0,2,0,0,0,1,0,0,0,18.19,0,0,0,0,0,0,0,0,0,0,0,1,0,0,0,0,0,0,0,0,0,0,0,0,0,0,0,0,0,0,0,48,68,0,0,8.5,0,0,0,0,0,0,0,0,0,0
989,Hasibul Hossain,Bangladesh,48,Batsman ,Right Handed Bat ,Right-arm fast-medium,5,32,0,0,10,26,0,0,97,172,0,0,124,247,0,0,31,21,0,0,10.78,8.6,0,0,78.23,69.64,0,0,10,10,0,0,3,5,0,0,2,3,0,0,0,0,0,0,0,0,0,0,0,0,0,0,780,571,23,6,4.39,1375,1338,13,29,5.84,0,0,0,0,0,0,0,0,0,0
990,Sheikh Salahuddin,Bangladesh,44,Batsman ,Right Handed Bat ,Right-arm offbreak,0,6,0,0,0,5,0,0,0,24,0,0,0,136,0,0,0,12,0,0,0,12,0,0,0,17.65,0,0,0,0,0,0,0,0,0,0,0,0,0,0,0,0,0,0,0,0,0,0,0,0,0,0,0,0,0,0,0,246,249,0,4,6.07,0,0,0,0,0,0,0,0,0,0
991,Sajjad Ahmed,Bangladesh,52,Batsman ,Right Handed Bat ,Right-arm offbreak,0,2,0,0,0,2,0,0,0,15,0,0,0,46,0,0,0,11,0,0,0,7.5,0,0,0,32.61,0,0,0,0,0,0,0,0,0,0,0,0,0,0,0,0,0,0,0,0,0,0,0,0,0,0,0,0,0,0,0,0,0,0,0,0,0,0,0,0,0,0,0,0,0,0
992,Naimur Rahman,Bangladesh,51,Batsman ,Right Handed Bat ,Right-arm offbreak,8,29,0,0,15,27,0,0,210,488,0,0,458,771,0,0,48,47,0,0,15,19.52,0,0,45.86,63.30,0,0,31,42,0,0,0,5,0,0,1,3,0,0,0,0,0,0,0,0,0,0,0,0,0,0,1321,718,45,12,3.26,1094,904,6,10,4.96,0,0,0,0,0,0,0,0,0,0
993,Jahangir Alam,Bangladesh,53,Batsman ,Right Handed Bat,,0,3,0,0,0,3,0,0,0,4,0,0,0,22,0,0,0,3,0,0,0,1.33,0,0,0,18.19,0,0,0,0,0,0,0,0,0,0,0,1,0,0,0,0,0,0,0,0,0,0,0,0,0,0,0,0,0,0,0,0,0,0,0,0,0,0,0,0,0,0,0,0,0,0
994,Mohammad Zakir,Bangladesh,53,Batsman ,Right Handed Bat ,Right-arm fast-medium,0,2,0,0,0,1,0,0,0,0,0,0,0,1,0,0,0,0,0,0,0,0,0,0,0,0.00,0,0,0,0,0,0,0,0,0,0,0,1,0,0,0,0,0,0,0,0,0,0,0,0,0,0,0,0,0,0,0,36,35,0,0,5.83,0,0,0,0,0,0,0,0,0,0
995,Shahriar Hossain,Bangladesh,49,Batsman ,Right Handed Bat,,3,20,0,0,5,19,0,0,99,362,0,0,238,682,0,0,48,95,0,0,19.8,19.05,0,0,41.60,53.08,0,0,14,36,0,0,0,0,0,0,0,4,0,0,0,2,0,0,0,0,0,0,0,0,0,0,0,0,0,0,0,0,0,0,0,0,0,0,0,0,0,0,0,0,0,0
996,Shafiuddin Ahmed,Bangladesh,52,Batsman ,Right Handed Bat ,Right-arm fast-medium,0,11,0,0,0,10,0,0,0,22,0,0,0,66,0,0,0,11,0,0,0,5.5,0,0,0,33.34,0,0,0,1,0,0,0,0,0,0,0,3,0,0,0,0,0,0,0,0,0,0,0,0,0,0,0,0,0,0,0,495,426,3,11,5.16,0,0,0,0,0,0,0,0,0,0
997,Sanwar Hossain,Bangladesh,52,Batsman ,Right Handed Bat ,Right-arm offbreak,9,27,0,0,18,27,0,0,345,290,0,0,743,597,0,0,49,52,0,0,19.17,11.6,0,0,46.44,48.58,0,0,40,23,0,0,0,0,0,0,1,2,0,0,0,1,0,0,0,0,0,0,0,0,0,0,444,310,5,5,4.19,383,327,1,10,5.12,0,0,0,0,0,0,0,0,0,0
998,Shariful Haque,Bangladesh,50,Batsman ,Right Handed Bat ,Right-arm offbreak,0,1,0,0,0,1,0,0,0,10,0,0,0,6,0,0,0,10,0,0,0,10,0,0,0,166.67,0,0,0,0,0,0,0,1,0,0,0,0,0,0,0,0,0,0,0,0,0,0,0,0,0,0,0,0,0,0,0,18,21,0,0,7,0,0,0,0,0,0,0,0,0,0
999,Mehrab Hossain,Bangladesh,47,Batting Allrounder ,Right Handed Bat ,Right-arm medium,9,18,0,0,18,18,0,0,241,449,0,0,738,763,0,0,71,101,0,0,13.39,24.94,0,0,32.66,58.85,0,0,26,48,0,0,0,3,0,0,2,2,0,0,1,2,0,0,0,1,0,0,0,0,0,0,12,5,0,0,2.5,30,42,0,0,8.4,0,0,0,0,0,0,0,0,0,0
1000,Morshed Ali,Bangladesh,54,Batsman ,Left Handed Bat ,Left-arm medium,0,3,0,0,0,1,0,0,0,2,0,0,0,4,0,0,0,2,0,0,0,0,0,0,0,50.00,0,0,0,0,0,0,0,0,0,0,0,0,0,0,0,0,0,0,0,0,0,0,0,0,0,0,0,0,0,0,0,138,85,1,2,3.7,0,0,0,0,0,0,0,0,0,0
1001,Al Sahariar,Bangladesh,48,Batsman ,Right Handed Bat ,Right-arm legbreak,15,29,0,0,30,29,0,0,683,374,0,0,1329,709,0,0,71,62,0,0,22.77,13.36,0,0,51.40,52.76,0,0,99,45,0,0,4,1,0,0,2,6,0,0,4,2,0,0,0,0,0,0,0,0,0,0,0,0,0,0,0,0,0,0,0,0,0,0,0,0,0,0,0,0,0,0
1002,Manjural Islam,Bangladesh,46,Batsman ,Left Handed Bat ,Left-arm fast-medium,17,34,0,0,33,22,0,0,81,53,0,0,374,134,0,0,21,13,0,0,3.68,5.89,0,0,21.66,39.56,0,0,6,4,0,0,0,0,0,0,10,4,0,0,0,0,0,0,0,0,0,0,0,0,0,0,2970,1605,103,28,3.24,1591,1284,24,24,4.84,0,0,0,0,0,0,0,0,0,0
1003,Aminul Islam,Bangladesh,51,Batsman ,Right Handed Bat ,Right-arm fast-medium,0,1,0,0,0,1,0,0,0,1,0,0,0,0,0,0,0,1,0,0,0,0,0,0,0,0,0,0,0,0,0,0,0,0,0,0,0,0,0,0,0,0,0,0,0,0,0,0,0,0,0,0,0,0,0,0,0,30,33,1,1,6.6,0,0,0,0,0,0,0,0,0,0
1004,Mahbubur Rahman,Bangladesh,57,Batsman ,Right Handed Bat,,0,1,0,0,0,1,0,0,0,3,0,0,0,8,0,0,0,3,0,0,0,3,0,0,0,37.50,0,0,0,0,0,0,0,0,0,0,0,0,0,0,0,0,0,0,0,0,0,0,0,0,0,0,0,0,0,0,0,0,0,0,0,0,0,0,0,0,0,0,0,0,0,0
1005,Ahmed Kamal,Bangladesh,48,Batsman ,Right Handed Bat ,Right-arm fast-medium,0,1,0,0,0,1,0,0,0,11,0,0,0,19,0,0,0,11,0,0,0,11,0,0,0,57.90,0,0,0,2,0,0,0,0,0,0,0,0,0,0,0,0,0,0,0,0,0,0,0,0,0,0,0,0,0,0,0,30,39,0,1,7.8,0,0,0,0,0,0,0,0,0,0
1006,Niamur Rashid,Bangladesh,51,Batsman ,Right Handed Bat ,Right-arm fast-medium,0,2,0,0,0,2,0,0,0,5,0,0,0,5,0,0,0,4,0,0,0,5,0,0,0,100.00,0,0,0,0,0,0,0,0,0,0,0,0,0,0,0,0,0,0,0,0,0,0,0,0,0,0,0,0,0,0,0,78,66,2,1,5.08,0,0,0,0,0,0,0,0,0,0
1007,Mushfiqur Rahman,Bangladesh,46,Bowler ,Right Handed Bat ,Right-arm fast-medium,10,28,0,0,19,25,0,0,232,360,0,0,755,690,0,0,46,49,0,0,13.65,16.36,0,0,30.73,52.18,0,0,23,29,0,0,0,1,0,0,5,4,0,0,0,0,0,0,0,0,0,0,0,0,0,0,1365,823,45,13,3.62,1332,983,18,19,4.43,0,0,0,0,0,0,0,0,0,0
1008,Tareq Aziz,Bangladesh,42,Bowler ,Right Handed Bat ,Right-arm fast-medium,3,10,0,0,6,8,0,0,22,26,0,0,147,73,0,0,10,11,0,0,11,26,0,0,14.97,35.62,0,0,2,2,0,0,0,0,0,0,2,1,0,0,0,0,0,0,0,0,0,0,0,0,0,0,360,261,7,1,4.35,465,424,7,13,5.47,0,0,0,0,0,0,0,0,0,0
1009,Fahim Muntasir,Bangladesh,45,Batting Allrounder ,Right Handed Bat ,Right-arm offbreak,3,3,0,0,6,3,0,0,52,6,0,0,86,17,0,0,33,5,0,0,8.67,3,0,0,60.47,35.30,0,0,7,0,0,0,1,0,0,0,1,1,0,0,0,0,0,0,0,0,0,0,0,0,0,0,576,342,15,5,3.56,169,111,0,0,3.94,0,0,0,0,0,0,0,0,0,0
1010,Hannan Sarkar,Bangladesh,43,Batsman ,Right Handed Bat ,Right-arm medium,17,20,0,0,33,20,0,0,662,383,0,0,1419,713,0,0,76,61,0,0,20.06,19.15,0,0,46.66,53.72,0,0,90,36,0,0,0,2,0,0,5,2,0,0,5,3,0,0,0,0,0,0,0,0,0,0,0,0,0,0,0,3,13,0,0,0,0,0,0,0,0,0,0,0,0,0
1011,Mafizur Rahman,Bangladesh,47,Batsman ,Right Handed Bat ,Right-arm fast-medium,0,4,0,0,0,4,0,0,0,53,0,0,0,104,0,0,0,16,0,0,0,17.67,0,0,0,50.97,0,0,0,3,0,0,0,0,0,0,0,0,0,0,0,0,0,0,0,0,0,0,0,0,0,0,0,0,0,0,0,66,73,0,0,6.64,0,0,0,0,0,0,0,0,0,0
1012,Rafiqul Islam,Bangladesh,48,Batsman ,Right Handed Bat,,1,1,0,0,2,1,0,0,7,0,0,0,53,5,0,0,6,0,0,0,3.5,0,0,0,13.21,0.00,0,0,1,0,0,0,0,0,0,0,0,1,0,0,0,0,0,0,0,0,0,0,0,0,0,0,0,0,0,0,0,0,0,0,0,0,0,0,0,0,0,0,0,0,0,0
1013,Anwar Hossain,Bangladesh,44,Bowler ,Right Handed Bat ,Right-arm fast-medium,3,1,0,0,6,1,0,0,22,0,0,0,73,8,0,0,13,0,0,0,7.33,0,0,0,30.14,0.00,0,0,2,0,0,0,0,0,0,0,1,0,0,0,0,0,0,0,0,0,0,0,0,0,0,0,348,307,5,0,5.29,48,45,0,0,5.63,0,0,0,0,0,0,0,0,0,0
1014,Mazharul Haque,Bangladesh,45,Batsman ,Right Handed Bat ,Right-arm offbreak,0,1,0,0,0,1,0,0,0,3,0,0,0,18,0,0,0,3,0,0,0,3,0,0,0,16.67,0,0,0,0,0,0,0,0,0,0,0,0,0,0,0,0,0,0,0,0,0,0,0,0,0,0,0,0,0,0,0,4,4,0,0,0,0,0,0,0,0,0,0,0,0,0
1015,Anwar Hossain,Bangladesh,42,WK-Batsman ,Right Handed Bat,,1,1,0,0,2,1,0,0,14,42,0,0,44,107,0,0,12,42,0,0,7,42,0,0,31.82,39.26,0,0,2,6,0,0,0,0,0,0,0,0,0,0,0,0,0,0,0,0,0,0,0,0,0,0,0,0,0,0,0,0,0,0,0,0,0,0,0,0,0,0,0,0,0,0
1016,Talha Jubair,Bangladesh,40,Bowler ,Right Handed Bat ,Right-arm medium,7,6,0,0,14,5,0,0,52,5,0,0,97,15,0,0,31,4,0,0,6.5,2.5,0,0,53.61,33.34,0,0,9,1,0,0,1,0,0,0,6,2,0,0,0,0,0,0,0,0,0,0,0,0,0,0,1090,771,21,14,4.24,204,255,2,6,7.5,0,0,0,0,0,0,0,0,0,0
1017,Ehsanul Haque,Bangladesh,46,Batsman ,Right Handed Bat ,Right-arm offbreak,1,6,0,0,2,6,0,0,7,57,0,0,31,129,0,0,5,20,0,0,3.5,9.5,0,0,22.59,44.19,0,0,0,6,0,0,0,0,0,0,0,1,0,0,0,0,0,0,0,0,0,0,0,0,0,0,18,18,0,0,6,141,113,0,3,4.81,0,0,0,0,0,0,0,0,0,0
1018,Mohammad Salim,Bangladesh,44,Batsman ,Right Handed Bat,,2,1,0,0,4,1,0,0,49,9,0,0,128,24,0,0,26,9,0,0,16.33,9,0,0,38.29,37.50,0,0,6,1,0,0,0,0,0,0,1,0,0,0,0,0,0,0,0,0,0,0,0,0,0,0,0,0,0,0,0,0,0,0,0,0,0,0,0,0,0,0,0,0,0,0
1019,Jamaluddin Ahmed,Bangladesh,49,Batsman ,Right Handed Bat ,Right-arm offbreak,0,1,0,0,0,1,0,0,0,18,0,0,0,28,0,0,0,18,0,0,0,0,0,0,0,64.29,0,0,0,2,0,0,0,0,0,0,0,0,0,0,0,0,0,0,0,0,0,0,0,0,0,0,0,0,0,0,0,24,28,1,0,7,0,0,0,0,0,0,0,0,0,0
1020,Manjural Islam,Bangladesh,22,Bowling Allrounder ,Left Handed Bat ,Left-arm orthodox,6,25,0,0,11,21,0,0,257,331,0,0,692,668,0,0,69,63,0,0,25.7,20.69,0,0,37.14,49.56,0,0,30,21,0,0,1,1,0,0,2,1,0,0,1,1,0,0,0,0,0,0,0,0,0,0,749,401,19,5,3.21,996,689,9,23,4.15,0,0,0,0,0,0,0,0,0,0
1021,Moniruzzaman,Bangladesh,49,Batsman ,Right Handed Bat,,0,2,0,0,0,2,0,0,0,1,0,0,0,20,0,0,0,1,0,0,0,0.5,0,0,0,5.00,0,0,0,0,0,0,0,0,0,0,0,1,0,0,0,0,0,0,0,0,0,0,0,0,0,0,0,0,0,0,0,0,0,0,0,0,0,0,0,0,0,0,0,0,0,0
1022,Faisal Hossain,Bangladesh,47,Batsman ,Left Handed Bat ,Left-arm orthodox,1,6,0,0,2,5,0,0,7,43,0,0,27,91,0,0,5,17,0,0,3.5,10.75,0,0,25.93,47.26,0,0,1,3,0,0,0,1,0,0,0,1,0,0,0,0,0,0,0,0,0,0,0,0,0,0,0,0,0,0,0,73,53,0,1,4.36,0,0,0,0,0,0,0,0,0,0
1023,Raqibul Hasan,Bangladesh,38,Batsman ,Right Handed Bat ,Right-arm legbreak,9,55,5,0,18,54,5,0,336,1308,51,0,835,2133,62,0,65,89,18,0,19.76,27.83,10.2,0,40.24,61.33,82.26,0,37,102,3,0,1,8,1,0,2,6,0,0,1,8,0,0,0,0,0,0,0,0,0,0,42,17,1,1,2.43,0,0,0,0,0,0,0,0,0,0,0,0,0,0,0
1024,Ranjan Das,Bangladesh,43,Bowler ,Right Handed Bat ,Left-arm fast-medium,1,0,0,0,2,0,0,0,2,0,0,0,31,0,0,0,2,0,0,0,1,0,0,0,6.46,0,0,0,0,0,0,0,0,0,0,0,1,0,0,0,0,0,0,0,0,0,0,0,0,0,0,0,132,72,3,1,3.27,0,0,0,0,0,0,0,0,0,0,0,0,0,0,0
1025,Alamgir Kabir,Bangladesh,45,Bowler ,Right Handed Bat ,Right-arm fast-medium,3,0,0,0,5,0,0,0,8,0,0,0,86,0,0,0,4,0,0,0,2,0,0,0,9.31,0,0,0,1,0,0,0,0,0,0,0,2,0,0,0,0,0,0,0,0,0,0,0,0,0,0,0,261,221,6,0,5.08,0,0,0,0,0,0,0,0,0,0,0,0,0,0,0
1026,Christopher Chappell,Canada,70,Batsman ,Right Handed Bat,,0,3,0,0,0,3,0,0,0,38,0,0,0,143,0,0,0,19,0,0,0,12.67,0,0,0,26.58,0,0,0,2,0,0,0,0,0,0,0,0,0,0,0,0,0,0,0,0,0,0,0,0,0,0,0,0,0,0,0,0,0,0,0,0,0,0,0,0,0,0,0,0,0,0
1027,Franklyn Dennis,Canada,78,Batsman ,Right Handed Bat,,0,3,0,0,0,3,0,0,0,47,0,0,0,171,0,0,0,25,0,0,0,15.67,0,0,0,27.49,0,0,0,4,0,0,0,0,0,0,0,0,0,0,0,0,0,0,0,0,0,0,0,0,0,0,0,0,0,0,0,0,0,0,0,0,0,0,0,0,0,0,0,0,0,0
1028,Cornelius Henry,Canada,69,Batsman ,Right Handed Bat ,Right-arm medium,0,2,0,0,0,2,0,0,0,6,0,0,0,14,0,0,0,5,0,0,0,6,0,0,0,42.86,0,0,0,1,0,0,0,0,0,0,0,0,0,0,0,0,0,0,0,0,0,0,0,0,0,0,0,0,0,0,0,90,53,0,2,3.53,0,0,0,0,0,0,0,0,0,0
1029,Bryan Mauricette,Canada,79,Batsman ,Right Handed Bat,,0,3,0,0,0,3,0,0,0,20,0,0,0,68,0,0,0,15,0,0,0,6.67,0,0,0,29.42,0,0,0,0,0,0,0,1,0,0,0,1,0,0,0,0,0,0,0,0,0,0,0,0,0,0,0,0,0,0,0,0,0,0,0,0,0,0,0,0,0,0,0,0,0,0
1030,Cecil Marshall,Canada,86,Batsman ,Right Handed Bat ,Right-arm medium,0,2,0,0,0,2,0,0,0,10,0,0,0,41,0,0,0,8,0,0,0,5,0,0,0,24.40,0,0,0,0,0,0,0,0,0,0,0,0,0,0,0,0,0,0,0,0,0,0,0,0,0,0,0,0,0,0,0,0,0,0,0,0,0,0,0,0,0,0,0,0,0,0
1031,Glenroy Sealy,Canada,85,Batsman ,Right Handed Bat ,Right-arm medium,0,3,0,0,0,3,0,0,0,73,0,0,0,149,0,0,0,45,0,0,0,24.33,0,0,0,49.00,0,0,0,9,0,0,0,0,0,0,0,0,0,0,0,0,0,0,0,0,0,0,0,0,0,0,0,0,0,0,0,36,21,0,0,3.5,0,0,0,0,0,0,0,0,0,0
1032,Jitendra Patel,Canada,80,Batsman ,Left Handed Bat ,Left-arm orthodox,0,3,0,0,0,3,0,0,0,3,0,0,0,23,0,0,0,2,0,0,0,1,0,0,0,13.05,0,0,0,0,0,0,0,0,0,0,0,1,0,0,0,0,0,0,0,0,0,0,0,0,0,0,0,0,0,0,0,91,47,0,0,3.1,0,0,0,0,0,0,0,0,0,0
1033,Martin Stead,Canada,67,Batsman ,Right Handed Bat ,Right-arm medium,0,2,0,0,0,2,0,0,0,10,0,0,0,45,0,0,0,10,0,0,0,5,0,0,0,22.23,0,0,0,1,0,0,0,0,0,0,0,1,0,0,0,0,0,0,0,0,0,0,0,0,0,0,0,0,0,0,0,29,24,0,0,4.97,0,0,0,0,0,0,0,0,0,0
1034,Tariq Javed,Canada,76,Batsman ,Right Handed Bat ,Right-arm legbreak,0,3,0,0,0,3,0,0,0,15,0,0,0,77,0,0,0,8,0,0,0,5,0,0,0,19.49,0,0,0,1,0,0,0,0,0,0,0,0,0,0,0,0,0,0,0,0,0,0,0,0,0,0,0,0,0,0,0,0,0,0,0,0,0,0,0,0,0,0,0,0,0,0
1035,John Valentine,Canada,71,Batsman ,Left Handed Bat ,Left-arm medium,0,3,0,0,0,2,0,0,0,3,0,0,0,17,0,0,0,3,0,0,0,0,0,0,0,17.65,0,0,0,0,0,0,0,0,0,0,0,0,0,0,0,0,0,0,0,0,0,0,0,0,0,0,0,0,0,0,0,114,66,5,3,3.47,0,0,0,0,0,0,0,0,0,0
1036,John Vaughan,Canada,80,Batsman ,Right Handed Bat ,Right-arm fast-medium,0,3,0,0,0,3,0,0,0,30,0,0,0,55,0,0,0,29,0,0,0,10,0,0,0,54.55,0,0,0,4,0,0,0,0,0,0,0,1,0,0,0,0,0,0,0,0,0,0,0,0,0,0,0,0,0,0,0,66,36,1,0,3.27,0,0,0,0,0,0,0,0,0,0
1037,Robert Callender,Canada,75,Batsman ,Right Handed Bat ,Right-arm fast-medium,0,2,0,0,0,2,0,0,0,0,0,0,0,5,0,0,0,0,0,0,0,0,0,0,0,0.00,0,0,0,0,0,0,0,0,0,0,0,2,0,0,0,0,0,0,0,0,0,0,0,0,0,0,0,0,0,0,0,54,26,1,1,2.89,0,0,0,0,0,0,0,0,0,0
1038,Charles Baksh,Canada,86,Batsman ,Right Handed Bat,,0,1,0,0,0,1,0,0,0,0,0,0,0,6,0,0,0,0,0,0,0,0,0,0,0,0.00,0,0,0,0,0,0,0,0,0,0,0,1,0,0,0,0,0,0,0,0,0,0,0,0,0,0,0,0,0,0,0,0,0,0,0,0,0,0,0,0,0,0,0,0,0,0
1039,Nicholas de,Canada,50,Batsman ,Right Handed Bat ,Right-arm medium,0,6,0,0,0,6,0,0,0,44,0,0,0,127,0,0,0,17,0,0,0,7.33,0,0,0,34.65,0,0,0,6,0,0,0,0,0,0,0,3,0,0,0,0,0,0,0,0,0,0,0,0,0,0,0,0,0,0,0,81,88,0,3,6.52,0,0,0,0,0,0,0,0,0,0
1040,Joe Harris,Canada,60,Batsman ,Right Handed Bat ,Right-arm offbreak,0,6,0,0,0,6,0,0,0,91,0,0,0,204,0,0,0,31,0,0,0,15.17,0,0,0,44.61,0,0,0,9,0,0,0,1,0,0,0,0,0,0,0,0,0,0,0,0,0,0,0,0,0,0,0,0,0,0,0,0,0,0,0,0,0,0,0,0,0,0,0,0,0,0
1041,Davis Joseph,Canada,62,Batsman ,Right Handed Bat ,Right-arm fast-medium,0,4,0,0,0,3,0,0,0,13,0,0,0,24,0,0,0,9,0,0,0,0,0,0,0,54.17,0,0,0,1,0,0,0,0,0,0,0,0,0,0,0,0,0,0,0,0,0,0,0,0,0,0,0,0,0,0,0,186,170,3,5,5.48,0,0,0,0,0,0,0,0,0,0
1042,Ishwar Maraj,Canada,57,Batsman ,Left Handed Bat ,Right-arm offbreak,0,6,0,0,0,6,0,0,0,98,0,0,0,264,0,0,0,53,0,0,0,19.6,0,0,0,37.13,0,0,0,12,0,0,0,0,0,0,0,2,0,0,0,1,0,0,0,0,0,0,0,0,0,0,0,0,0,0,0,27,22,0,0,4.89,0,0,0,0,0,0,0,0,0,0
1043,Fazil Sattaur,West Indies,61,Batsman ,Right Handed Bat,,0,3,0,0,0,3,0,0,0,20,0,0,0,60,0,0,0,13,0,0,0,6.67,0,0,0,33.34,0,0,0,0,0,0,0,1,0,0,0,1,0,0,0,0,0,0,0,0,0,0,0,0,0,0,0,0,0,0,0,0,0,0,0,0,0,0,0,0,0,0,0,0,0,0
1044,Barry Seebaran,Canada,53,Batsman ,Right Handed Bat ,Left-arm orthodox,0,4,0,0,0,3,0,0,0,4,0,0,0,13,0,0,0,4,0,0,0,4,0,0,0,30.77,0,0,0,0,0,0,0,0,0,0,0,1,0,0,0,0,0,0,0,0,0,0,0,0,0,0,0,0,0,0,0,108,130,0,1,7.22,0,0,0,0,0,0,0,0,0,0
1045,Ashish Patel,Canada,50,Batsman ,Right Handed Bat ,Right-arm medium,0,2,0,0,0,1,0,0,0,25,0,0,0,29,0,0,0,25,0,0,0,25,0,0,0,86.21,0,0,0,3,0,0,0,0,0,0,0,0,0,0,0,0,0,0,0,0,0,0,0,0,0,0,0,0,0,0,0,60,73,0,3,7.3,0,0,0,0,0,0,0,0,0,0
1046,Mohsin Mulla,Canada,44,Bowler ,Right Handed Bat ,Right-arm medium,0,1,0,0,0,1,0,0,0,1,0,0,0,11,0,0,0,1,0,0,0,1,0,0,0,9.10,0,0,0,0,0,0,0,0,0,0,0,0,0,0,0,0,0,0,0,0,0,0,0,0,0,0,0,0,0,0,0,60,64,2,0,6.4,0,0,0,0,0,0,0,0,0,0
1047,Manoj David,Canada,51,Batsman ,Right Handed Bat ,Right-arm offbreak,0,4,4,0,0,3,4,0,0,82,39,0,0,170,65,0,0,48,17,0,0,27.33,9.75,0,0,48.24,60.00,0,0,10,2,0,0,0,1,0,0,0,0,0,0,0,0,0,0,0,0,0,0,0,0,0,0,0,0,0,0,96,74,0,2,4.63,0,0,0,0,0,0,0,0,0,0
1048,Khurram Chohan,Canada,46,Bowler ,Right Handed Bat ,Right-arm fast,0,25,4,0,0,19,4,0,0,165,18,0,0,285,14,0,0,35,8,0,0,12.69,9,0,0,57.90,128.58,0,0,9,1,0,0,4,1,0,0,2,0,0,0,0,0,0,0,0,0,0,0,0,0,0,0,0,0,0,0,1186,1029,11,36,5.21,73,106,0,1,8.71,0,0,0,0,0
1049,Zameer Zahir,Canada,52,Batsman ,Right Handed Bat ,Right-arm legbreak,0,1,0,0,0,1,0,0,0,3,0,0,0,13,0,0,0,3,0,0,0,0,0,0,0,23.08,0,0,0,0,0,0,0,0,0,0,0,0,0,0,0,0,0,0,0,0,0,0,0,0,0,0,0,0,0,0,0,30,35,0,2,7,0,0,0,0,0,0,0,0,0,0
1050,Shaheed Keshvani,Canada,41,Batsman ,Right Handed Bat ,Right-arm offbreak,0,5,2,0,0,2,1,0,0,21,0,0,0,38,1,0,0,17,0,0,0,10.5,0,0,0,55.27,0.00,0,0,0,0,0,0,0,0,0,0,0,0,0,0,0,0,0,0,0,0,0,0,0,0,0,0,0,0,0,0,48,48,0,0,6,0,0,0,0,0,0,0,0,0,0
1051,Jawad Dawood,Canada,44,Batsman ,Left Handed Bat ,Right-arm offbreak,0,2,0,0,0,1,0,0,0,25,0,0,0,19,0,0,0,25,0,0,0,0,0,0,0,131.58,0,0,0,2,0,0,0,2,0,0,0,0,0,0,0,0,0,0,0,0,0,0,0,0,0,0,0,0,0,0,0,0,0,0,0,0,0,0,0,0,0,0,0,0,0,0
1052,Hiral Patel,Canada,34,Batsman ,Right Handed Bat ,Left-arm orthodox,0,23,15,0,0,23,15,0,0,468,294,0,0,584,285,0,0,62,88,0,0,21.27,21,0,0,80.14,103.16,0,0,56,28,0,0,8,3,0,0,3,2,0,0,2,2,0,0,0,0,0,0,0,0,0,0,0,0,0,0,409,351,3,10,5.15,71,97,0,2,8.2,0,0,0,0,0
1053,Flavian Aponso,Netherlands,73,Batsman ,Left Handed Bat ,Right-arm offbreak,0,5,0,0,0,4,0,0,0,120,0,0,0,247,0,0,0,58,0,0,0,30,0,0,0,48.59,0,0,0,11,0,0,0,1,0,0,0,0,0,0,0,1,0,0,0,0,0,0,0,0,0,0,0,0,0,0,0,242,257,0,2,6.37,0,0,0,0,0,0,0,0,0,0
1054,Paul,Netherlands,68,Batsman ,Right Handed Bat ,Right-arm fast-medium,0,5,0,0,0,1,0,0,0,1,0,0,0,4,0,0,0,1,0,0,0,0,0,0,0,25.00,0,0,0,0,0,0,0,0,0,0,0,0,0,0,0,0,0,0,0,0,0,0,0,0,0,0,0,0,0,0,0,258,215,2,3,5,0,0,0,0,0,0,0,0,0,0
1055,Peter Cantrell,Netherlands,63,Batsman ,Right Handed Bat ,Right-arm offbreak,0,5,0,0,0,5,0,0,0,160,0,0,0,307,0,0,0,47,0,0,0,32,0,0,0,52.12,0,0,0,14,0,0,0,0,0,0,0,0,0,0,0,0,0,0,0,0,0,0,0,0,0,0,0,0,0,0,0,186,170,0,3,5.48,0,0,0,0,0,0,0,0,0,0
1056,Nolan Clarke,Netherlands,77,Batsman ,Right Handed Bat ,Right-arm legbreak,0,5,0,0,0,5,0,0,0,50,0,0,0,112,0,0,0,32,0,0,0,10,0,0,0,44.65,0,0,0,8,0,0,0,1,0,0,0,2,0,0,0,0,0,0,0,0,0,0,0,0,0,0,0,0,0,0,0,0,0,0,0,0,0,0,0,0,0,0,0,0,0,0
1057,Eric Gouka,Netherlands,56,Batsman ,Right Handed Bat ,Right-arm medium,0,3,0,0,0,2,0,0,0,19,0,0,0,36,0,0,0,19,0,0,0,19,0,0,0,52.78,0,0,0,2,0,0,0,0,0,0,0,0,0,0,0,0,0,0,0,0,0,0,0,0,0,0,0,0,0,0,0,22,51,0,1,13.91,0,0,0,0,0,0,0,0,0,0
1058,Roland Lefebvre,Netherlands,63,Batsman ,Right Handed Bat ,Right-arm medium,0,11,0,0,0,11,0,0,0,171,0,0,0,280,0,0,0,45,0,0,0,28.5,0,0,0,61.08,0,0,0,11,0,0,0,3,0,0,0,0,0,0,0,0,0,0,0,0,0,0,0,0,0,0,0,0,0,0,0,534,346,6,9,3.89,0,0,0,0,0,0,0,0,0,0
1059,Steven Lubbers,Netherlands,73,Batsman ,Right Handed Bat ,Right-arm offbreak,0,4,0,0,0,4,0,0,0,24,0,0,0,37,0,0,0,9,0,0,0,8,0,0,0,64.87,0,0,0,2,0,0,0,0,0,0,0,0,0,0,0,0,0,0,0,0,0,0,0,0,0,0,0,0,0,0,0,216,187,0,5,5.19,0,0,0,0,0,0,0,0,0,0
1060,Marcel Schewe,Netherlands,57,Batsman ,Right Handed Bat,,0,5,0,0,0,4,0,0,0,49,0,0,0,68,0,0,0,20,0,0,0,16.33,0,0,0,72.06,0,0,0,3,0,0,0,0,0,0,0,0,0,0,0,0,0,0,0,0,0,0,0,0,0,0,0,0,0,0,0,0,0,0,0,0,0,0,0,0,0,0,0,0,0,0
1061,Klaas,Netherlands,55,Batsman ,Right Handed Bat ,Right-arm medium,0,9,0,0,0,9,0,0,0,322,0,0,0,428,0,0,0,134,0,0,0,46,0,0,0,75.24,0,0,0,26,0,0,0,6,0,0,0,1,0,0,0,1,0,0,0,1,0,0,0,0,0,0,0,0,0,0,0,0,0,0,0,0,0,0,0,0,0,0,0,0,0,0
1062,Floris Jansen,Netherlands,63,Batsman ,Right Handed Bat ,Right-arm medium,0,2,0,0,0,0,0,0,0,0,0,0,0,0,0,0,0,0,0,0,0,0,0,0,0,0,0,0,0,0,0,0,0,0,0,0,0,0,0,0,0,0,0,0,0,0,0,0,0,0,0,0,0,0,0,0,0,54,62,0,1,6.89,0,0,0,0,0,0,0,0,0,0
1063,Robert van,Netherlands,57,Batsman ,Right Handed Bat,,0,3,0,0,0,3,0,0,0,7,0,0,0,27,0,0,0,5,0,0,0,7,0,0,0,25.93,0,0,0,0,0,0,0,0,0,0,0,1,0,0,0,0,0,0,0,0,0,0,0,0,0,0,0,0,0,0,0,0,0,0,0,0,0,0,0,0,0,0,0,0,0,0
1064,Jacob,Netherlands,53,Batsman ,Right Handed Bat ,Left-arm orthodox,0,6,0,0,0,5,0,0,0,10,0,0,0,43,0,0,0,7,0,0,0,2.5,0,0,0,23.26,0,0,0,1,0,0,0,0,0,0,0,3,0,0,0,0,0,0,0,0,0,0,0,0,0,0,0,0,0,0,0,228,208,0,0,5.47,0,0,0,0,0,0,0,0,0,0
1065,Victor Grandia,Netherlands,47,Batsman ,Right Handed Bat ,Right-arm medium,0,1,0,0,0,1,0,0,0,0,0,0,0,5,0,0,0,0,0,0,0,0,0,0,0,0.00,0,0,0,0,0,0,0,0,0,0,0,1,0,0,0,0,0,0,0,0,0,0,0,0,0,0,0,0,0,0,0,30,40,0,1,8,0,0,0,0,0,0,0,0,0,0
1066,Reinout Scholte,Netherlands,58,Batsman ,Right Handed Bat,,0,5,0,0,0,5,0,0,0,39,0,0,0,135,0,0,0,12,0,0,0,7.8,0,0,0,28.89,0,0,0,2,0,0,0,0,0,0,0,0,0,0,0,0,0,0,0,0,0,0,0,0,0,0,0,0,0,0,0,0,0,0,0,0,0,0,0,0,0,0,0,0,0,0
1067,Feiko Kloppenburg,Netherlands,51,Batsman ,Right Handed Bat ,Right-arm medium,0,6,0,0,0,6,0,0,0,165,0,0,0,265,0,0,0,121,0,0,0,27.5,0,0,0,62.27,0,0,0,12,0,0,0,4,0,0,0,1,0,0,0,0,0,0,0,1,0,0,0,0,0,0,0,0,0,0,0,242,191,0,8,4.74,0,0,0,0,0,0,0,0,0,0
1068,Nick Statham,Netherlands,51,Batsman ,Right Handed Bat ,Right-arm offbreak,0,3,0,0,0,3,0,0,0,7,0,0,0,50,0,0,0,7,0,0,0,2.33,0,0,0,14.00,0,0,0,0,0,0,0,0,0,0,0,2,0,0,0,0,0,0,0,0,0,0,0,0,0,0,0,0,0,0,0,0,0,0,0,0,0,0,0,0,0,0,0,0,0,0
1069,George O,Bermuda,41,Bowler ,Right Handed Bat ,Right-arm fast-medium,0,9,12,0,0,7,7,0,0,38,55,0,0,54,52,0,0,16,23,0,0,5.43,11,0,0,70.38,105.77,0,0,4,2,0,0,1,4,0,0,2,1,0,0,0,0,0,0,0,0,0,0,0,0,0,0,0,0,0,0,456,405,3,15,5.33,231,232,2,13,6.03,0,0,0,0,0
1070,Glenn Blakeney,Bermuda,53,Batsman ,Left Handed Bat,,0,2,0,0,0,2,0,0,0,72,0,0,0,69,0,0,0,42,0,0,0,36,0,0,0,104.35,0,0,0,8,0,0,0,1,0,0,0,0,0,0,0,0,0,0,0,0,0,0,0,0,0,0,0,0,0,0,0,0,0,0,0,0,0,0,0,0,0,0,0,0,0,0
1071,Fiqre Crockwell,Bermuda,40,Batsman ,Right Handed Bat,,0,2,0,0,0,2,0,0,0,68,0,0,0,104,0,0,0,45,0,0,0,34,0,0,0,65.39,0,0,0,8,0,0,0,2,0,0,0,0,0,0,0,0,0,0,0,0,0,0,0,0,0,0,0,0,0,0,0,0,0,0,0,0,0,0,0,0,0,0,0,0,0,0
1072,Aijaz Ali,United States of America,57,Batsman ,Right Handed Bat ,Right-arm fast-medium,0,2,0,0,0,2,0,0,0,5,0,0,0,11,0,0,0,4,0,0,0,2.5,0,0,0,45.46,0,0,0,1,0,0,0,0,0,0,0,0,0,0,0,0,0,0,0,0,0,0,0,0,0,0,0,0,0,0,0,0,0,0,0,0,0,0,0,0,0,0,0,0,0,0
1073,Rohan Alexander,United States of America,53,Batsman ,Left Handed Bat ,Right-arm offbreak,0,2,0,0,0,2,0,0,0,34,0,0,0,75,0,0,0,26,0,0,0,17,0,0,0,45.34,0,0,0,3,0,0,0,0,0,0,0,0,0,0,0,0,0,0,0,0,0,0,0,0,0,0,0,0,0,0,0,0,0,0,0,0,0,0,0,0,0,0,0,0,0,0
1074,Jignesh Desai,United States of America,52,Batsman ,Left Handed Bat ,Right-arm offbreak,0,1,0,0,0,1,0,0,0,16,0,0,0,38,0,0,0,16,0,0,0,16,0,0,0,42.11,0,0,0,1,0,0,0,0,0,0,0,0,0,0,0,0,0,0,0,0,0,0,0,0,0,0,0,0,0,0,0,0,0,0,0,0,0,0,0,0,0,0,0,0,0,0
1075,Howard Johnson,United States of America,61,Batsman ,Right Handed Bat ,Right-arm fast-medium,0,2,0,0,0,2,0,0,0,9,0,0,0,20,0,0,0,9,0,0,0,9,0,0,0,45.00,0,0,0,0,0,0,0,0,0,0,0,0,0,0,0,0,0,0,0,0,0,0,0,0,0,0,0,0,0,0,0,60,69,1,1,6.9,0,0,0,0,0,0,0,0,0,0
1076,Mark Johnson,United States of America,62,Batsman ,Left Handed Bat,,0,2,0,0,0,2,0,0,0,20,0,0,0,19,0,0,0,20,0,0,0,10,0,0,0,105.27,0,0,0,3,0,0,0,0,0,0,0,1,0,0,0,0,0,0,0,0,0,0,0,0,0,0,0,0,0,0,0,0,0,0,0,0,0,0,0,0,0,0,0,0,0,0
1077,Clayton Lambert,West Indies,64,Batsman ,Left Handed Bat ,Right-arm offbreak,5,12,0,0,9,12,0,0,284,407,0,0,706,540,0,0,104,119,0,0,31.56,33.92,0,0,40.23,75.38,0,0,34,45,0,0,2,7,0,0,1,1,0,0,1,2,0,0,1,1,0,0,0,0,0,0,10,5,0,1,3,72,74,0,0,6.17,0,0,0,0,0,0,0,0,0,0
1078,Steve Massiah,United States of America,46,Batsman ,Right Handed Bat ,Right-arm offbreak,0,2,0,0,0,2,0,0,0,23,0,0,0,44,0,0,0,23,0,0,0,11.5,0,0,0,52.28,0,0,0,3,0,0,0,0,0,0,0,1,0,0,0,0,0,0,0,0,0,0,0,0,0,0,0,0,0,0,0,0,0,0,0,0,0,0,0,0,0,0,0,0,0,0
1079,Rashid,United States of America,52,Batsman ,Right Handed Bat ,Right-arm offbreak,0,2,0,0,0,2,0,0,0,9,0,0,0,57,0,0,0,8,0,0,0,4.5,0,0,0,15.79,0,0,0,2,0,0,0,0,0,0,0,0,0,0,0,0,0,0,0,0,0,0,0,0,0,0,0,0,0,0,0,59,69,1,0,7.02,0,0,0,0,0,0,0,0,0,0
1080,Tony Reid,United States of America,64,Batsman ,Right Handed Bat ,Right-arm medium,0,2,0,0,0,2,0,0,0,8,0,0,0,17,0,0,0,6,0,0,0,4,0,0,0,47.06,0,0,0,1,0,0,0,0,0,0,0,0,0,0,0,0,0,0,0,0,0,0,0,0,0,0,0,0,0,0,0,78,63,0,1,4.85,0,0,0,0,0,0,0,0,0,0
1081,Leon Romero,United States of America,51,Batsman ,Right Handed Bat ,Right-arm medium,0,2,0,0,0,2,0,0,0,1,0,0,0,7,0,0,0,1,0,0,0,0.5,0,0,0,14.29,0,0,0,0,0,0,0,0,0,0,0,1,0,0,0,0,0,0,0,0,0,0,0,0,0,0,0,0,0,0,0,24,52,0,1,13,0,0,0,0,0,0,0,0,0,0
1082,Richard Staple,United States of America,56,Batsman ,Right Handed Bat ,Right-arm offbreak,0,2,0,0,0,2,0,0,0,4,0,0,0,11,0,0,0,4,0,0,0,2,0,0,0,36.37,0,0,0,1,0,0,0,0,0,0,0,1,0,0,0,0,0,0,0,0,0,0,0,0,0,0,0,0,0,0,0,60,76,0,2,7.6,0,0,0,0,0,0,0,0,0,0
1083,Donovan Blake,United States of America,64,Batsman ,Right Handed Bat ,Right-arm fast-medium,0,1,0,0,0,1,0,0,0,0,0,0,0,2,0,0,0,0,0,0,0,0,0,0,0,0.00,0,0,0,0,0,0,0,0,0,0,0,1,0,0,0,0,0,0,0,0,0,0,0,0,0,0,0,0,0,0,0,6,7,0,0,7,0,0,0,0,0,0,0,0,0,0
1084,Nasir Javed,United States of America,59,Batsman ,Right Handed Bat ,Right-arm legbreak,0,1,0,0,0,1,0,0,0,2,0,0,0,19,0,0,0,2,0,0,0,0,0,0,0,10.53,0,0,0,0,0,0,0,0,0,0,0,0,0,0,0,0,0,0,0,0,0,0,0,0,0,0,0,0,0,0,0,0,0,0,0,0,0,0,0,0,0,0,0,0,0,0
1085,Iain Butchart,Zimbabwe,66,Batsman ,Right Handed Bat ,Right-arm medium,1,20,0,0,2,16,0,0,23,252,0,0,73,395,0,0,15,54,0,0,11.5,18,0,0,31.51,63.80,0,0,3,17,0,0,0,1,0,0,0,2,0,0,0,1,0,0,0,0,0,0,0,0,0,0,18,11,0,0,3.67,702,640,6,12,5.47,0,0,0,0,0,0,0,0,0,0
1086,Kevin Curran,Zimbabwe,53,Bowling Allrounder ,Right Handed Bat ,Right-arm fast-medium,0,11,0,0,0,11,0,0,0,287,0,0,0,430,0,0,0,73,0,0,0,26.09,0,0,0,66.75,0,0,0,21,0,0,0,4,0,0,0,1,0,0,0,2,0,0,0,0,0,0,0,0,0,0,0,0,0,0,0,506,398,3,9,4.72,0,0,0,0,0,0,0,0,0,0
1087,Duncan Fletcher,Zimbabwe,77,Batsman ,Left Handed Bat ,Right-arm fast-medium,0,6,0,0,0,6,0,0,0,191,0,0,0,289,0,0,0,71,0,0,0,47.75,0,0,0,66.09,0,0,0,14,0,0,0,0,0,0,0,0,0,0,0,2,0,0,0,0,0,0,0,0,0,0,0,0,0,0,0,301,221,5,7,4.41,0,0,0,0,0,0,0,0,0,0
1088,Jack Heron,Zimbabwe,77,Batsman ,Right Handed Bat,,0,6,0,0,0,6,0,0,0,50,0,0,0,163,0,0,0,18,0,0,0,8.33,0,0,0,30.68,0,0,0,3,0,0,0,0,0,0,0,1,0,0,0,0,0,0,0,0,0,0,0,0,0,0,0,0,0,0,0,0,0,0,0,0,0,0,0,0,0,0,0,0,0,0
1089,Vince Hogg,Zimbabwe,73,Batsman ,Right Handed Bat ,Right-arm fast-medium,0,2,0,0,0,1,0,0,0,7,0,0,0,19,0,0,0,7,0,0,0,0,0,0,0,36.85,0,0,0,0,0,0,0,0,0,0,0,0,0,0,0,0,0,0,0,0,0,0,0,0,0,0,0,0,0,0,0,90,49,4,0,3.27,0,0,0,0,0,0,0,0,0,0
1090,Dave Houghton,Zimbabwe,68,Batsman ,Right Handed Bat ,Right-arm offbreak,22,63,0,0,36,60,0,0,1464,1530,0,0,3221,2155,0,0,266,142,0,0,41.83,26.38,0,0,45.46,71.00,0,0,168,116,0,0,12,21,0,0,0,5,0,0,4,12,0,0,4,1,0,0,1,0,0,0,5,0,0,0,0,12,19,0,1,9.5,0,0,0,0,0,0,0,0,0,0
1091,Ali Shah,Zimbabwe,66,Batsman ,Left Handed Bat ,Right-arm medium,3,28,0,0,5,28,0,0,122,437,0,0,429,860,0,0,62,60,0,0,24.4,16.81,0,0,28.44,50.82,0,0,13,27,0,0,1,2,0,0,0,4,0,0,1,1,0,0,0,0,0,0,0,0,0,0,186,125,9,1,4.03,1077,812,12,18,4.52,0,0,0,0,0,0,0,0,0,0
1092,Grant Paterson,Zimbabwe,65,Batsman ,Right Handed Bat,,0,10,0,0,0,10,0,0,0,123,0,0,0,327,0,0,0,27,0,0,0,12.3,0,0,0,37.62,0,0,0,11,0,0,0,0,0,0,0,1,0,0,0,0,0,0,0,0,0,0,0,0,0,0,0,0,0,0,0,0,0,0,0,0,0,0,0,0,0,0,0,0,0,0
1093,Andy Pycroft,Zimbabwe,69,Batsman ,Right Handed Bat ,Right-arm offbreak,3,20,0,0,5,19,0,0,152,295,0,0,378,560,0,0,60,61,0,0,30.4,17.35,0,0,40.22,52.68,0,0,12,13,0,0,1,1,0,0,0,2,0,0,1,2,0,0,0,0,0,0,0,0,0,0,0,0,0,0,0,0,0,0,0,0,0,0,0,0,0,0,0,0,0,0
1094,Peter Rawson,Zimbabwe,68,Batsman ,Right Handed Bat ,Right-arm fast-medium,0,10,0,0,0,8,0,0,0,80,0,0,0,123,0,0,0,24,0,0,0,16,0,0,0,65.05,0,0,0,5,0,0,0,1,0,0,0,1,0,0,0,0,0,0,0,0,0,0,0,0,0,0,0,0,0,0,0,571,427,10,12,4.49,0,0,0,0,0,0,0,0,0,0
1095,John Traicos,Zimbabwe,79,Batsman ,Right Handed Bat ,Right-arm offbreak,7,27,0,0,10,17,0,0,19,88,0,0,132,175,0,0,5,19,0,0,3.17,11,0,0,14.40,50.29,0,0,2,3,0,0,0,0,0,0,2,1,0,0,0,0,0,0,0,0,0,0,0,0,0,0,1611,769,58,18,2.86,1524,987,15,19,3.89,0,0,0,0,0,0,0,0,0,0
1096,Robin Brown,Zimbabwe,75,Batsman ,Right Handed Bat ,Right-arm medium,0,7,0,0,0,7,0,0,0,110,0,0,0,334,0,0,0,38,0,0,0,15.71,0,0,0,32.94,0,0,0,8,0,0,0,0,0,0,0,0,0,0,0,0,0,0,0,0,0,0,0,0,0,0,0,0,0,0,0,0,0,0,0,0,0,0,0,0,0,0,0,0,0,0
1097,Gerald Peckover,Zimbabwe,70,Batsman ,Right Handed Bat,,0,3,0,0,0,3,0,0,0,33,0,0,0,54,0,0,0,16,0,0,0,16.5,0,0,0,61.12,0,0,0,3,0,0,0,0,0,0,0,0,0,0,0,0,0,0,0,0,0,0,0,0,0,0,0,0,0,0,0,0,0,0,0,0,0,0,0,0,0,0,0,0,0,0
1098,Eddo Brandes,Zimbabwe,63,Batsman ,Right Handed Bat ,Right-arm fast-medium,10,59,0,0,15,41,0,0,121,404,0,0,335,448,0,0,39,55,0,0,10.08,13.03,0,0,36.12,90.18,0,0,11,27,0,0,3,14,0,0,2,3,0,0,0,2,0,0,0,0,0,0,0,0,0,0,1996,951,69,26,2.86,2828,2266,38,70,4.81,0,0,0,0,0,0,0,0,0,0
1099,Andy Waller,Zimbabwe,66,Batsman ,Right Handed Bat ,Right-arm medium,2,39,0,0,3,38,0,0,69,818,0,0,174,1172,0,0,50,83,0,0,23,23.37,0,0,39.66,69.80,0,0,6,85,0,0,2,11,0,0,0,4,0,0,1,4,0,0,0,0,0,0,0,0,0,0,0,0,0,0,0,0,0,0,0,0,0,0,0,0,0,0,0,0,0,0
1100,Malcolm Jarvis,Zimbabwe,70,Batsman ,Right Handed Bat ,Left-arm fast-medium,5,12,0,0,3,5,0,0,4,37,0,0,15,67,0,0,2,17,0,0,2,18.5,0,0,26.67,55.23,0,0,0,2,0,0,0,1,0,0,1,0,0,0,0,0,0,0,0,0,0,0,0,0,0,0,1273,393,88,11,1.85,601,451,6,9,4.5,0,0,0,0,0,0,0,0,0,0
1101,Kevin Arnott,Zimbabwe,65,Batsman ,Right Handed Bat,,4,13,0,0,8,12,0,0,302,238,0,0,926,491,0,0,101,60,0,0,43.14,21.64,0,0,32.62,48.48,0,0,30,12,0,0,1,1,0,0,1,0,0,0,1,3,0,0,1,0,0,0,0,0,0,0,0,0,0,0,0,0,0,0,0,0,0,0,0,0,0,0,0,0,0,0
1102,Babu Meman,Zimbabwe,73,Batsman ,Right Handed Bat ,Right-arm offbreak,0,1,0,0,0,1,0,0,0,19,0,0,0,22,0,0,0,19,0,0,0,19,0,0,0,86.37,0,0,0,2,0,0,0,0,0,0,0,0,0,0,0,0,0,0,0,0,0,0,0,0,0,0,0,0,0,0,0,41,34,0,0,4.98,0,0,0,0,0,0,0,0,0,0
1103,Kevin Duers,Zimbabwe,65,Batsman ,Right Handed Bat ,Right-arm fast-medium,0,6,0,0,0,2,0,0,0,7,0,0,0,20,0,0,0,5,0,0,0,7,0,0,0,35.00,0,0,0,0,0,0,0,0,0,0,0,0,0,0,0,0,0,0,0,0,0,0,0,0,0,0,0,0,0,0,0,300,256,2,3,5.12,0,0,0,0,0,0,0,0,0,0
1104,Andy Flower,Zimbabwe,58,Batsman ,Left Handed Bat ,Right-arm offbreak,63,213,0,0,112,208,0,0,4794,6786,0,0,10636,9097,0,0,232,145,0,0,51.55,35.34,0,0,45.08,74.60,0,0,543,532,0,0,20,26,0,0,5,13,0,0,27,55,0,0,12,4,0,0,1,0,0,0,3,4,0,0,0,30,23,0,0,4.6,0,0,0,0,0,0,0,0,0,0
1105,Wayne James,Zimbabwe,60,Batsman ,Right Handed Bat,,4,11,0,0,4,8,0,0,61,101,0,0,154,255,0,0,33,29,0,0,15.25,14.43,0,0,39.62,39.61,0,0,7,4,0,0,0,0,0,0,0,1,0,0,0,0,0,0,0,0,0,0,0,0,0,0,0,0,0,0,0,0,0,0,0,0,0,0,0,0,0,0,0,0,0,0
1106,Alistair Campbell,Zimbabwe,53,Batsman ,Left Handed Bat ,Right-arm offbreak,60,188,0,0,109,184,0,0,2858,5185,0,0,6843,7834,0,0,103,131,0,0,27.22,30.5,0,0,41.77,66.19,0,0,355,427,0,0,4,44,0,0,10,11,0,0,18,30,0,0,2,7,0,0,0,0,0,0,66,28,2,0,2.55,509,434,3,12,5.12,0,0,0,0,0,0,0,0,0,0
1107,Mark Burmester,Zimbabwe,58,Batsman ,Right Handed Bat ,Right-arm medium,3,8,0,0,4,7,0,0,54,109,0,0,133,207,0,0,30,39,0,0,27,18.17,0,0,40.61,52.66,0,0,6,7,0,0,1,0,0,0,1,0,0,0,0,0,0,0,0,0,0,0,0,0,0,0,436,227,22,3,3.12,209,213,0,5,6.11,0,0,0,0,0,0,0,0,0,0
1108,David Brain,Zimbabwe,61,Batsman ,Right Handed Bat ,Left-arm fast-medium,9,23,0,0,13,18,0,0,115,117,0,0,172,171,0,0,28,27,0,0,10.45,8.36,0,0,66.87,68.43,0,0,13,10,0,0,0,2,0,0,4,2,0,0,0,0,0,0,0,0,0,0,0,0,0,0,1810,915,54,30,3.03,1091,849,14,21,4.67,0,0,0,0,0,0,0,0,0,0
1109,Gary Crocker,Zimbabwe,64,Batsman ,Left Handed Bat ,Left-arm fast-medium,3,6,0,0,4,5,0,0,69,98,0,0,178,105,0,0,33,50,0,0,23,24.5,0,0,38.77,93.34,0,0,5,7,0,0,1,2,0,0,0,0,0,0,0,1,0,0,0,0,0,0,0,0,0,0,456,217,20,3,2.86,238,208,1,7,5.24,0,0,0,0,0,0,0,0,0,0
1110,Craig Evans,Zimbabwe,56,Batsman ,Right Handed Bat ,Right-arm medium,3,53,0,0,6,47,0,0,52,764,0,0,161,1006,0,0,22,96,0,0,8.67,18.19,0,0,32.30,75.95,0,0,8,65,0,0,0,16,0,0,0,3,0,0,0,2,0,0,0,0,0,0,0,0,0,0,54,35,0,0,3.89,964,848,4,21,5.28,0,0,0,0,0,0,0,0,0,0
1111,Grant Flower,Zimbabwe,55,Batsman ,Right Handed Bat ,Left-arm orthodox,67,221,0,0,123,214,0,0,3457,6571,0,0,10013,9723,0,0,201,142,0,0,29.55,33.53,0,0,34.53,67.59,0,0,349,557,0,0,16,37,0,0,16,18,0,0,15,40,0,0,6,6,0,0,1,0,0,0,3378,1537,122,25,2.73,5462,4225,11,104,4.64,0,0,0,0,0,0,0,0,0,0
1112,Mark Dekker,Zimbabwe,56,Batsman ,Left Handed Bat,,14,23,0,0,22,22,0,0,333,379,0,0,1056,798,0,0,68,79,0,0,15.86,18.05,0,0,31.54,47.50,0,0,35,16,0,0,0,3,0,0,4,0,0,0,2,2,0,0,0,0,0,0,0,0,0,0,60,15,4,0,1.5,347,290,0,9,5.01,0,0,0,0,0,0,0,0,0,0
1113,Stephen Peall,Zimbabwe,56,Batsman ,Left Handed Bat ,Right-arm offbreak,4,21,0,0,6,15,0,0,60,91,0,0,116,150,0,0,30,21,0,0,15,6.5,0,0,51.73,60.67,0,0,9,10,0,0,0,0,0,0,2,4,0,0,0,0,0,0,0,0,0,0,0,0,0,0,888,303,45,4,2.05,900,678,5,8,4.52,0,0,0,0,0,0,0,0,0,0
1114,Eboo Essop,Zimbabwe,57,Batsman ,Right Handed Bat ,Right-arm offbreak,0,1,0,0,0,1,0,0,0,14,0,0,0,15,0,0,0,14,0,0,0,0,0,0,0,93.34,0,0,0,1,0,0,0,0,0,0,0,0,0,0,0,0,0,0,0,0,0,0,0,0,0,0,0,0,0,0,0,0,0,0,0,0,0,0,0,0,0,0,0,0,0,0
1115,Ujesh Ranchod,Zimbabwe,57,Batsman ,Right Handed Bat ,Right-arm offbreak,1,3,0,0,2,1,0,0,8,3,0,0,29,6,0,0,7,3,0,0,4,0,0,0,27.59,50.00,0,0,1,0,0,0,0,0,0,0,0,0,0,0,0,0,0,0,0,0,0,0,0,0,0,0,72,45,0,1,3.75,174,130,3,1,4.48,0,0,0,0,0,0,0,0,0,0
1116,Gavin Briant,Zimbabwe,57,Batsman ,Right Handed Bat ,Right-arm offbreak,1,5,0,0,2,5,0,0,17,39,0,0,51,69,0,0,16,16,0,0,8.5,13,0,0,33.34,56.53,0,0,1,2,0,0,0,0,0,0,0,1,0,0,0,0,0,0,0,0,0,0,0,0,0,0,0,0,0,0,0,0,0,0,0,0,0,0,0,0,0,0,0,0,0,0
1117,John Rennie,Zimbabwe,55,Batsman ,Right Handed Bat ,Right-arm fast-medium,4,44,0,0,6,27,0,0,62,201,0,0,228,391,0,0,22,27,0,0,12.4,13.4,0,0,27.20,51.41,0,0,3,16,0,0,0,0,0,0,1,6,0,0,0,0,0,0,0,0,0,0,0,0,0,0,724,293,37,3,2.43,1965,1564,16,34,4.78,0,0,0,0,0,0,0,0,0,0
1118,Heath Streak,Zimbabwe,52,Batsman ,Right Handed Bat ,Right-arm fast-medium,65,189,0,0,107,159,0,0,1990,2943,0,0,5369,4008,0,0,127,79,0,0,22.36,28.3,0,0,37.07,73.43,0,0,212,203,0,0,12,48,0,0,15,6,0,0,11,13,0,0,1,0,0,0,0,0,0,0,13559,6079,595,216,2.69,9468,7129,114,239,4.52,0,0,0,0,0,0,0,0,0,0
1119,Guy Whittall,Zimbabwe,53,Batsman ,Right Handed Bat ,Right-arm medium,46,147,0,0,82,142,0,0,2207,2705,0,0,5373,4011,0,0,203,83,0,0,29.43,22.54,0,0,41.08,67.44,0,0,261,210,0,0,7,26,0,0,6,12,0,0,10,11,0,0,4,0,0,0,1,0,0,0,4686,2088,208,51,2.67,4060,3481,18,88,5.14,0,0,0,0,0,0,0,0,0,0
1120,Glen Bruk,Zimbabwe,57,Batsman ,Right Handed Bat ,Right-arm offbreak,2,1,0,0,4,1,0,0,39,12,0,0,102,33,0,0,31,12,0,0,9.75,12,0,0,38.24,36.37,0,0,6,2,0,0,0,0,0,0,1,0,0,0,0,0,0,0,0,0,0,0,0,0,0,0,0,0,0,0,0,0,0,0,0,0,0,0,0,0,0,0,0,0,0,0
1121,Gary Martin,Zimbabwe,59,Batsman ,Right Handed Bat ,Right-arm medium,0,5,0,0,0,4,0,0,0,31,0,0,0,65,0,0,0,16,0,0,0,7.75,0,0,0,47.70,0,0,0,0,0,0,0,0,0,0,0,0,0,0,0,0,0,0,0,0,0,0,0,0,0,0,0,0,0,0,0,132,95,2,2,4.32,0,0,0,0,0,0,0,0,0,0
1122,Paul Strang,Zimbabwe,55,Batsman ,Right Handed Bat ,Right-arm legbreak,24,95,0,0,41,73,0,0,839,1090,0,0,1918,1651,0,0,106,47,0,0,27.06,22.24,0,0,43.75,66.03,0,0,92,72,0,0,3,6,0,0,3,5,0,0,2,0,0,0,1,0,0,0,0,0,0,0,5720,2522,211,70,2.65,4351,3173,35,96,4.38,0,0,0,0,0,0,0,0,0,0
1123,Stuart Carlisle,Zimbabwe,54,Batsman ,Right Handed Bat ,Right-arm medium,37,111,0,0,66,107,0,0,1615,2740,0,0,4332,4325,0,0,118,121,0,0,26.92,27.68,0,0,37.29,63.36,0,0,185,209,0,0,10,28,0,0,7,11,0,0,8,9,0,0,2,3,0,0,0,0,0,0,0,0,0,0,0,0,0,0,0,0,0,0,0,0,0,0,0,0,0,0
1124,Bryan Strang,Zimbabwe,53,Batsman ,Right Handed Bat ,Left-arm medium,26,49,0,0,45,26,0,0,465,92,0,0,849,220,0,0,53,18,0,0,12.92,5.11,0,0,54.78,41.82,0,0,54,3,0,0,2,2,0,0,8,5,0,0,1,0,0,0,0,0,0,0,0,0,0,0,5433,2203,306,56,2.43,2494,1718,40,46,4.13,0,0,0,0,0,0,0,0,0,0
1125,Henry Olonga,Zimbabwe,49,Bowler ,Right Handed Bat ,Right-arm fast,30,50,0,0,45,27,0,0,184,95,0,0,783,163,0,0,24,31,0,0,5.41,7.31,0,0,23.50,58.29,0,0,17,9,0,0,2,3,0,0,14,6,0,0,0,0,0,0,0,0,0,0,0,0,0,0,4502,2620,129,68,3.49,2059,1977,13,58,5.76,0,0,0,0,0,0,0,0,0,0
1126,Sean Davies,Zimbabwe,52,Batsman ,Left Handed Bat ,Right-arm fast-medium,0,4,0,0,0,4,0,0,0,67,0,0,0,173,0,0,0,45,0,0,0,16.75,0,0,0,38.73,0,0,0,4,0,0,0,1,0,0,0,0,0,0,0,0,0,0,0,0,0,0,0,0,0,0,0,0,0,0,0,0,0,0,0,0,0,0,0,0,0,0,0,0,0,0
1127,Charlie Lock,Zimbabwe,63,Batsman ,Right Handed Bat ,Right-arm fast-medium,1,8,0,0,2,3,0,0,8,8,0,0,33,20,0,0,8,5,0,0,8,8,0,0,24.25,40.00,0,0,2,1,0,0,0,0,0,0,1,0,0,0,0,0,0,0,0,0,0,0,0,0,0,0,180,105,5,5,3.5,289,219,4,8,4.55,0,0,0,0,0,0,0,0,0,0
1128,Craig Wishart,Zimbabwe,52,Batsman ,Right Handed Bat ,Right-arm offbreak,27,90,0,0,50,82,0,0,1098,1719,0,0,2419,2436,0,0,114,172,0,0,22.41,23.23,0,0,45.40,70.57,0,0,126,145,0,0,12,21,0,0,6,8,0,0,5,5,0,0,1,2,0,0,0,0,0,0,0,0,0,0,0,12,12,0,0,6,0,0,0,0,0,0,0,0,0,0
1129,Andy Whittall,Zimbabwe,53,Batsman ,Right Handed Bat ,Right-arm offbreak,10,63,0,0,18,35,0,0,114,168,0,0,438,310,0,0,17,29,0,0,7.6,7.64,0,0,26.03,54.20,0,0,12,8,0,0,0,2,0,0,1,6,0,0,0,0,0,0,0,0,0,0,0,0,0,0,1562,736,48,7,2.83,3085,2251,17,45,4.38,0,0,0,0,0,0,0,0,0,0
1130,Gavin Rennie,Zimbabwe,50,Batsman ,Left Handed Bat ,Left-arm orthodox,23,40,0,0,46,37,0,0,1023,617,0,0,2906,928,0,0,93,76,0,0,22.73,19.9,0,0,35.21,66.49,0,0,103,35,0,0,2,1,0,0,5,5,0,0,7,2,0,0,0,0,0,0,0,0,0,0,126,84,0,1,4,90,75,0,2,5,0,0,0,0,0,0,0,0,0,0
1131,Pommie Mbangwa,Zimbabwe,49,Batsman ,Right Handed Bat ,Right-arm fast-medium,15,29,0,0,25,13,0,0,34,34,0,0,193,56,0,0,8,11,0,0,2,4.86,0,0,17.62,60.72,0,0,3,2,0,0,0,1,0,0,9,2,0,0,0,0,0,0,0,0,0,0,0,0,0,0,2596,1006,149,32,2.33,1369,1140,11,11,5,0,0,0,0,0,0,0,0,0,0
1132,Everton Matambanadzo,Zimbabwe,50,Batsman ,Right Handed Bat ,Right-arm fast-medium,3,7,0,0,5,5,0,0,17,8,0,0,93,33,0,0,7,5,0,0,4.25,4,0,0,18.28,24.25,0,0,1,0,0,0,0,0,0,0,1,1,0,0,0,0,0,0,0,0,0,0,0,0,0,0,384,250,10,4,3.91,297,217,1,11,4.38,0,0,0,0,0,0,0,0,0,0
1133,Dirk Viljoen,Zimbabwe,49,Batsman ,Left Handed Bat ,Left-arm orthodox,2,53,0,0,4,43,0,0,57,512,0,0,174,827,0,0,38,63,0,0,14.25,14.22,0,0,32.76,61.92,0,0,6,26,0,0,0,5,0,0,2,5,0,0,0,2,0,0,0,0,0,0,0,0,0,0,105,65,2,1,3.71,2075,1639,7,44,4.74,0,0,0,0,0,0,0,0,0,0
1134,Adam Huckle,Zimbabwe,54,Batsman ,Right Handed Bat ,Right-arm legbreak,8,19,0,0,14,8,0,0,74,9,0,0,197,16,0,0,28,5,0,0,6.73,2.25,0,0,37.57,56.25,0,0,10,1,0,0,0,0,0,0,7,3,0,0,0,0,0,0,0,0,0,0,0,0,0,0,1568,872,48,25,3.34,858,661,4,7,4.62,0,0,0,0,0,0,0,0,0,0
1135,Murray Goodwin,Zimbabwe,53,Batsman ,Right Handed Bat ,Right-arm legbreak,19,71,0,0,37,70,0,0,1414,1818,0,0,3053,2654,0,0,166,112,0,0,42.85,27.13,0,0,46.32,68.51,0,0,165,160,0,0,5,8,0,0,4,1,0,0,8,8,0,0,3,2,0,0,0,0,0,0,119,69,3,0,3.48,248,210,1,4,5.08,0,0,0,0,0,0,0,0,0,0
1136,Trevor Madondo,Zimbabwe,24,Batsman ,Right Handed Bat ,Right-arm medium,3,13,0,0,4,13,0,0,90,191,0,0,230,331,0,0,74,71,0,0,30,15.92,0,0,39.14,57.71,0,0,10,23,0,0,0,1,0,0,1,2,0,0,1,1,0,0,0,0,0,0,0,0,0,0,0,0,0,0,0,0,0,0,0,0,0,0,0,0,0,0,0,0,0,0
1137,Neil Johnson,Zimbabwe,56,Batsman ,Left Handed Bat ,Right-arm fast-medium,13,48,0,0,23,48,0,0,532,1679,0,0,1107,2389,0,0,107,132,0,0,24.18,36.5,0,0,48.06,70.29,0,0,60,173,0,0,4,12,0,0,3,2,0,0,4,11,0,0,1,4,0,0,0,0,0,0,1186,594,50,15,3.01,1503,1220,9,35,4.87,0,0,0,0,0,0,0,0,0,0
1138,Andy Blignaut,Zimbabwe,47,Batting Allrounder ,Left Handed Bat ,Right-arm fast-medium,19,54,1,0,36,41,1,0,886,626,8,0,1292,589,8,0,92,63,8,0,26.85,18.97,8,0,68.58,106.29,100.00,0,102,62,1,0,23,13,0,0,6,3,0,0,6,5,0,0,0,0,0,0,0,0,0,0,3173,1964,101,53,3.71,2348,2063,12,50,5.27,0,0,0,0,0,0,0,0,0,0
1139,David Mutendera,Zimbabwe,47,Batsman ,Right Handed Bat ,Right-arm fast-medium,1,9,0,0,2,4,0,0,10,20,0,0,19,43,0,0,10,10,0,0,5,10,0,0,52.64,46.52,0,0,0,2,0,0,1,0,0,0,1,0,0,0,0,0,0,0,0,0,0,0,0,0,0,0,84,29,4,0,2.07,390,334,4,9,5.14,0,0,0,0,0,0,0,0,0,0
1140,Brian Murphy,Zimbabwe,49,Batsman ,Right Handed Bat ,Right-arm legbreak,11,31,0,0,15,17,0,0,123,72,0,0,473,130,0,0,30,20,0,0,10.25,8,0,0,26.01,55.39,0,0,17,5,0,0,0,0,0,0,3,1,0,0,0,0,0,0,0,0,0,0,0,0,0,0,2153,1113,67,18,3.1,1422,1130,9,29,4.77,0,0,0,0,0,0,0,0,0,0
1141,Travis Friend,Zimbabwe,45,Batting Allrounder ,Right Handed Bat ,Right-arm fast-medium,13,51,0,0,19,39,0,0,447,548,0,0,1020,724,0,0,81,91,0,0,29.8,16.12,0,0,43.83,75.70,0,0,54,54,0,0,3,6,0,0,4,5,0,0,3,3,0,0,0,0,0,0,0,0,0,0,2000,1090,63,25,3.27,1930,1779,13,37,5.53,0,0,0,0,0,0,0,0,0,0
1142,Dougie Marillier,Zimbabwe,48,Batsman ,Right Handed Bat ,Right-arm offbreak,5,48,0,0,7,41,0,0,186,672,0,0,437,949,0,0,73,100,0,0,31,18.16,0,0,42.57,70.82,0,0,16,62,0,0,2,7,0,0,0,4,0,0,2,3,0,0,0,1,0,0,0,0,0,0,616,322,21,11,3.14,1574,1235,7,30,4.71,0,0,0,0,0,0,0,0,0,0
1143,Gus Mackay,Zimbabwe,58,Batsman ,Right Handed Bat ,Right-arm fast-medium,0,3,0,0,0,0,0,0,0,0,0,0,0,0,0,0,0,0,0,0,0,0,0,0,0,0,0,0,0,0,0,0,0,0,0,0,0,0,0,0,0,0,0,0,0,0,0,0,0,0,0,0,0,0,0,0,0,132,137,0,0,6.23,0,0,0,0,0,0,0,0,0,0
1144,Dion Ebrahim,Zimbabwe,45,Batsman ,Right Handed Bat ,Right-arm medium,29,82,0,0,55,76,0,0,1225,1443,0,0,3116,2540,0,0,94,121,0,0,22.69,20.61,0,0,39.32,56.82,0,0,145,104,0,0,0,0,0,0,8,8,0,0,10,4,0,0,0,1,0,0,0,0,0,0,0,0,0,0,0,5,11,0,0,0,0,0,0,0,0,0,0,0,0,0
1145,Douglas Hondo,Zimbabwe,46,Batsman ,Right Handed Bat ,Right-arm fast-medium,9,56,0,0,15,29,0,0,83,127,0,0,338,249,0,0,19,17,0,0,9.22,7.47,0,0,24.56,51.01,0,0,11,14,0,0,0,0,0,0,1,4,0,0,0,0,0,0,0,0,0,0,0,0,0,0,1486,774,50,21,3.13,2381,2171,21,61,5.47,0,0,0,0,0,0,0,0,0,0
1146,Sean Ervine,Zimbabwe,43,Batting Allrounder ,Left Handed Bat ,Right-arm medium,5,42,0,0,8,34,0,0,261,698,0,0,471,816,0,0,86,100,0,0,32.63,25.85,0,0,55.42,85.54,0,0,32,62,0,0,2,14,0,0,1,5,0,0,3,2,0,0,0,1,0,0,0,0,0,0,570,388,18,9,4.08,1649,1561,10,41,5.68,0,0,0,0,0,0,0,0,0,0
1147,Trevor Gripper,Zimbabwe,50,Batsman ,Right Handed Bat ,Right-arm offbreak,20,8,0,0,38,8,0,0,809,80,0,0,2473,187,0,0,112,26,0,0,21.86,10,0,0,32.72,42.79,0,0,96,5,0,0,2,0,0,0,5,1,0,0,5,0,0,0,1,0,0,0,0,0,0,0,793,509,21,6,3.85,120,76,5,2,3.8,0,0,0,0,0,0,0,0,0,0
1148,Barney Rogers,Zimbabwe,43,Batsman ,Left Handed Bat ,Right-arm offbreak,4,15,0,0,8,15,0,0,90,478,0,0,232,689,0,0,29,84,0,0,11.25,31.87,0,0,38.80,69.38,0,0,14,59,0,0,0,3,0,0,2,2,0,0,0,5,0,0,0,0,0,0,0,0,0,0,18,17,0,0,5.67,324,321,0,6,5.94,0,0,0,0,0,0,0,0,0,0
1149,Richard Sims,Zimbabwe,46,Batsman ,Right Handed Bat ,Right-arm offbreak,0,3,0,0,0,2,0,0,0,31,0,0,0,67,0,0,0,24,0,0,0,31,0,0,0,46.27,0,0,0,3,0,0,0,0,0,0,0,0,0,0,0,0,0,0,0,0,0,0,0,0,0,0,0,0,0,0,0,132,127,0,0,5.77,0,0,0,0,0,0,0,0,0,0
1150,Waddington Mwayenga,Zimbabwe,41,Bowler ,Right Handed Bat ,Right-arm medium,1,3,0,0,2,2,0,0,15,1,0,0,17,11,0,0,14,1,0,0,15,0.5,0,0,88.24,9.10,0,0,1,0,0,0,1,0,0,0,0,1,0,0,0,0,0,0,0,0,0,0,0,0,0,0,126,79,6,1,3.76,126,157,2,1,7.48,0,0,0,0,0,0,0,0,0,0
1151,Charles Coventry,Zimbabwe,43,Batsman ,Right Handed Bat ,Right-arm legbreak,2,39,13,0,4,35,12,0,88,831,127,0,93,937,90,0,37,194,30,0,22,24.44,12.7,0,94.63,88.69,141.12,0,14,62,14,0,1,29,6,0,0,5,2,0,0,3,0,0,0,1,0,0,0,0,0,0,0,0,0,0,0,0,0,0,0,0,0,0,0,0,0,0,0,0,0,0
1152,Alester Maregwede,Zimbabwe,44,WK-Batsman ,Right Handed Bat,,2,11,0,0,4,11,0,0,74,124,0,0,136,218,0,0,28,37,0,0,18.5,12.4,0,0,54.42,56.89,0,0,10,10,0,0,2,2,0,0,1,1,0,0,0,0,0,0,0,0,0,0,0,0,0,0,0,0,0,0,0,0,0,0,0,0,0,0,0,0,0,0,0,0,0,0
1153,Tinashe Panyangara,Zimbabwe,40,Bowler ,Right Handed Bat ,Right-arm fast-medium,9,65,14,0,18,49,5,0,201,239,23,0,385,463,17,0,40,33,17,0,16.75,6.64,23,0,52.21,51.62,135.30,0,30,19,1,0,2,4,2,0,2,9,0,0,0,0,0,0,0,0,0,0,0,0,0,0,1889,813,86,31,2.58,3242,3024,41,65,5.6,303,398,1,20,7.88,0,0,0,0,0
1154,Gavin Ewing,Zimbabwe,45,Batsman ,Right Handed Bat ,Right-arm offbreak,3,7,0,0,6,7,0,0,108,97,0,0,174,137,0,0,71,46,0,0,18,13.86,0,0,62.07,70.81,0,0,14,9,0,0,1,0,0,0,2,2,0,0,1,0,0,0,0,0,0,0,0,0,0,0,426,260,11,2,3.66,312,236,0,5,4.54,0,0,0,0,0,0,0,0,0,0
1155,Brighton Watambwa,Zimbabwe,48,Batsman ,Right Handed Bat ,Right-arm fast-medium,6,0,0,0,8,0,0,0,11,0,0,0,59,0,0,0,4,0,0,0,3.67,0,0,0,18.65,0,0,0,0,0,0,0,0,0,0,0,2,0,0,0,0,0,0,0,0,0,0,0,0,0,0,0,931,490,36,14,3.16,0,0,0,0,0,0,0,0,0,0,0,0,0,0,0
1156,Neil Ferreira,Zimbabwe,46,Batsman ,Left Handed Bat ,Right-arm offbreak,1,0,0,0,2,0,0,0,21,0,0,0,99,0,0,0,16,0,0,0,10.5,0,0,0,21.22,0,0,0,2,0,0,0,0,0,0,0,0,0,0,0,0,0,0,0,0,0,0,0,0,0,0,0,0,0,0,0,0,0,0,0,0,0,0,0,0,0,0,0,0,0,0,0
1157,Somachandra De,Sri Lanka,83,Batsman ,Right Handed Bat ,Right-arm legbreak,12,41,0,0,22,29,0,0,406,371,0,0,912,691,0,0,61,37,0,0,21.37,19.53,0,0,44.52,53.70,0,0,25,23,0,0,0,0,0,0,3,0,0,0,2,0,0,0,0,0,0,0,0,0,0,0,3031,1347,108,37,2.67,2076,1557,22,32,4.5,0,0,0,0,0,0,0,0,0,0
1158,Ranjit Fernando,Sri Lanka,82,Batsman ,Right Handed Bat,,0,3,0,0,0,3,0,0,0,47,0,0,0,66,0,0,0,22,0,0,0,15.67,0,0,0,71.22,0,0,0,7,0,0,0,0,0,0,0,0,0,0,0,0,0,0,0,0,0,0,0,0,0,0,0,0,0,0,0,0,0,0,0,0,0,0,0,0,0,0,0,0,0,0
1159,David Heyn,Sri Lanka,80,Batsman ,Left Handed Bat ,Right-arm medium,0,2,0,0,0,2,0,0,0,3,0,0,0,20,0,0,0,2,0,0,0,1.5,0,0,0,15.00,0,0,0,0,0,0,0,0,0,0,0,0,0,0,0,0,0,0,0,0,0,0,0,0,0,0,0,0,0,0,0,0,0,0,0,0,0,0,0,0,0,0,0,0,0,0
1160,Lalith Kaluperuma,Sri Lanka,76,Batsman ,Right Handed Bat ,Right-arm offbreak,2,4,0,0,4,3,0,0,12,33,0,0,51,60,0,0,11,14,0,0,4,0,0,0,23.53,55.00,0,0,1,2,0,0,0,0,0,0,2,0,0,0,0,0,0,0,0,0,0,0,0,0,0,0,162,93,4,0,3.44,208,137,2,2,3.95,0,0,0,0,0,0,0,0,0,0
1161,Duleep Mendis,Sri Lanka,73,Batsman ,Right Handed Bat ,Right-arm medium,24,79,0,0,43,74,0,0,1329,1527,0,0,1342,2034,0,0,124,80,0,0,31.64,23.14,0,0,99.04,75.08,0,0,106,113,0,0,11,9,0,0,2,4,0,0,8,7,0,0,4,0,0,0,0,0,0,0,0,0,0,0,0,0,0,0,0,0,0,0,0,0,0,0,0,0,0,0
1162,Tony Opatha,Sri Lanka,78,Batsman ,Right Handed Bat ,Right-arm medium,0,5,0,0,0,3,0,0,0,29,0,0,0,55,0,0,0,18,0,0,0,9.67,0,0,0,52.73,0,0,0,3,0,0,0,0,0,0,0,1,0,0,0,0,0,0,0,0,0,0,0,0,0,0,0,0,0,0,0,253,180,1,5,4.27,0,0,0,0,0,0,0,0,0,0
1163,Mevan Pieris,Sri Lanka,80,Batsman ,Left Handed Bat ,Right-arm fast-medium,0,3,0,0,0,3,0,0,0,19,0,0,0,59,0,0,0,16,0,0,0,9.5,0,0,0,32.21,0,0,0,2,0,0,0,0,0,0,0,0,0,0,0,0,0,0,0,0,0,0,0,0,0,0,0,0,0,0,0,132,135,0,2,6.14,0,0,0,0,0,0,0,0,0,0
1164,Anura Ranasinghe,Sri Lanka,42,Batsman ,Right Handed Bat,,2,9,0,0,4,8,0,0,88,153,0,0,51,147,0,0,77,51,0,0,22,21.86,0,0,172.55,104.09,0,0,1,8,0,0,0,3,0,0,1,2,0,0,1,1,0,0,0,0,0,0,0,0,0,0,114,69,1,1,3.63,324,281,3,2,5.2,0,0,0,0,0,0,0,0,0,0
1165,Anura Tennekoon,Sri Lanka,79,Batsman ,Right Handed Bat ,Left-arm orthodox,0,4,0,0,0,4,0,0,0,137,0,0,0,207,0,0,0,59,0,0,0,34.25,0,0,0,66.19,0,0,0,16,0,0,0,0,0,0,0,1,0,0,0,1,0,0,0,0,0,0,0,0,0,0,0,0,0,0,0,0,0,0,0,0,0,0,0,0,0,0,0,0,0,0
1166,Michael Tissera,Sri Lanka,87,Batsman ,Right Handed Bat ,Right-arm legbreak,0,3,0,0,0,3,0,0,0,78,0,0,0,147,0,0,0,52,0,0,0,26,0,0,0,53.07,0,0,0,10,0,0,0,0,0,0,0,0,0,0,0,1,0,0,0,0,0,0,0,0,0,0,0,0,0,0,0,0,0,0,0,0,0,0,0,0,0,0,0,0,0,0
1167,Bandula Warnapura,Sri Lanka,73,Batsman ,Right Handed Bat ,Right-arm medium,4,12,0,0,8,12,0,0,96,180,0,0,313,415,0,0,38,77,0,0,12,15,0,0,30.68,43.38,0,0,11,21,0,0,0,0,0,0,1,1,0,0,0,1,0,0,0,0,0,0,0,0,0,0,90,46,4,0,3.07,414,316,2,8,4.58,0,0,0,0,0,0,0,0,0,0
1168,Sunil Wettimuny,Sri Lanka,77,Batsman ,Right Handed Bat ,Right-arm medium,0,3,0,0,0,3,0,0,0,136,0,0,0,242,0,0,0,67,0,0,0,45.33,0,0,0,56.20,0,0,0,16,0,0,0,0,0,0,0,0,0,0,0,2,0,0,0,0,0,0,0,0,0,0,0,0,0,0,0,0,0,0,0,0,0,0,0,0,0,0,0,0,0,0
1169,Ajit de,Sri Lanka,73,Batsman ,Left Handed Bat ,Left-arm orthodox,4,6,0,0,7,4,0,0,41,9,0,0,54,33,0,0,14,6,0,0,8.2,4.5,0,0,75.93,27.28,0,0,4,0,0,0,1,0,0,0,2,1,0,0,0,0,0,0,0,0,0,0,0,0,0,0,962,385,41,7,2.4,305,262,3,9,5.15,0,0,0,0,0,0,0,0,0,0
1170,Stanley De,Sri Lanka,23,Batsman ,Right Handed Bat ,Right-arm fast-medium,0,2,0,0,0,1,0,0,0,10,0,0,0,35,0,0,0,10,0,0,0,10,0,0,0,28.58,0,0,0,0,0,0,0,0,0,0,0,0,0,0,0,0,0,0,0,0,0,0,0,0,0,0,0,0,0,0,0,120,54,2,2,2.7,0,0,0,0,0,0,0,0,0,0
1171,Roy Dias,Sri Lanka,73,Batsman ,Right Handed Bat ,Right-arm offbreak,20,58,0,0,36,55,0,0,1285,1573,0,0,1580,2315,0,0,109,121,0,0,36.71,31.46,0,0,81.33,67.95,0,0,141,117,0,0,1,4,0,0,2,3,0,0,8,11,0,0,3,2,0,0,0,0,0,0,24,17,0,0,4.25,56,70,0,3,7.5,0,0,0,0,0,0,0,0,0,0
1172,Sunil Jayasinghe,Sri Lanka,39,Batsman ,Right Handed Bat,,0,2,0,0,0,1,0,0,0,1,0,0,0,3,0,0,0,1,0,0,0,1,0,0,0,33.34,0,0,0,0,0,0,0,0,0,0,0,0,0,0,0,0,0,0,0,0,0,0,0,0,0,0,0,0,0,0,0,0,0,0,0,0,0,0,0,0,0,0,0,0,0,0
1173,Sudath Pasqual,Sri Lanka,64,Batsman ,Left Handed Bat ,Right-arm medium,0,2,0,0,0,2,0,0,0,24,0,0,0,28,0,0,0,23,0,0,0,24,0,0,0,85.72,0,0,0,1,0,0,0,0,0,0,0,0,0,0,0,0,0,0,0,0,0,0,0,0,0,0,0,0,0,0,0,28,20,0,0,4.29,0,0,0,0,0,0,0,0,0,0
1174,Ranjan Gunatilleke,Sri Lanka,74,Batsman ,Right Handed Bat ,Right-arm medium,0,1,0,0,0,0,0,0,0,0,0,0,0,0,0,0,0,0,0,0,0,0,0,0,0,0,0,0,0,0,0,0,0,0,0,0,0,0,0,0,0,0,0,0,0,0,0,0,0,0,0,0,0,0,0,0,0,54,34,1,0,3.78,0,0,0,0,0,0,0,0,0,0
1175,Ranjan Madugalle,Sri Lanka,67,Batsman ,Right Handed Bat ,Right-arm offbreak,21,63,0,0,39,56,0,0,1029,950,0,0,1869,1574,0,0,103,73,0,0,29.4,18.63,0,0,55.06,60.36,0,0,103,57,0,0,2,16,0,0,4,4,0,0,7,3,0,0,1,0,0,0,0,0,0,0,84,38,2,0,2.71,4,1,0,0,0,0,0,0,0,0,0,0,0,0,0
1176,Ashantha de,Sri Lanka,67,Batsman ,Right Handed Bat ,Right-arm fast-medium,17,57,0,0,28,41,0,0,326,466,0,0,387,595,0,0,34,36,0,0,14.17,14.56,0,0,84.24,78.32,0,0,17,22,0,0,3,3,0,0,5,6,0,0,0,0,0,0,0,0,0,0,0,0,0,0,3518,2180,92,59,3.72,2735,2237,47,59,4.91,0,0,0,0,0,0,0,0,0,0
1177,Rohan Jayasekera,Sri Lanka,68,Batsman ,Right Handed Bat,,1,2,0,0,2,1,0,0,2,17,0,0,11,42,0,0,2,17,0,0,1,17,0,0,18.19,40.48,0,0,0,1,0,0,0,0,0,0,1,0,0,0,0,0,0,0,0,0,0,0,0,0,0,0,0,0,0,0,0,0,0,0,0,0,0,0,0,0,0,0,0,0,0,0
1178,Sidath Wettimuny,Sri Lanka,69,Batsman ,Right Handed Bat ,Right-arm medium,23,35,0,0,43,33,0,0,1221,786,0,0,2010,1636,0,0,190,86,0,0,29.07,24.56,0,0,60.75,48.05,0,0,114,46,0,0,0,2,0,0,5,1,0,0,6,4,0,0,2,0,0,0,0,0,0,0,24,37,0,0,9.25,57,70,0,1,7.37,0,0,0,0,0,0,0,0,0,0
1179,Arjuna Ranatunga,Sri Lanka,62,Batsman ,Left Handed Bat ,Right-arm medium,93,269,0,0,155,255,0,0,5105,7456,0,0,8957,9570,0,0,135,131,0,0,35.7,35.85,0,0,57.00,77.92,0,0,553,523,0,0,40,64,0,0,12,18,0,0,38,49,0,0,4,4,0,0,0,0,0,0,2373,1040,114,16,2.63,4710,3757,21,79,4.79,0,0,0,0,0,0,0,0,0,0
1180,Ravi Ratnayeke,Sri Lanka,66,Batsman ,Left Handed Bat ,Right-arm fast-medium,22,78,0,0,38,69,0,0,807,824,0,0,1074,1571,0,0,93,50,0,0,25.22,14.98,0,0,75.14,52.46,0,0,70,43,0,0,1,2,0,0,5,4,0,0,5,1,0,0,0,0,0,0,0,0,0,0,3833,1972,118,56,3.09,3573,2866,25,85,4.81,0,0,0,0,0,0,0,0,0,0
1181,Roger Wijesuriya,Sri Lanka,66,Batsman ,Right Handed Bat ,Left-arm orthodox,4,8,0,0,7,3,0,0,22,18,0,0,22,48,0,0,8,12,0,0,4.4,18,0,0,100.00,37.50,0,0,0,0,0,0,0,0,0,0,2,1,0,0,0,0,0,0,0,0,0,0,0,0,0,0,586,294,23,1,3.01,312,287,1,8,5.52,0,0,0,0,0,0,0,0,0,0
1182,Vinothen John,Sri Lanka,65,Batsman ,Right Handed Bat ,Right-arm fast-medium,6,45,0,0,10,19,0,0,53,84,0,0,120,152,0,0,27,15,0,0,10.6,9.33,0,0,44.17,55.27,0,0,3,7,0,0,1,0,0,0,4,3,0,0,0,0,0,0,0,0,0,0,0,0,0,0,1281,614,53,28,2.88,2311,1655,44,34,4.3,0,0,0,0,0,0,0,0,0,0
1183,Rumesh Ratnayake,Sri Lanka,62,Batsman ,Right Handed Bat ,Right-arm fast-medium,23,70,0,0,36,55,0,0,433,612,0,0,456,705,0,0,56,33,0,0,14.43,16.54,0,0,94.96,86.81,0,0,35,43,0,0,10,18,0,0,5,4,0,0,2,0,0,0,0,0,0,0,0,0,0,0,4961,2563,136,73,3.1,3575,2712,35,76,4.55,0,0,0,0,0,0,0,0,0,0
1184,Guy de,Sri Lanka,66,Batsman ,Right Handed Bat,,11,31,0,0,19,27,0,0,152,401,0,0,195,512,0,0,28,59,0,0,8,21.11,0,0,77.95,78.33,0,0,12,33,0,0,2,7,0,0,5,2,0,0,0,2,0,0,0,0,0,0,0,0,0,0,0,0,0,0,0,0,0,0,0,0,0,0,0,0,0,0,0,0,0,0
1185,Susil Fernando,Sri Lanka,70,Batsman ,Right Handed Bat,,5,7,0,0,10,5,0,0,112,101,0,0,489,216,0,0,46,36,0,0,11.2,20.2,0,0,22.91,46.76,0,0,10,7,0,0,0,0,0,0,3,2,0,0,0,0,0,0,0,0,0,0,0,0,0,0,0,0,0,0,0,0,0,0,0,0,0,0,0,0,0,0,0,0,0,0
1186,Yohan Goonasekera,Sri Lanka,68,Batsman ,Left Handed Bat,,2,3,0,0,4,3,0,0,48,69,0,0,145,104,0,0,23,35,0,0,12,23,0,0,33.11,66.35,0,0,3,8,0,0,0,0,0,0,0,0,0,0,0,0,0,0,0,0,0,0,0,0,0,0,0,0,0,0,0,36,35,0,1,5.83,0,0,0,0,0,0,0,0,0,0
1187,Mithra Wettimuny,Sri Lanka,74,Batsman ,Right Handed Bat,,2,1,0,0,4,1,0,0,28,2,0,0,103,11,0,0,17,2,0,0,7,2,0,0,27.19,18.19,0,0,2,0,0,0,0,0,0,0,1,0,0,0,0,0,0,0,0,0,0,0,0,0,0,0,0,0,0,0,0,0,0,0,0,0,0,0,0,0,0,0,0,0,0,0
1188,Sridharan Jeganathan,Sri Lanka,44,Batsman ,Right Handed Bat ,Left-arm orthodox,2,5,0,0,4,4,0,0,19,25,0,0,50,39,0,0,8,20,0,0,4.75,8.33,0,0,38.00,64.11,0,0,3,2,0,0,0,1,0,0,1,0,0,0,0,0,0,0,0,0,0,0,0,0,0,0,30,12,2,0,2.4,276,208,2,5,4.52,0,0,0,0,0,0,0,0,0,0
1189,Granville De,Sri Lanka,71,Batsman ,Right Handed Bat ,Right-arm fast-medium,0,4,0,0,0,2,0,0,0,9,0,0,0,18,0,0,0,7,0,0,0,9,0,0,0,50.00,0,0,0,0,0,0,0,0,0,0,0,0,0,0,0,0,0,0,0,0,0,0,0,0,0,0,0,0,0,0,0,194,169,1,0,5.23,0,0,0,0,0,0,0,0,0,0
1190,Brendon Kuruppu,Sri Lanka,64,Batsman ,Right Handed Bat,,4,54,0,0,7,52,0,0,320,1022,0,0,829,1978,0,0,201,72,0,0,53.33,20.04,0,0,38.61,51.67,0,0,41,79,0,0,0,4,0,0,0,3,0,0,0,4,0,0,1,0,0,0,1,0,0,0,0,0,0,0,0,0,0,0,0,0,0,0,0,0,0,0,0,0,0,0
1191,Athula Samarasekera,Sri Lanka,64,Batsman ,Right Handed Bat ,Right-arm medium,4,39,0,0,7,39,0,0,118,844,0,0,209,1207,0,0,57,76,0,0,16.86,22.81,0,0,56.46,69.93,0,0,14,73,0,0,1,5,0,0,1,2,0,0,1,4,0,0,0,0,0,0,0,0,0,0,192,104,5,3,3.25,338,291,3,0,5.17,0,0,0,0,0,0,0,0,0,0
1192,Mahes Goonatilleke,Sri Lanka,73,Batsman ,Right Handed Bat,,5,6,0,0,10,4,0,0,177,31,0,0,399,58,0,0,56,14,0,0,22.13,31,0,0,44.37,53.45,0,0,21,0,0,0,0,0,0,0,1,0,0,0,1,0,0,0,0,0,0,0,0,0,0,0,0,0,0,0,0,0,0,0,0,0,0,0,0,0,0,0,0,0,0,0
1193,Aravinda de,Sri Lanka,60,Batsman ,Right Handed Bat ,Right-arm offbreak,93,308,0,0,159,296,0,0,6361,9284,0,0,11249,11443,0,0,267,145,0,0,42.98,34.9,0,0,56.55,81.14,0,0,756,712,0,0,48,102,0,0,7,17,0,0,22,64,0,0,20,11,0,0,2,0,0,0,2595,1208,77,29,2.79,5148,4177,27,106,4.87,0,0,0,0,0,0,0,0,0,0
1194,Shaul Karnain,Sri Lanka,63,Batsman ,Right Handed Bat ,Right-arm medium,0,19,0,0,0,17,0,0,0,229,0,0,0,386,0,0,0,41,0,0,0,19.08,0,0,0,59.33,0,0,0,8,0,0,0,3,0,0,0,2,0,0,0,0,0,0,0,0,0,0,0,0,0,0,0,0,0,0,0,635,505,4,16,4.77,0,0,0,0,0,0,0,0,0,0
1195,Amal Silva,Sri Lanka,65,Batsman ,Left Handed Bat ,Right-arm offbreak,9,20,0,0,16,20,0,0,353,441,0,0,339,838,0,0,111,85,0,0,25.21,22.05,0,0,104.13,52.63,0,0,17,32,0,0,0,0,0,0,1,1,0,0,0,3,0,0,2,0,0,0,0,0,0,0,0,0,0,0,0,0,0,0,0,0,0,0,0,0,0,0,0,0,0,0
1196,Marlon Vonhagt,Sri Lanka,61,Batsman ,Right Handed Bat ,Right-arm medium,0,1,0,0,0,1,0,0,0,8,0,0,0,17,0,0,0,8,0,0,0,8,0,0,0,47.06,0,0,0,1,0,0,0,0,0,0,0,0,0,0,0,0,0,0,0,0,0,0,0,0,0,0,0,0,0,0,0,0,0,0,0,0,0,0,0,0,0,0,0,0,0,0
1197,Asanka Gurusinha,Sri Lanka,59,Batsman ,Left Handed Bat ,Right-arm medium,41,147,0,0,70,143,0,0,2452,3902,0,0,6109,6409,0,0,143,117,0,0,38.92,28.28,0,0,40.14,60.89,0,0,248,279,0,0,11,42,0,0,3,12,0,0,8,22,0,0,7,2,0,0,0,0,0,0,1408,681,47,20,2.9,1585,1354,8,26,5.13,0,0,0,0,0,0,0,0,0,0
1198,Don Anurasiri,Sri Lanka,60,Batsman ,Right Handed Bat ,Left-arm orthodox,18,45,0,0,22,18,0,0,91,62,0,0,380,143,0,0,24,11,0,0,5.35,10.33,0,0,23.95,43.36,0,0,5,1,0,0,0,0,0,0,3,2,0,0,0,0,0,0,0,0,0,0,0,0,0,0,3973,1548,152,41,2.34,2100,1464,14,32,4.18,0,0,0,0,0,0,0,0,0,0
1199,Ashley de,Sri Lanka,62,Batsman ,Right Handed Bat,,3,4,0,0,3,2,0,0,10,12,0,0,46,24,0,0,9,8,0,0,3.33,6,0,0,21.74,50.00,0,0,1,0,0,0,0,0,0,0,1,0,0,0,0,0,0,0,0,0,0,0,0,0,0,0,0,0,0,0,0,0,0,0,0,0,0,0,0,0,0,0,0,0,0,0
1200,Roshan Mahanama,Sri Lanka,59,Batsman ,Right Handed Bat,,52,213,0,0,89,198,0,0,2576,5162,0,0,6105,8519,0,0,225,119,0,0,29.27,28.84,0,0,42.20,60.60,0,0,293,331,0,0,2,17,0,0,7,15,0,0,11,35,0,0,4,4,0,0,1,0,0,0,36,30,0,0,5,2,7,0,0,0,0,0,0,0,0,0,0,0,0,0
1201,Gamini Perera,Sri Lanka,62,Batsman ,Right Handed Bat ,Left-arm orthodox,0,1,0,0,0,0,0,0,0,0,0,0,0,0,0,0,0,0,0,0,0,0,0,0,0,0,0,0,0,0,0,0,0,0,0,0,0,0,0,0,0,0,0,0,0,0,0,0,0,0,0,0,0,0,0,0,0,12,15,0,0,7.5,0,0,0,0,0,0,0,0,0,0
1202,Keerthi Ranasinghe,Sri Lanka,63,Batsman ,Left Handed Bat ,Right-arm medium,0,4,0,0,0,3,0,0,0,55,0,0,0,81,0,0,0,41,0,0,0,18.33,0,0,0,67.91,0,0,0,3,0,0,0,0,0,0,0,1,0,0,0,0,0,0,0,0,0,0,0,0,0,0,0,0,0,0,0,126,96,0,3,4.57,0,0,0,0,0,0,0,0,0,0
1203,Kaushik Amalean,Sri Lanka,61,Batsman ,Right Handed Bat ,Right-arm fast-medium,2,8,0,0,3,3,0,0,9,15,0,0,11,26,0,0,7,9,0,0,9,7.5,0,0,81.82,57.70,0,0,1,0,0,0,0,0,0,0,0,0,0,0,0,0,0,0,0,0,0,0,0,0,0,0,244,156,2,7,3.84,318,207,7,9,3.91,0,0,0,0,0,0,0,0,0,0
1204,Champaka Ramanayake,Sri Lanka,61,Batsman ,Right Handed Bat ,Right-arm fast-medium,18,62,0,0,24,35,0,0,143,210,0,0,550,374,0,0,34,26,0,0,9.53,10,0,0,26.00,56.15,0,0,13,13,0,0,0,1,0,0,7,7,0,0,0,0,0,0,0,0,0,0,0,0,0,0,3654,1880,109,44,3.09,2864,2049,43,68,4.29,0,0,0,0,0,0,0,0,0,0
1205,Graeme Labrooy,Sri Lanka,61,Batsman ,Right Handed Bat ,Right-arm fast-medium,9,44,0,0,14,36,0,0,158,249,0,0,280,350,0,0,70,33,0,0,14.36,8.59,0,0,56.43,71.15,0,0,23,13,0,0,2,3,0,0,3,6,0,0,1,0,0,0,0,0,0,0,0,0,0,0,2158,1194,58,27,3.32,2308,1876,18,45,4.88,0,0,0,0,0,0,0,0,0,0
1206,Hashan Tillakaratne,Sri Lanka,58,Batsman ,Left Handed Bat ,Right-arm offbreak,83,200,0,0,131,168,0,0,4545,3789,0,0,11152,6582,0,0,204,104,0,0,42.48,29.37,0,0,40.76,57.57,0,0,540,224,0,0,1,10,0,0,9,10,0,0,20,13,0,0,11,2,0,0,1,0,0,0,76,25,4,0,1.97,180,141,1,6,4.7,0,0,0,0,0,0,0,0,0,0
1207,Asoka De,Sri Lanka,70,Batsman ,Left Handed Bat ,Right-arm legbreak,10,28,0,0,16,20,0,0,185,138,0,0,508,241,0,0,50,19,0,0,15.42,9.86,0,0,36.42,57.27,0,0,8,4,0,0,0,1,0,0,3,2,0,0,1,0,0,0,0,0,0,0,0,0,0,0,2328,1032,87,8,2.66,1374,967,8,17,4.22,0,0,0,0,0,0,0,0,0,0
1208,Saliya Ahangama,Sri Lanka,66,Batsman ,Left Handed Bat ,Right-arm medium,3,1,0,0,3,0,0,0,11,0,0,0,0,0,0,0,11,0,0,0,5.5,0,0,0,0,0,0,0,0,0,0,0,0,0,0,0,1,0,0,0,0,0,0,0,0,0,0,0,0,0,0,0,801,348,32,18,2.61,18,23,0,0,7.67,0,0,0,0,0,0,0,0,0,0
1209,Sanath Kaluperuma,Sri Lanka,64,Batsman ,Right Handed Bat ,Right-arm offbreak,4,2,0,0,8,2,0,0,88,11,0,0,310,41,0,0,23,7,0,0,11,5.5,0,0,28.39,26.83,0,0,11,1,0,0,0,0,0,0,1,0,0,0,0,0,0,0,0,0,0,0,0,0,0,0,240,124,8,2,3.1,6,3,0,0,3,0,0,0,0,0,0,0,0,0,0
1210,Ranjith Madurasinghe,Sri Lanka,65,Batsman ,Left Handed Bat ,Right-arm offbreak,3,12,0,0,6,6,0,0,24,21,0,0,39,62,0,0,11,8,0,0,4.8,10.5,0,0,61.54,33.88,0,0,1,3,0,0,0,0,0,0,1,0,0,0,0,0,0,0,0,0,0,0,0,0,0,0,396,172,12,3,2.61,480,358,4,5,4.47,0,0,0,0,0,0,0,0,0,0
1211,Kapila Wijegunawardene,Sri Lanka,61,Batsman ,Right Handed Bat ,Right-arm fast-medium,2,26,0,0,4,12,0,0,14,20,0,0,53,55,0,0,6,8,0,0,4.67,2.86,0,0,26.42,36.37,0,0,1,0,0,0,0,0,0,0,0,4,0,0,0,0,0,0,0,0,0,0,0,0,0,0,364,147,16,7,2.42,1186,986,8,25,4.99,0,0,0,0,0,0,0,0,0,0
1212,Nilantha Ratnayake,Sri Lanka,57,Batsman ,Left Handed Bat ,Right-arm fast-medium,0,2,0,0,0,0,0,0,0,0,0,0,0,0,0,0,0,0,0,0,0,0,0,0,0,0,0,0,0,0,0,0,0,0,0,0,0,0,0,0,0,0,0,0,0,0,0,0,0,0,0,0,0,0,0,0,0,101,98,0,2,5.82,0,0,0,0,0,0,0,0,0,0
1213,Lalithamana Fernando,Sri Lanka,63,Batsman ,Right Handed Bat ,Right-arm medium,0,1,0,0,0,1,0,0,0,8,0,0,0,6,0,0,0,8,0,0,0,8,0,0,0,133.34,0,0,0,0,0,0,0,0,0,0,0,0,0,0,0,0,0,0,0,0,0,0,0,0,0,0,0,0,0,0,0,18,16,0,1,5.33,0,0,0,0,0,0,0,0,0,0
1214,Dammika Ranatunga,Sri Lanka,63,Batsman ,Right Handed Bat ,Right-arm offbreak,2,4,0,0,3,4,0,0,87,49,0,0,250,156,0,0,45,25,0,0,29,12.25,0,0,34.80,31.42,0,0,4,2,0,0,0,0,0,0,0,1,0,0,0,0,0,0,0,0,0,0,0,0,0,0,0,0,0,0,0,0,0,0,0,0,0,0,0,0,0,0,0,0,0,0
1215,Romesh Kaluwitharana,Sri Lanka,56,WK-Batsman ,Right Handed Bat,,49,189,0,0,78,181,0,0,1933,3711,0,0,3203,4776,0,0,132,102,0,0,26.12,22.22,0,0,60.35,77.71,0,0,284,411,0,0,6,17,0,0,5,24,0,0,9,23,0,0,3,2,0,0,0,0,0,0,0,0,0,0,0,0,0,0,0,0,0,0,0,0,0,0,0,0,0,0
1216,Jayananda Warnaweera,Sri Lanka,65,Batsman ,Left Handed Bat,,10,6,0,0,12,3,0,0,39,1,0,0,71,11,0,0,20,1,0,0,4.33,0,0,0,54.93,9.10,0,0,4,0,0,0,0,0,0,0,3,0,0,0,0,0,0,0,0,0,0,0,0,0,0,0,2333,1021,90,32,2.63,294,200,3,6,4.08,0,0,0,0,0,0,0,0,0,0
1217,Charith Senanayake,Sri Lanka,63,Batsman ,Left Handed Bat ,Right-arm medium,3,7,0,0,5,7,0,0,97,126,0,0,134,211,0,0,64,27,0,0,19.4,18,0,0,72.39,59.72,0,0,14,7,0,0,0,0,0,0,1,1,0,0,1,0,0,0,0,0,0,0,0,0,0,0,0,0,0,0,0,0,0,0,0,0,0,0,0,0,0,0,0,0,0,0
1218,Pramodya Wickramasinghe,Sri Lanka,54,Batsman ,Right Handed Bat ,Right-arm fast-medium,40,134,0,0,64,64,0,0,555,344,0,0,1105,543,0,0,51,32,0,0,9.41,8.6,0,0,50.23,63.36,0,0,69,17,0,0,4,2,0,0,17,12,0,0,1,0,0,0,0,0,0,0,0,0,0,0,7260,3559,248,85,2.94,5720,4321,49,109,4.53,0,0,0,0,0,0,0,0,0,0
1219,Chandika Hathurusingha,Sri Lanka,57,Batsman ,Right Handed Bat ,Right-arm fast-medium,26,35,0,0,44,33,0,0,1274,669,0,0,3573,1318,0,0,83,66,0,0,29.63,20.91,0,0,35.66,50.76,0,0,154,59,0,0,0,0,0,0,2,3,0,0,8,4,0,0,0,0,0,0,0,0,0,0,1962,789,99,17,2.41,954,709,9,14,4.46,0,0,0,0,0,0,0,0,0,0
1220,Ruwan Kalpage,Sri Lanka,56,Batsman ,Left Handed Bat ,Right-arm offbreak,11,86,0,0,18,69,0,0,294,844,0,0,708,1320,0,0,63,51,0,0,18.38,20.59,0,0,41.53,63.94,0,0,35,29,0,0,4,4,0,0,0,2,0,0,2,1,0,0,0,0,0,0,0,0,0,0,1576,774,49,12,2.95,3960,2975,20,73,4.51,0,0,0,0,0,0,0,0,0,0
1221,Dulip Liyanage,Sri Lanka,53,Batsman ,Left Handed Bat ,Right-arm fast-medium,9,16,0,0,9,11,0,0,69,144,0,0,340,207,0,0,23,43,0,0,7.67,16,0,0,20.30,69.57,0,0,5,6,0,0,0,1,0,0,1,0,0,0,0,0,0,0,0,0,0,0,0,0,0,0,1355,666,47,17,2.95,642,510,5,10,4.77,0,0,0,0,0,0,0,0,0,0
1222,Gamini Wickremasinghe,Sri Lanka,60,Batsman ,Right Handed Bat ,Right-arm offbreak,3,4,0,0,3,1,0,0,17,2,0,0,29,10,0,0,13,2,0,0,8.5,2,0,0,58.63,20.00,0,0,2,0,0,0,0,0,0,0,0,0,0,0,0,0,0,0,0,0,0,0,0,0,0,0,0,0,0,0,0,0,0,0,0,0,0,0,0,0,0,0,0,0,0,0
1223,Nishantha Ranatunga,Sri Lanka,60,Batsman ,Right Handed Bat ,Right-arm fast-medium,0,2,0,0,0,1,0,0,0,0,0,0,0,3,0,0,0,0,0,0,0,0,0,0,0,0.00,0,0,0,0,0,0,0,0,0,0,0,1,0,0,0,0,0,0,0,0,0,0,0,0,0,0,0,0,0,0,0,102,82,0,1,4.82,0,0,0,0,0,0,0,0,0,0
1224,Pubudu Dassanayake,Sri Lanka,55,Batsman ,Right Handed Bat,,11,16,0,0,17,10,0,0,196,85,0,0,560,142,0,0,36,20,0,0,13.07,10.63,0,0,35.00,59.86,0,0,21,3,0,0,0,0,0,0,3,0,0,0,0,0,0,0,0,0,0,0,0,0,0,0,0,0,0,0,0,0,0,0,0,0,0,0,0,0,0,0,0,0,0,0
1225,Hemantha Wickramaratne,Sri Lanka,55,Batsman ,Left Handed Bat ,Left-arm orthodox,0,3,0,0,0,2,0,0,0,4,0,0,0,6,0,0,0,3,0,0,0,2,0,0,0,66.67,0,0,0,0,0,0,0,0,0,0,0,0,0,0,0,0,0,0,0,0,0,0,0,0,0,0,0,0,0,0,0,0,0,0,0,0,0,0,0,0,0,0,0,0,0,0
1226,Dulip Samaraweera,Sri Lanka,54,Batsman ,Right Handed Bat ,Right-arm offbreak,7,5,0,0,14,4,0,0,211,91,0,0,805,169,0,0,42,49,0,0,15.07,22.75,0,0,26.22,53.85,0,0,18,8,0,0,0,0,0,0,1,0,0,0,0,0,0,0,0,0,0,0,0,0,0,0,0,0,0,0,0,0,0,0,0,0,0,0,0,0,0,0,0,0,0,0
1227,Nisal Fernando,Sri Lanka,56,Batsman ,Right Handed Bat,,0,2,0,0,0,2,0,0,0,22,0,0,0,25,0,0,0,20,0,0,0,0,0,0,0,88.00,0,0,0,2,0,0,0,0,0,0,0,0,0,0,0,0,0,0,0,0,0,0,0,0,0,0,0,0,0,0,0,0,0,0,0,0,0,0,0,0,0,0,0,0,0,0
1228,Aruna Gunawardena,Sri Lanka,57,Batsman ,Right Handed Bat ,Right-arm medium,0,1,1,0,0,1,1,0,0,2,1,0,0,10,4,0,0,2,1,0,0,2,1,0,0,20.00,25.00,0,0,0,0,0,0,0,0,0,0,0,0,0,0,0,0,0,0,0,0,0,0,0,0,0,0,0,0,0,0,0,0,0,0,0,6,14,0,0,14,0,0,0,0,0
1229,Ravindra Pushpakumara,Sri Lanka,50,Bowler ,Right Handed Bat ,Right-arm fast-medium,23,31,0,0,31,9,0,0,166,36,0,0,483,52,0,0,44,14,0,0,8.74,9,0,0,34.37,69.24,0,0,19,2,0,0,4,0,0,0,5,2,0,0,0,0,0,0,0,0,0,0,0,0,0,0,3792,2242,98,58,3.55,1430,1181,12,24,4.96,0,0,0,0,0,0,0,0,0,0
1230,Manjula Munasinghe,Sri Lanka,54,Batsman ,Right Handed Bat ,Right-arm fast-medium,0,5,0,0,0,4,0,0,0,13,0,0,0,52,0,0,0,8,0,0,0,4.33,0,0,0,25.00,0,0,0,0,0,0,0,0,0,0,0,1,0,0,0,0,0,0,0,0,0,0,0,0,0,0,0,0,0,0,0,217,146,3,4,4.04,0,0,0,0,0,0,0,0,0,0
1231,Ajith Weerakkody,Sri Lanka,55,Batsman ,Right Handed Bat ,Right-arm fast-medium,0,1,0,0,0,1,0,0,0,2,0,0,0,4,0,0,0,2,0,0,0,2,0,0,0,50.00,0,0,0,0,0,0,0,0,0,0,0,0,0,0,0,0,0,0,0,0,0,0,0,0,0,0,0,0,0,0,0,36,41,0,0,6.83,0,0,0,0,0,0,0,0,0,0
1232,Sanjeeva Ranatunga,Sri Lanka,57,Batsman ,Left Handed Bat ,Right-arm offbreak,9,13,0,0,17,11,0,0,531,253,0,0,1626,526,0,0,118,70,0,0,33.19,23,0,0,32.66,48.10,0,0,56,10,0,0,0,0,0,0,1,0,0,0,2,2,0,0,2,0,0,0,0,0,0,0,0,0,0,0,0,0,0,0,0,0,0,0,0,0,0,0,0,0,0,0
1233,Kumar Dharmasena,Sri Lanka,55,Batsman ,Right Handed Bat ,Right-arm offbreak,31,141,0,0,51,87,0,0,868,1222,0,0,2665,1879,0,0,62,69,0,0,19.73,22.63,0,0,32.58,65.04,0,0,91,63,0,0,2,2,0,0,4,2,0,0,3,4,0,0,0,0,0,0,0,0,0,0,6939,2920,265,69,2.52,7009,4998,40,138,4.28,0,0,0,0,0,0,0,0,0,0
1234,Jayantha Silva,Sri Lanka,52,Batsman ,Right Handed Bat ,Left-arm orthodox,7,1,0,0,4,1,0,0,6,1,0,0,28,1,0,0,6,1,0,0,2,0,0,0,21.43,100.00,0,0,1,0,0,0,0,0,0,0,3,0,0,0,0,0,0,0,0,0,0,0,0,0,0,0,1533,647,72,20,2.53,48,55,0,0,6.88,0,0,0,0,0,0,0,0,0,0
1235,Janak Gamage,Sri Lanka,62,Batsman ,Right Handed Bat ,Right-arm fast-medium,0,4,0,0,0,2,0,0,0,8,0,0,0,9,0,0,0,7,0,0,0,0,0,0,0,88.89,0,0,0,0,0,0,0,0,0,0,0,0,0,0,0,0,0,0,0,0,0,0,0,0,0,0,0,0,0,0,0,132,104,2,3,4.73,0,0,0,0,0,0,0,0,0,0
1236,Chaminda Mendis,Sri Lanka,57,Batsman ,Right Handed Bat ,Right-arm offbreak,0,1,0,0,0,1,0,0,0,3,0,0,0,2,0,0,0,3,0,0,0,0,0,0,0,150.00,0,0,0,0,0,0,0,0,0,0,0,0,0,0,0,0,0,0,0,0,0,0,0,0,0,0,0,0,0,0,0,0,0,0,0,0,0,0,0,0,0,0,0,0,0,0
1237,Chamara Dunusinghe,Sri Lanka,55,Batsman ,Right Handed Bat,,5,1,0,0,10,1,0,0,160,1,0,0,452,1,0,0,91,1,0,0,16,1,0,0,35.40,100.00,0,0,15,0,0,0,1,0,0,0,3,0,0,0,1,0,0,0,0,0,0,0,0,0,0,0,0,0,0,0,0,0,0,0,0,0,0,0,0,0,0,0,0,0,0,0
1238,Eric Upashantha,Sri Lanka,53,Batsman ,Right Handed Bat ,Right-arm fast-medium,2,12,0,0,3,8,0,0,10,49,0,0,38,86,0,0,6,15,0,0,3.33,7,0,0,26.32,56.98,0,0,1,3,0,0,0,1,0,0,0,0,0,0,0,0,0,0,0,0,0,0,0,0,0,0,306,200,5,4,3.92,564,481,6,12,5.12,0,0,0,0,0,0,0,0,0,0
1239,Sajeewa de,Sri Lanka,55,Batsman ,Left Handed Bat ,Left-arm fast-medium,8,38,0,0,12,19,0,0,65,39,0,0,178,93,0,0,27,13,0,0,9.29,6.5,0,0,36.52,41.94,0,0,9,3,0,0,1,1,0,0,2,4,0,0,0,0,0,0,0,0,0,0,0,0,0,0,1585,889,42,16,3.37,1619,1323,10,52,4.9,0,0,0,0,0,0,0,0,0,0
1240,Lanka de,Sri Lanka,50,Batsman ,Right Handed Bat ,Right-arm offbreak,3,11,0,0,4,6,0,0,36,161,0,0,153,193,0,0,20,57,0,0,12,53.67,0,0,23.53,83.42,0,0,3,16,0,0,0,0,0,0,1,0,0,0,0,2,0,0,0,0,0,0,0,0,0,0,0,0,0,0,0,0,0,0,0,0,0,0,0,0,0,0,0,0,0,0
1241,Naveed Nawaz,Sri Lanka,52,Batsman ,Left Handed Bat ,Right-arm legbreak,1,3,0,0,2,3,0,0,99,31,0,0,192,71,0,0,78,15,0,0,99,15.5,0,0,51.57,43.67,0,0,11,1,0,0,0,0,0,0,0,0,0,0,1,0,0,0,0,0,0,0,0,0,0,0,0,0,0,0,0,0,0,0,0,0,0,0,0,0,0,0,0,0,0,0
1242,Suresh Perera,Sri Lanka,48,Batsman ,Right Handed Bat ,Right-arm fast-medium,3,20,0,0,4,13,0,0,77,195,0,0,148,257,0,0,43,56,0,0,25.67,17.73,0,0,52.03,75.88,0,0,12,15,0,0,1,3,0,0,0,1,0,0,0,1,0,0,0,0,0,0,0,0,0,0,408,180,12,1,2.65,579,522,2,13,5.41,0,0,0,0,0,0,0,0,0,0
1243,Niroshan Bandaratilleke,Sri Lanka,51,Batsman ,Right Handed Bat ,Left-arm orthodox,7,3,0,0,9,1,0,0,93,0,0,0,252,2,0,0,25,0,0,0,11.63,0,0,0,36.91,0.00,0,0,8,0,0,0,0,0,0,0,1,1,0,0,0,0,0,0,0,0,0,0,0,0,0,0,1722,698,83,23,2.43,144,111,0,2,4.63,0,0,0,0,0,0,0,0,0,0
1244,Hemantha Boteju,Sri Lanka,48,Batsman ,Right Handed Bat ,Right-arm medium,0,2,0,0,0,2,0,0,0,3,0,0,0,11,0,0,0,2,0,0,0,3,0,0,0,27.28,0,0,0,0,0,0,0,0,0,0,0,0,0,0,0,0,0,0,0,0,0,0,0,0,0,0,0,0,0,0,0,102,113,1,0,6.65,0,0,0,0,0,0,0,0,0,0
1245,Indika Gallage,Sri Lanka,50,Batsman ,Right Handed Bat ,Right-arm fast-medium,1,3,0,0,1,2,0,0,3,17,0,0,33,27,0,0,3,14,0,0,3,17,0,0,9.10,62.97,0,0,0,1,0,0,0,0,0,0,0,0,0,0,0,0,0,0,0,0,0,0,0,0,0,0,150,77,5,0,3.08,144,115,2,3,4.79,0,0,0,0,0,0,0,0,0,0
1246,Charitha Buddhika,Sri Lanka,45,Bowling Allrounder ,Right Handed Bat ,Right-arm fast-medium,9,17,0,0,8,10,0,0,132,29,0,0,332,59,0,0,45,14,0,0,26.4,7.25,0,0,39.76,49.16,0,0,15,0,0,0,0,0,0,0,1,1,0,0,0,0,0,0,0,0,0,0,0,0,0,0,1270,792,31,18,3.74,700,586,7,15,5.02,0,0,0,0,0,0,0,0,0,0
1247,Prabath Nissanka,Sri Lanka,45,Bowler ,Right Handed Bat ,Right-arm fast-medium,4,23,0,0,5,13,0,0,18,53,0,0,83,140,0,0,12,11,0,0,6,6.63,0,0,21.69,37.86,0,0,2,4,0,0,0,1,0,0,2,2,0,0,0,0,0,0,0,0,0,0,0,0,0,0,587,366,21,10,3.74,997,857,6,27,5.16,0,0,0,0,0,0,0,0,0,0
1248,Chamila Gamage,Sri Lanka,47,Batsman ,Right Handed Bat ,Right-arm fast-medium,2,7,0,0,3,2,0,0,42,7,0,0,50,12,0,0,40,4,0,0,14,7,0,0,84.00,58.34,0,0,8,0,0,0,0,0,0,0,1,0,0,0,0,0,0,0,0,0,0,0,0,0,0,0,288,158,10,5,3.29,300,254,2,8,5.08,0,0,0,0,0,0,0,0,0,0
1249,Pulasthi Gunaratne,Sri Lanka,52,Batsman ,Right Handed Bat ,Right-arm fast-medium,0,23,0,0,0,8,0,0,0,36,0,0,0,63,0,0,0,15,0,0,0,7.2,0,0,0,57.15,0,0,0,5,0,0,0,0,0,0,0,2,0,0,0,0,0,0,0,0,0,0,0,0,0,0,0,0,0,0,0,959,908,6,27,5.68,0,0,0,0,0,0,0,0,0,0
1250,Dinusha Fernando,Sri Lanka,46,Batsman ,Right Handed Bat ,Right-arm fast-medium,2,1,0,0,3,0,0,0,56,0,0,0,129,0,0,0,51,0,0,0,28,0,0,0,43.42,0,0,0,8,0,0,0,0,0,0,0,0,0,0,0,1,0,0,0,0,0,0,0,0,0,0,0,126,107,2,1,5.1,42,13,2,2,1.86,0,0,0,0,0,0,0,0,0,0
1251,Saman Jayantha,Sri Lanka,52,Batsman ,Right Handed Bat ,Right-arm offbreak,0,17,0,0,0,17,0,0,0,400,0,0,0,530,0,0,0,74,0,0,0,26.67,0,0,0,75.48,0,0,0,54,0,0,0,4,0,0,0,2,0,0,0,2,0,0,0,0,0,0,0,0,0,0,0,0,0,0,0,55,46,0,0,5.02,0,0,0,0,0,0,0,0,0,0
1252,Pradeep Jeyaprakashdaran,Sri Lanka,42,Bowler ,Right Handed Bat ,Right-arm fast-medium,0,1,0,0,0,0,0,0,0,0,0,0,0,0,0,0,0,0,0,0,0,0,0,0,0,0,0,0,0,0,0,0,0,0,0,0,0,0,0,0,0,0,0,0,0,0,0,0,0,0,0,0,0,0,0,0,0,36,21,1,1,3.5,0,0,0,0,0,0,0,0,0,0
1253,Asif Iqbal,Pakistan,82,Batsman ,Right Handed Bat ,Right-arm medium,58,10,0,0,99,8,0,0,3575,330,0,0,2903,466,0,0,175,62,0,0,38.86,55,0,0,123.15,70.82,0,0,350,28,0,0,17,1,0,0,9,0,0,0,12,5,0,0,11,0,0,0,0,0,0,0,3694,1502,181,53,2.44,582,378,7,16,3.9,0,0,0,0,0,0,0,0,0,0
1254,Asif Masood,Pakistan,80,Batsman ,Right Handed Bat ,Right-arm fast-medium,16,7,0,0,19,3,0,0,93,10,0,0,76,17,0,0,30,6,0,0,10.33,5,0,0,122.37,58.83,0,0,4,1,0,0,1,0,0,0,5,1,0,0,0,0,0,0,0,0,0,0,0,0,0,0,2772,1568,78,38,3.39,372,234,8,5,3.77,0,0,0,0,0,0,0,0,0,0
1255,Intikhab Alam,Pakistan,84,Batsman ,Right Handed Bat ,Right-arm legbreak,47,4,0,0,77,2,0,0,1493,17,0,0,959,45,0,0,138,10,0,0,22.28,8.5,0,0,155.69,37.78,0,0,116,0,0,0,16,0,0,0,10,0,0,0,8,0,0,0,1,0,0,0,0,0,0,0,9826,4494,383,125,2.74,138,118,2,4,5.13,0,0,0,0,0,0,0,0,0,0
1256,Majid Khan,Pakistan,79,Batsman ,Right Handed Bat,,63,23,0,0,106,22,0,0,3931,786,0,0,3742,1052,0,0,167,109,0,0,38.92,37.43,0,0,105.06,74.72,0,0,379,69,0,0,9,6,0,0,9,1,0,0,19,7,0,0,8,1,0,0,0,0,0,0,3336,1456,124,27,2.62,642,374,11,13,3.5,0,0,0,0,0,0,0,0,0,0
1257,Mushtaq Mohammad,Pakistan,82,Batsman ,Right Handed Bat ,Right-arm legbreak,57,10,0,0,100,9,0,0,3643,209,0,0,2802,353,0,0,201,55,0,0,39.17,34.83,0,0,130.02,59.21,0,0,316,12,0,0,4,0,0,0,4,0,0,0,19,1,0,0,10,0,0,0,1,0,0,0,4784,2309,177,79,2.9,42,23,0,0,3.29,0,0,0,0,0,0,0,0,0,0
1258,Nasim,Pakistan,85,Batsman ,Left Handed Bat,,29,1,0,0,50,1,0,0,747,1,0,0,380,8,0,0,101,1,0,0,16.6,1,0,0,196.58,12.50,0,0,51,0,0,0,2,0,0,0,8,0,0,0,2,0,0,0,1,0,0,0,0,0,0,0,4398,1959,204,52,2.67,0,0,0,0,0,0,0,0,0,0,0,0,0,0,0
1259,Sadiq Mohammad,Pakistan,81,Batsman ,Left Handed Bat ,Right-arm legbreak,41,19,0,0,74,19,0,0,2579,383,0,0,2567,755,0,0,166,74,0,0,35.82,21.28,0,0,100.47,50.73,0,0,237,39,0,0,0,1,0,0,6,0,0,0,10,2,0,0,5,0,0,0,0,0,0,0,180,98,5,0,3.27,38,26,1,2,4.11,0,0,0,0,0,0,0,0,0,0
1260,Saleem Altaf,Pakistan,82,Batsman ,Right Handed Bat ,Right-arm fast-medium,21,6,0,0,31,2,0,0,276,25,0,0,546,53,0,0,53,21,0,0,14.53,25,0,0,50.55,47.17,0,0,16,0,0,0,1,1,0,0,4,0,0,0,1,0,0,0,0,0,0,0,0,0,0,0,3637,1710,122,46,2.82,247,151,2,5,3.67,0,0,0,0,0,0,0,0,0,0
1261,Sarfraz Nawaz,Pakistan,77,Batsman ,Right Handed Bat ,Right-arm fast-medium,55,45,0,0,72,31,0,0,1045,221,0,0,1303,345,0,0,90,34,0,0,17.71,9.61,0,0,80.20,64.06,0,0,93,16,0,0,1,1,0,0,6,5,0,0,4,0,0,0,0,0,0,0,0,0,0,0,12663,5798,486,177,2.75,2374,1463,49,63,3.7,0,0,0,0,0,0,0,0,0,0
1262,Wasim Bari,Pakistan,78,Batsman ,Right Handed Bat,,81,51,0,0,112,26,0,0,1366,221,0,0,1756,431,0,0,85,34,0,0,15.52,15.79,0,0,77.80,51.28,0,0,106,11,0,0,2,0,0,0,20,0,0,0,6,0,0,0,0,0,0,0,0,0,0,0,6,2,0,0,2,0,0,0,0,0,0,0,0,0,0,0,0,0,0,0
1263,Wasim Raja,Pakistan,54,Batsman ,Left Handed Bat ,Right-arm legbreak,57,54,0,0,92,45,0,0,2821,782,0,0,3646,1168,0,0,125,60,0,0,36.17,21.72,0,0,77.38,66.96,0,0,291,58,0,0,27,11,0,0,8,6,0,0,18,2,0,0,4,0,0,0,0,0,0,0,3860,1826,134,51,2.84,1020,687,10,21,4.04,0,0,0,0,0,0,0,0,0,0
1264,Imran Khan,Pakistan,73,Bowling Allrounder ,Right Handed Bat ,Right-arm fast,88,175,0,0,126,151,0,0,3807,3709,0,0,6588,5105,0,0,136,102,0,0,37.69,33.41,0,0,57.79,72.66,0,0,327,222,0,0,55,45,0,0,8,6,0,0,18,19,0,0,6,1,0,0,0,0,0,0,18644,8258,727,362,2.66,7447,4844,124,182,3.9,0,0,0,0,0,0,0,0,0,0
1265,Zaheer Abbas,Pakistan,78,Batsman ,Right Handed Bat ,Right-arm offbreak,78,62,0,0,124,60,0,0,5062,2572,0,0,6935,3033,0,0,274,123,0,0,44.8,47.63,0,0,73.00,84.81,0,0,511,213,0,0,22,22,0,0,10,2,0,0,20,13,0,0,12,7,0,0,4,0,0,0,368,132,9,3,2.15,280,223,2,7,4.78,0,0,0,0,0,0,0,0,0,0
1266,Naseer Malik,Pakistan,49,Batsman ,Right Handed Bat ,Right-arm fast-medium,0,3,0,0,0,1,0,0,0,0,0,0,0,13,0,0,0,0,0,0,0,0,0,0,0,0.00,0,0,0,0,0,0,0,0,0,0,0,0,0,0,0,0,0,0,0,0,0,0,0,0,0,0,0,0,0,0,0,180,98,5,5,3.27,0,0,0,0,0,0,0,0,0,0
1267,Pervez Mir,Pakistan,72,Batsman ,Right Handed Bat ,Right-arm fast-medium,0,3,0,0,0,3,0,0,0,26,0,0,0,44,0,0,0,18,0,0,0,13,0,0,0,59.10,0,0,0,2,0,0,0,0,0,0,0,0,0,0,0,0,0,0,0,0,0,0,0,0,0,0,0,0,0,0,0,114,77,2,3,4.05,0,0,0,0,0,0,0,0,0,0
1268,Mohsin Khan,Pakistan,71,Batsman ,Right Handed Bat ,Right-arm medium,48,75,0,0,79,75,0,0,2709,1877,0,0,4862,3373,0,0,200,117,0,0,37.11,26.81,0,0,55.72,55.65,0,0,258,151,0,0,6,7,0,0,3,3,0,0,9,8,0,0,7,2,0,0,1,0,0,0,84,30,4,0,2.14,12,5,0,1,2.5,0,0,0,0,0,0,0,0,0,0
1269,Aamer Hameed,Pakistan,71,Batsman ,Right Handed Bat ,Right-arm fast-medium,0,2,0,0,0,0,0,0,0,0,0,0,0,0,0,0,0,0,0,0,0,0,0,0,0,0,0,0,0,0,0,0,0,0,0,0,0,0,0,0,0,0,0,0,0,0,0,0,0,0,0,0,0,0,0,0,0,66,38,2,1,3.45,0,0,0,0,0,0,0,0,0,0
1270,Hasan Jamil,Pakistan,73,Batsman ,Left Handed Bat ,Left-arm fast-medium,0,6,0,0,0,5,0,0,0,111,0,0,0,120,0,0,0,28,0,0,0,22.2,0,0,0,92.50,0,0,0,3,0,0,0,2,0,0,0,0,0,0,0,0,0,0,0,0,0,0,0,0,0,0,0,0,0,0,0,210,154,3,8,4.4,0,0,0,0,0,0,0,0,0,0
1271,Liaqat Ali,Pakistan,71,Batsman ,Right Handed Bat ,Left-arm fast-medium,5,3,0,0,7,1,0,0,28,7,0,0,103,31,0,0,12,7,0,0,7,7,0,0,27.19,22.59,0,0,2,0,0,0,0,0,0,0,1,0,0,0,0,0,0,0,0,0,0,0,0,0,0,0,696,359,23,6,3.09,174,111,4,2,3.83,0,0,0,0,0,0,0,0,0,0
1272,Mudassar Nazar,Pakistan,70,Batsman ,Right Handed Bat ,Right-arm medium,76,122,0,0,116,115,0,0,4114,2653,0,0,8916,5130,0,0,231,95,0,0,37.74,25.27,0,0,46.15,51.72,0,0,358,184,0,0,1,2,0,0,7,6,0,0,17,16,0,0,10,0,0,0,1,0,0,0,5905,2532,217,66,2.57,4853,3432,43,111,4.24,0,0,0,0,0,0,0,0,0,0
1273,Shafiq Ahmed,Pakistan,77,Batsman ,Right Handed Bat ,Right-arm medium,6,3,0,0,10,3,0,0,99,41,0,0,325,91,0,0,27,29,0,0,11,13.67,0,0,30.47,45.06,0,0,10,2,0,0,0,0,0,0,3,0,0,0,0,0,0,0,0,0,0,0,0,0,0,0,6,1,0,0,1,0,0,0,0,0,0,0,0,0,0,0,0,0,0,0
1274,Haroon Rasheed,Pakistan,73,Batsman ,Right Handed Bat ,Right-arm medium,23,12,0,0,36,10,0,0,1217,166,0,0,1690,316,0,0,153,63,0,0,34.77,20.75,0,0,72.02,52.54,0,0,112,6,0,0,19,0,0,0,2,0,0,0,5,1,0,0,3,0,0,0,0,0,0,0,6,3,0,0,3,0,0,0,0,0,0,0,0,0,0,0,0,0,0,0
1275,Iqbal Qasim,Pakistan,72,Batsman ,Left Handed Bat ,Left-arm orthodox,50,15,0,0,57,7,0,0,549,39,0,0,1467,90,0,0,56,13,0,0,12.77,6.5,0,0,37.43,43.34,0,0,46,3,0,0,0,0,0,0,10,2,0,0,1,0,0,0,0,0,0,0,0,0,0,0,12509,4807,649,171,2.31,636,500,12,12,4.72,0,0,0,0,0,0,0,0,0,0
1276,Sikander Bakht,Pakistan,68,Batsman ,Right Handed Bat ,Right-arm fast-medium,26,27,0,0,35,11,0,0,146,31,0,0,348,97,0,0,22,16,0,0,6.35,7.75,0,0,41.96,31.96,0,0,5,3,0,0,0,0,0,0,4,2,0,0,0,0,0,0,0,0,0,0,0,0,0,0,4496,2412,147,67,3.22,1265,860,16,33,4.08,0,0,0,0,0,0,0,0,0,0
1277,Arshad Pervez,Pakistan,72,Batsman ,Right Handed Bat ,Right-arm medium,0,2,0,0,0,2,0,0,0,11,0,0,0,47,0,0,0,8,0,0,0,5.5,0,0,0,23.41,0,0,0,0,0,0,0,0,0,0,0,0,0,0,0,0,0,0,0,0,0,0,0,0,0,0,0,0,0,0,0,0,0,0,0,0,0,0,0,0,0,0,0,0,0,0
1278,Naeem Ahmed,Pakistan,73,Batsman ,Right Handed Bat ,Left-arm orthodox,0,1,0,0,0,1,0,0,0,0,0,0,0,8,0,0,0,0,0,0,0,0,0,0,0,0.00,0,0,0,0,0,0,0,0,0,0,0,0,0,0,0,0,0,0,0,0,0,0,0,0,0,0,0,0,0,0,0,60,43,0,0,4.3,0,0,0,0,0,0,0,0,0,0
1279,Azmat Rana,Pakistan,74,Batsman ,Left Handed Bat ,Right-arm offbreak,1,2,0,0,1,2,0,0,49,42,0,0,94,73,0,0,49,22,0,0,49,42,0,0,52.13,57.54,0,0,8,0,0,0,0,0,0,0,0,0,0,0,0,0,0,0,0,0,0,0,0,0,0,0,0,0,0,0,0,0,0,0,0,0,0,0,0,0,0,0,0,0,0,0
1280,Mansoor Akhtar,Pakistan,68,Batsman ,Right Handed Bat ,Right-arm medium,19,41,0,0,29,35,0,0,655,593,0,0,1558,1148,0,0,111,47,0,0,25.19,17.44,0,0,42.05,51.66,0,0,91,43,0,0,1,2,0,0,4,1,0,0,3,0,0,0,1,0,0,0,0,0,0,0,0,0,0,0,0,138,110,2,2,4.78,0,0,0,0,0,0,0,0,0,0
1281,Javed Miandad,Pakistan,68,Batsman ,Right Handed Bat ,Right-arm legbreak,124,233,0,0,189,218,0,0,8832,7381,0,0,15164,11014,0,0,280,119,0,0,52.57,41.47,0,0,58.25,67.02,0,0,809,445,0,0,48,44,0,0,6,8,0,0,43,50,0,0,23,8,0,0,6,0,0,0,1210,682,32,17,3.38,384,297,3,7,4.64,0,0,0,0,0,0,0,0,0,0
1282,Mohammad Nazir,Pakistan,80,Batsman ,Right Handed Bat ,Right-arm offbreak,14,4,0,0,18,3,0,0,144,4,0,0,145,16,0,0,29,2,0,0,18,0,0,0,99.32,25.00,0,0,13,0,0,0,0,0,0,0,3,0,0,0,0,0,0,0,0,0,0,0,0,0,0,0,3262,1124,162,34,2.07,222,156,3,3,4.22,0,0,0,0,0,0,0,0,0,0
1283,Taslim Arif,Pakistan,53,Batsman ,Right Handed Bat ,Right-arm medium,6,2,0,0,10,2,0,0,501,28,0,0,1042,58,0,0,210,24,0,0,55.67,14,0,0,48.09,48.28,0,0,44,0,0,0,0,0,0,0,1,0,0,0,2,0,0,0,1,0,0,0,1,0,0,0,30,28,0,1,5.6,0,0,0,0,0,0,0,0,0,0,0,0,0,0,0
1284,Ashraf Ali,Pakistan,68,Batsman ,Right Handed Bat,,8,16,0,0,8,9,0,0,229,69,0,0,336,135,0,0,65,19,0,0,45.8,17.25,0,0,68.16,51.12,0,0,21,3,0,0,0,0,0,0,0,1,0,0,2,0,0,0,0,0,0,0,0,0,0,0,0,0,0,0,0,0,0,0,0,0,0,0,0,0,0,0,0,0,0,0
1285,Ijaz Faqih,Pakistan,70,Batsman ,Right Handed Bat ,Right-arm offbreak,5,27,0,0,8,19,0,0,183,197,0,0,474,351,0,0,105,42,0,0,26.14,12.31,0,0,38.61,56.13,0,0,16,15,0,0,4,0,0,0,2,4,0,0,0,0,0,0,1,0,0,0,0,0,0,0,534,299,9,4,3.36,1116,819,6,13,4.4,0,0,0,0,0,0,0,0,0,0
1286,Rashid Khan,Pakistan,66,Batsman ,Right Handed Bat ,Right-arm fast-medium,4,29,0,0,6,15,0,0,155,110,0,0,269,173,0,0,59,17,0,0,51.67,13.75,0,0,57.63,63.59,0,0,21,2,0,0,0,0,0,0,1,0,0,0,1,0,0,0,0,0,0,0,0,0,0,0,738,360,32,8,2.93,1414,923,33,20,3.92,0,0,0,0,0,0,0,0,0,0
1287,Saleem Pervez,Pakistan,78,Batsman ,Right Handed Bat ,Right-arm fast-medium,0,1,0,0,0,1,0,0,0,18,0,0,0,39,0,0,0,18,0,0,0,18,0,0,0,46.16,0,0,0,0,0,0,0,0,0,0,0,0,0,0,0,0,0,0,0,0,0,0,0,0,0,0,0,0,0,0,0,0,0,0,0,0,0,0,0,0,0,0,0,0,0,0
1288,Tahir Naqqash,Pakistan,66,Batsman ,Right Handed Bat,,15,40,0,0,19,23,0,0,300,210,0,0,330,242,0,0,57,61,0,0,21.43,15,0,0,90.91,86.78,0,0,36,11,0,0,1,3,0,0,1,4,0,0,1,1,0,0,0,0,0,0,0,0,0,0,2800,1398,108,34,3,1596,1240,15,34,4.66,0,0,0,0,0,0,0,0,0,0
1289,Rizwan,Pakistan,64,Batsman ,Right Handed Bat ,Right-arm legbreak,11,3,0,0,19,3,0,0,345,20,0,0,816,129,0,0,60,14,0,0,19.17,6.67,0,0,42.28,15.51,0,0,17,1,0,0,0,0,0,0,2,0,0,0,3,0,0,0,0,0,0,0,0,0,0,0,132,46,7,4,2.09,0,0,0,0,0,0,0,0,0,0,0,0,0,0,0
1290,Saleem Malik,Pakistan,63,Batsman ,Right Handed Bat,,103,283,0,0,154,256,0,0,5768,7170,0,0,10906,9383,0,0,237,102,0,0,43.37,32.89,0,0,52.89,76.42,0,0,678,514,0,0,7,34,0,0,12,19,0,0,29,47,0,0,15,5,0,0,1,0,0,0,734,414,20,5,3.38,3505,2959,10,89,5.07,0,0,0,0,0,0,0,0,0,0
1291,Jalal,Pakistan,66,Batsman ,Right Handed Bat ,Right-arm fast-medium,6,8,0,0,3,2,0,0,3,5,0,0,2,5,0,0,2,5,0,0,3,2.5,0,0,150.00,100.00,0,0,0,1,0,0,0,0,0,0,0,1,0,0,0,0,0,0,0,0,0,0,0,0,0,0,1197,537,51,11,2.69,306,211,7,14,4.14,0,0,0,0,0,0,0,0,0,0
1292,Saleem Yousuf,Pakistan,66,Batsman ,Right Handed Bat,,32,86,0,0,44,62,0,0,1055,768,0,0,1865,1024,0,0,91,62,0,0,26.38,17.86,0,0,56.57,75.00,0,0,100,52,0,0,4,6,0,0,2,5,0,0,5,4,0,0,0,0,0,0,0,0,0,0,0,0,0,0,0,0,0,0,0,0,0,0,0,0,0,0,0,0,0,0
1293,Tauseef Ahmed,Pakistan,68,Batsman ,Right Handed Bat ,Right-arm offbreak,34,70,0,0,38,25,0,0,318,116,0,0,999,216,0,0,35,27,0,0,17.67,10.55,0,0,31.84,53.71,0,0,22,3,0,0,0,0,0,0,6,3,0,0,0,0,0,0,0,0,0,0,0,0,0,0,7778,2950,359,93,2.28,3250,2247,32,55,4.15,0,0,0,0,0,0,0,0,0,0
1294,Shahid Mahboob,Pakistan,63,Batsman ,Right Handed Bat ,Right-arm fast-medium,1,10,0,0,0,6,0,0,0,119,0,0,0,194,0,0,0,77,0,0,0,23.8,0,0,0,61.35,0,0,0,9,0,0,0,0,0,0,0,1,0,0,0,1,0,0,0,0,0,0,0,0,0,0,294,131,12,2,2.67,540,382,8,7,4.24,0,0,0,0,0,0,0,0,0,0
1295,Abdul Qadir,Pakistan,70,Batsman ,Right Handed Bat ,Right-arm legbreak,67,104,0,0,77,68,0,0,1029,641,0,0,2247,849,0,0,61,41,0,0,15.36,15.26,0,0,45.80,75.51,0,0,99,36,0,0,16,17,0,0,7,6,0,0,3,0,0,0,0,0,0,0,0,0,0,0,16864,7742,608,236,2.75,5100,3454,54,132,4.06,0,0,0,0,0,0,0,0,0,0
1296,Azeem Hafeez,Pakistan,62,Batsman ,Left Handed Bat ,Left-arm fast-medium,18,15,0,0,21,10,0,0,134,45,0,0,228,104,0,0,24,15,0,0,8.38,15,0,0,58.78,43.27,0,0,8,5,0,0,0,0,0,0,2,1,0,0,0,0,0,0,0,0,0,0,0,0,0,0,4351,2204,172,63,3.04,719,586,3,15,4.89,0,0,0,0,0,0,0,0,0,0
1297,Qasim Umar,Pakistan,69,Batsman ,Right Handed Bat ,Right-arm medium,26,31,0,0,43,31,0,0,1502,642,0,0,2712,1125,0,0,210,69,0,0,35.76,22.93,0,0,55.39,57.07,0,0,131,52,0,0,0,3,0,0,2,3,0,0,5,4,0,0,3,0,0,0,2,0,0,0,6,0,1,0,0,0,0,0,0,0,0,0,0,0,0,0,0,0,0,0
1298,Saadat Ali,Pakistan,71,Batsman ,Right Handed Bat ,Right-arm offbreak,0,8,0,0,0,7,0,0,0,184,0,0,0,341,0,0,0,78,0,0,0,30.67,0,0,0,53.96,0,0,0,13,0,0,0,0,0,0,0,0,0,0,0,1,0,0,0,0,0,0,0,0,0,0,0,0,0,0,0,27,29,0,2,6.44,0,0,0,0,0,0,0,0,0,0
1299,Anil Dalpat,Pakistan,62,Batsman ,Right Handed Bat,,9,15,0,0,12,10,0,0,167,87,0,0,507,136,0,0,52,37,0,0,15.18,12.43,0,0,32.94,63.98,0,0,20,7,0,0,0,0,0,0,0,1,0,0,1,0,0,0,0,0,0,0,0,0,0,0,0,0,0,0,0,0,0,0,0,0,0,0,0,0,0,0,0,0,0,0
1300,Naved Anjum,Pakistan,62,Batsman ,Right Handed Bat ,Right-arm fast-medium,2,13,0,0,3,12,0,0,44,113,0,0,71,154,0,0,22,30,0,0,14.67,12.56,0,0,61.98,73.38,0,0,5,7,0,0,0,1,0,0,0,1,0,0,0,0,0,0,0,0,0,0,0,0,0,0,342,162,14,4,2.84,472,344,2,8,4.37,0,0,0,0,0,0,0,0,0,0
1301,Manzoor Elahi,Pakistan,63,Batsman ,Right Handed Bat ,Right-arm fast-medium,6,54,0,0,10,46,0,0,123,741,0,0,217,827,0,0,52,50,0,0,15.38,22.45,0,0,56.69,89.61,0,0,16,53,0,0,2,17,0,0,3,1,0,0,1,1,0,0,0,0,0,0,0,0,0,0,444,194,23,7,2.62,1743,1262,16,29,4.34,0,0,0,0,0,0,0,0,0,0
1302,Sajid Ali,Pakistan,62,Batsman ,Right Handed Bat ,Right-arm medium,0,13,0,0,0,12,0,0,0,130,0,0,0,293,0,0,0,28,0,0,0,10.83,0,0,0,44.37,0,0,0,10,0,0,0,0,0,0,0,0,0,0,0,0,0,0,0,0,0,0,0,0,0,0,0,0,0,0,0,0,0,0,0,0,0,0,0,0,0,0,0,0,0,0
1303,Zakir Khan,Pakistan,63,Batsman ,Right Handed Bat ,Right-arm fast-medium,2,17,0,0,2,5,0,0,9,27,0,0,44,63,0,0,9,11,0,0,0,27,0,0,20.46,42.86,0,0,0,0,0,0,0,0,0,0,0,0,0,0,0,0,0,0,0,0,0,0,0,0,0,0,444,259,13,5,3.5,646,494,4,16,4.59,0,0,0,0,0,0,0,0,0,0
1304,Shoaib Mohammad,Pakistan,65,Batsman ,Right Handed Bat ,Right-arm offbreak,45,63,0,0,68,58,0,0,2705,1269,0,0,6310,2492,0,0,203,126,0,0,44.34,23.94,0,0,42.87,50.93,0,0,289,97,0,0,5,2,0,0,6,8,0,0,13,8,0,0,7,1,0,0,2,0,0,0,396,170,16,5,2.58,919,725,2,20,4.73,0,0,0,0,0,0,0,0,0,0
1305,Wasim Akram,Pakistan,59,Bowling Allrounder ,Left Handed Bat ,Left-arm fast,104,356,0,0,147,280,0,0,2898,3717,0,0,5389,4208,0,0,257,86,0,0,22.64,16.52,0,0,53.78,88.34,0,0,324,247,0,0,57,121,0,0,17,28,0,0,7,6,0,0,3,0,0,0,1,0,0,0,22627,9779,871,414,2.59,18186,11812,238,502,3.9,0,0,0,0,0,0,0,0,0,0
1306,Mohsin Kamal,Pakistan,62,Batsman ,Right Handed Bat ,Right-arm fast,9,19,0,0,11,6,0,0,37,27,0,0,94,40,0,0,13,11,0,0,9.25,9,0,0,39.37,67.50,0,0,2,2,0,0,0,0,0,0,1,0,0,0,0,0,0,0,0,0,0,0,0,0,0,0,1348,822,28,24,3.66,881,760,4,21,5.18,0,0,0,0,0,0,0,0,0,0
1307,Masood Iqbal,Pakistan,51,Batsman ,Right Handed Bat,,0,1,0,0,0,1,0,0,0,2,0,0,0,2,0,0,0,2,0,0,0,2,0,0,0,100.00,0,0,0,0,0,0,0,0,0,0,0,0,0,0,0,0,0,0,0,0,0,0,0,0,0,0,0,0,0,0,0,0,0,0,0,0,0,0,0,0,0,0,0,0,0,0
1308,Ramiz Raja,Pakistan,63,Batsman ,Right Handed Bat ,Right-arm legbreak,57,198,0,0,94,197,0,0,2833,5841,0,0,5691,9226,0,0,122,119,0,0,31.83,31.92,0,0,49.79,63.32,0,0,307,469,0,0,3,14,0,0,7,15,0,0,22,31,0,0,2,9,0,0,0,0,0,0,0,0,0,0,0,6,10,0,0,10,0,0,0,0,0,0,0,0,0,0
1309,Zulqarnain,Pakistan,63,Batsman ,Right Handed Bat,,3,16,0,0,4,6,0,0,24,18,0,0,0,30,0,0,13,11,0,0,6,6,0,0,0,60.00,0,0,0,0,0,0,0,1,0,0,0,2,0,0,0,0,0,0,0,0,0,0,0,0,0,0,0,0,0,0,0,0,0,0,0,0,0,0,0,0,0,0,0,0,0,0
1310,Saleem Jaffar,Pakistan,63,Batsman ,Right Handed Bat ,Left-arm fast-medium,14,39,0,0,14,13,0,0,42,36,0,0,221,73,0,0,10,10,0,0,5.25,18,0,0,19.01,49.32,0,0,0,0,0,0,0,0,0,0,4,2,0,0,0,0,0,0,0,0,0,0,0,0,0,0,2531,1139,93,36,2.7,1900,1382,18,40,4.36,0,0,0,0,0,0,0,0,0,0
1311,Asif Mujtaba,Pakistan,58,Batsman ,Left Handed Bat ,Left-arm orthodox,25,66,0,0,41,55,0,0,928,1068,0,0,3248,1671,0,0,65,113,0,0,24.42,26.05,0,0,28.58,63.92,0,0,107,66,0,0,0,2,0,0,5,8,0,0,8,6,0,0,0,1,0,0,0,0,0,0,666,303,26,4,2.73,756,658,2,7,5.22,0,0,0,0,0,0,0,0,0,0
1312,Ijaz Ahmed,Pakistan,57,Batsman ,Right Handed Bat ,Left-arm medium,60,250,0,0,92,232,0,0,3315,6564,0,0,7323,8174,0,0,211,139,0,0,37.67,32.33,0,0,45.27,80.31,0,0,417,531,0,0,23,87,0,0,7,14,0,0,12,37,0,0,12,10,0,0,1,0,0,0,180,77,1,2,2.57,637,476,1,5,4.48,0,0,0,0,0,0,0,0,0,0
1313,Younis Ahmed,Pakistan,78,Batsman ,Left Handed Bat,,4,2,0,0,7,2,0,0,177,84,0,0,382,151,0,0,62,58,0,0,29.5,42,0,0,46.34,55.63,0,0,17,6,0,0,0,0,0,0,1,0,0,0,1,1,0,0,0,0,0,0,0,0,0,0,6,6,0,0,6,0,0,0,0,0,0,0,0,0,0,0,0,0,0,0
1314,Zahid Ahmed,Pakistan,64,Batsman ,Left Handed Bat ,Left-arm orthodox,0,2,0,0,0,2,0,0,0,3,0,0,0,13,0,0,0,3,0,0,0,3,0,0,0,23.08,0,0,0,0,0,0,0,0,0,0,0,1,0,0,0,0,0,0,0,0,0,0,0,0,0,0,0,0,0,0,0,96,61,1,3,3.81,0,0,0,0,0,0,0,0,0,0
1315,Shakeel Khan,Pakistan,57,Batsman ,Right Handed Bat ,Right-arm fast-medium,0,1,0,0,0,1,0,0,0,0,0,0,0,4,0,0,0,0,0,0,0,0,0,0,0,0.00,0,0,0,0,0,0,0,0,0,0,0,1,0,0,0,0,0,0,0,0,0,0,0,0,0,0,0,0,0,0,0,54,50,0,1,5.56,0,0,0,0,0,0,0,0,0,0
1316,Haafiz Shahid,Pakistan,63,Batsman ,Right Handed Bat ,Right-arm fast-medium,0,3,0,0,0,3,0,0,0,11,0,0,0,23,0,0,0,7,0,0,0,11,0,0,0,47.83,0,0,0,0,0,0,0,0,0,0,0,0,0,0,0,0,0,0,0,0,0,0,0,0,0,0,0,0,0,0,0,127,112,1,3,5.29,0,0,0,0,0,0,0,0,0,0
1317,Aamer Malik,Pakistan,63,Batsman ,Right Handed Bat ,Right-arm fast-medium,14,24,0,0,19,23,0,0,565,556,0,0,1637,989,0,0,117,90,0,0,35.31,25.27,0,0,34.52,56.22,0,0,66,40,0,0,2,0,0,0,3,1,0,0,3,5,0,0,2,0,0,0,0,0,0,0,156,89,5,1,3.42,120,86,1,3,4.3,0,0,0,0,0,0,0,0,0,0
1318,Moin,Pakistan,61,Batsman ,Right Handed Bat ,Right-arm legbreak,0,5,0,0,0,5,0,0,0,199,0,0,0,279,0,0,0,105,0,0,0,39.8,0,0,0,71.33,0,0,0,6,0,0,0,0,0,0,0,0,0,0,0,0,0,0,0,1,0,0,0,0,0,0,0,0,0,0,0,0,0,0,0,0,0,0,0,0,0,0,0,0,0,0
1319,Aaqib Javed,Pakistan,53,Batsman ,Right Handed Bat ,Right-arm fast-medium,22,163,0,0,27,51,0,0,101,267,0,0,324,456,0,0,28,45,0,0,5.05,10.68,0,0,31.18,58.56,0,0,11,15,0,0,0,7,0,0,8,7,0,0,0,0,0,0,0,0,0,0,0,0,0,0,3918,1874,136,54,2.87,8012,5721,98,182,4.28,0,0,0,0,0,0,0,0,0,0
1320,Saeed Anwar,Pakistan,57,Batsman ,Left Handed Bat ,Left-arm orthodox,55,247,0,0,91,244,0,0,4052,8824,0,0,7265,10938,0,0,188,194,0,0,45.53,39.22,0,0,55.78,80.68,0,0,535,938,0,0,14,97,0,0,8,15,0,0,25,43,0,0,11,20,0,0,0,0,0,0,48,23,3,0,2.88,242,191,3,6,4.74,0,0,0,0,0,0,0,0,0,0
1321,Mushtaq Ahmed,Pakistan,55,Batsman ,Right Handed Bat ,Right-arm legbreak,52,144,0,0,72,76,0,0,656,399,0,0,1828,698,0,0,59,34,0,0,11.71,9.5,0,0,35.89,57.17,0,0,70,21,0,0,8,1,0,0,14,10,0,0,2,0,0,0,0,0,0,0,0,0,0,0,12532,6100,405,185,2.92,7543,5361,51,161,4.26,0,0,0,0,0,0,0,0,0,0
1322,Shahid Saeed,Pakistan,60,Batsman ,Right Handed Bat ,Right-arm medium,1,10,0,0,1,10,0,0,12,141,0,0,14,316,0,0,12,50,0,0,12,14.1,0,0,85.72,44.63,0,0,1,7,0,0,0,1,0,0,0,0,0,0,0,1,0,0,0,0,0,0,0,0,0,0,90,43,0,0,2.87,222,159,1,3,4.3,0,0,0,0,0,0,0,0,0,0
1323,Waqar Younis,Pakistan,54,Bowler ,Right Handed Bat ,Right-arm fast,87,262,0,0,120,139,0,0,1010,969,0,0,2106,1445,0,0,45,37,0,0,10.2,10.31,0,0,47.96,67.06,0,0,133,58,0,0,16,21,0,0,21,15,0,0,0,0,0,0,0,0,0,0,0,0,0,0,16224,8788,516,373,3.25,12698,9919,143,416,4.69,0,0,0,0,0,0,0,0,0,0
1324,Sohail Fazal,Pakistan,58,Batsman ,Right Handed Bat ,Right-arm fast-medium,0,2,0,0,0,2,0,0,0,56,0,0,0,59,0,0,0,32,0,0,0,28,0,0,0,94.92,0,0,0,2,0,0,0,3,0,0,0,0,0,0,0,0,0,0,0,0,0,0,0,0,0,0,0,0,0,0,0,6,4,0,0,4,0,0,0,0,0,0,0,0,0,0
1325,Akram Raza,Pakistan,61,Batsman ,Right Handed Bat ,Right-arm offbreak,9,49,0,0,12,25,0,0,153,193,0,0,370,310,0,0,32,33,0,0,15.3,17.55,0,0,41.36,62.26,0,0,18,8,0,0,0,2,0,0,3,4,0,0,0,0,0,0,0,0,0,0,0,0,0,0,1526,732,61,13,2.88,2601,1611,15,38,3.72,0,0,0,0,0,0,0,0,0,0
1326,Maqsood Rana,Pakistan,53,Batsman ,Right Handed Bat ,Right-arm fast-medium,0,1,0,0,0,1,0,0,0,5,0,0,0,13,0,0,0,5,0,0,0,5,0,0,0,38.47,0,0,0,0,0,0,0,0,0,0,0,0,0,0,0,0,0,0,0,0,0,0,0,0,0,0,0,0,0,0,0,12,11,0,0,5.5,0,0,0,0,0,0,0,0,0,0
1327,Nadeem Ghauri,Pakistan,63,Batsman ,Right Handed Bat ,Left-arm orthodox,1,6,0,0,1,3,0,0,0,14,0,0,2,25,0,0,0,7,0,0,0,14,0,0,0.00,56.00,0,0,0,0,0,0,0,0,0,0,1,0,0,0,0,0,0,0,0,0,0,0,0,0,0,0,48,20,1,0,2.5,342,230,4,5,4.04,0,0,0,0,0,0,0,0,0,0
1328,Sajjad Akbar,Pakistan,65,Batsman ,Right Handed Bat ,Right-arm offbreak,0,2,0,0,0,1,0,0,0,5,0,0,0,9,0,0,0,5,0,0,0,5,0,0,0,55.56,0,0,0,0,0,0,0,0,0,0,0,0,0,0,0,0,0,0,0,0,0,0,0,0,0,0,0,0,0,0,0,60,45,1,2,4.5,0,0,0,0,0,0,0,0,0,0
1329,Mansoor Rana,Pakistan,63,Batsman ,Right Handed Bat ,Right-arm offbreak,0,2,0,0,0,2,0,0,0,15,0,0,0,24,0,0,0,10,0,0,0,7.5,0,0,0,62.50,0,0,0,1,0,0,0,0,0,0,0,0,0,0,0,0,0,0,0,0,0,0,0,0,0,0,0,0,0,0,0,6,7,0,0,7,0,0,0,0,0,0,0,0,0,0
1330,Zahid Fazal,Pakistan,52,Batsman ,Right Handed Bat,,9,19,0,0,16,18,0,0,288,348,0,0,906,584,0,0,78,98,0,0,18,21.75,0,0,31.79,59.59,0,0,38,21,0,0,0,3,0,0,0,0,0,0,1,2,0,0,0,0,0,0,0,0,0,0,0,0,0,0,0,0,0,0,0,0,0,0,0,0,0,0,0,0,0,0
1331,Moin Khan,Pakistan,54,Batsman ,Right Handed Bat ,Right-arm offbreak,69,219,0,0,104,183,0,0,2741,3266,0,0,5362,4017,0,0,137,72,0,0,28.55,23,0,0,51.12,81.31,0,0,334,218,0,0,27,61,0,0,5,17,0,0,15,12,0,0,4,0,0,0,0,0,0,0,0,0,0,0,0,0,0,0,0,0,0,0,0,0,0,0,0,0,0,0
1332,Aamer Sohail,Pakistan,59,Batsman ,Left Handed Bat ,Left-arm orthodox,47,156,0,0,83,155,0,0,2823,4780,0,0,5103,7297,0,0,205,134,0,0,35.29,31.87,0,0,55.33,65.51,0,0,383,467,0,0,8,20,0,0,6,10,0,0,13,31,0,0,5,5,0,0,1,0,0,0,2383,1049,80,25,2.64,4836,3703,17,85,4.59,0,0,0,0,0,0,0,0,0,0
1333,Iqbal Sikander,Pakistan,67,Batsman ,Right Handed Bat ,Right-arm legbreak,0,4,0,0,0,1,0,0,0,1,0,0,0,3,0,0,0,1,0,0,0,0,0,0,0,33.34,0,0,0,0,0,0,0,0,0,0,0,0,0,0,0,0,0,0,0,0,0,0,0,0,0,0,0,0,0,0,0,210,147,2,3,4.2,0,0,0,0,0,0,0,0,0,0
1334,Wasim Haider,Pakistan,58,Batsman ,Right Handed Bat ,Right-arm fast-medium,0,3,0,0,0,2,0,0,0,26,0,0,0,70,0,0,0,13,0,0,0,13,0,0,0,37.15,0,0,0,1,0,0,0,0,0,0,0,0,0,0,0,0,0,0,0,0,0,0,0,0,0,0,0,0,0,0,0,114,79,1,1,4.16,0,0,0,0,0,0,0,0,0,0
1335,Tanvir Mehdi,Pakistan,53,Batsman ,Right Handed Bat ,Right-arm fast-medium,0,1,0,0,0,1,0,0,0,0,0,0,0,5,0,0,0,0,0,0,0,0,0,0,0,0.00,0,0,0,0,0,0,0,0,0,0,0,1,0,0,0,0,0,0,0,0,0,0,0,0,0,0,0,0,0,0,0,66,72,0,1,6.55,0,0,0,0,0,0,0,0,0,0
1336,Rashid Latif,Pakistan,57,Batsman ,Right Handed Bat ,Right-arm legbreak,37,166,0,0,57,117,0,0,1381,1709,0,0,2912,2237,0,0,150,79,0,0,28.77,19.42,0,0,47.43,76.40,0,0,156,125,0,0,5,18,0,0,4,8,0,0,7,3,0,0,1,0,0,0,0,0,0,0,12,10,0,0,5,0,0,0,0,0,0,0,0,0,0,0,0,0,0,0
1337,Ata,Pakistan,51,Batsman ,Right Handed Bat ,Right-arm fast-medium,13,30,0,0,15,13,0,0,76,34,0,0,193,76,0,0,19,11,0,0,8.44,4.86,0,0,39.38,44.74,0,0,8,2,0,0,1,0,0,0,3,2,0,0,0,0,0,0,0,0,0,0,0,0,0,0,1973,1071,62,31,3.26,1492,1186,7,27,4.77,0,0,0,0,0,0,0,0,0,0
1338,Ghulam Ali,Pakistan,59,Batsman ,Right Handed Bat ,Right-arm medium,0,3,0,0,0,3,0,0,0,53,0,0,0,121,0,0,0,38,0,0,0,17.67,0,0,0,43.81,0,0,0,2,0,0,0,0,0,0,0,0,0,0,0,0,0,0,0,0,0,0,0,0,0,0,0,0,0,0,0,0,0,0,0,0,0,0,0,0,0,0,0,0,0,0
1339,Basit Ali,Pakistan,55,Batsman ,Right Handed Bat ,Right-arm offbreak,19,50,0,0,33,43,0,0,858,1265,0,0,1803,1669,0,0,103,127,0,0,26.81,34.19,0,0,47.59,75.80,0,0,91,81,0,0,7,18,0,0,5,3,0,0,5,9,0,0,1,1,0,0,0,0,0,0,6,6,0,0,6,30,21,0,1,4.2,0,0,0,0,0,0,0,0,0,0
1340,Aamer Nazir,Pakistan,55,Batsman ,Right Handed Bat ,Right-arm fast-medium,6,9,0,0,11,3,0,0,31,13,0,0,138,20,0,0,11,9,0,0,6.2,13,0,0,22.47,65.00,0,0,4,0,0,0,0,0,0,0,2,0,0,0,0,0,0,0,0,0,0,0,0,0,0,0,1057,597,24,20,3.39,417,346,1,11,4.98,0,0,0,0,0,0,0,0,0,0
1341,Nadeem Khan,Pakistan,56,Batsman ,Right Handed Bat ,Left-arm orthodox,2,2,0,0,3,1,0,0,34,2,0,0,102,3,0,0,25,2,0,0,17,2,0,0,33.34,66.67,0,0,1,0,0,0,0,0,0,0,0,0,0,0,0,0,0,0,0,0,0,0,0,0,0,0,432,230,10,2,3.19,96,81,0,0,5.06,0,0,0,0,0,0,0,0,0,0
1342,Aamer Hanif,Pakistan,58,Batsman ,Right Handed Bat ,Right-arm medium,0,5,0,0,0,4,0,0,0,89,0,0,0,128,0,0,0,36,0,0,0,44.5,0,0,0,69.54,0,0,0,6,0,0,0,0,0,0,0,0,0,0,0,0,0,0,0,0,0,0,0,0,0,0,0,0,0,0,0,130,122,0,4,5.63,0,0,0,0,0,0,0,0,0,0
1343,Irfan Bhatti,Pakistan,61,Batsman ,Right Handed Bat ,Right-arm fast-medium,0,1,0,0,0,0,0,0,0,0,0,0,0,0,0,0,0,0,0,0,0,0,0,0,0,0,0,0,0,0,0,0,0,0,0,0,0,0,0,0,0,0,0,0,0,0,0,0,0,0,0,0,0,0,0,0,0,48,22,0,2,2.75,0,0,0,0,0,0,0,0,0,0
1344,Ashfaq Ahmed,Pakistan,52,Batsman ,Right Handed Bat ,Right-arm fast-medium,1,3,0,0,2,0,0,0,1,0,0,0,5,0,0,0,1,0,0,0,1,0,0,0,20.00,0,0,0,0,0,0,0,0,0,0,0,1,0,0,0,0,0,0,0,0,0,0,0,0,0,0,0,138,53,9,2,2.3,102,84,2,0,4.94,0,0,0,0,0,0,0,0,0,0
1345,Kabir Khan,Pakistan,52,Batsman ,Right Handed Bat ,Left-arm fast-medium,4,10,0,0,5,5,0,0,24,10,0,0,90,25,0,0,10,5,0,0,8,10,0,0,26.67,40.00,0,0,3,0,0,0,0,0,0,0,1,0,0,0,0,0,0,0,0,0,0,0,0,0,0,0,655,370,15,9,3.39,371,303,4,12,4.9,0,0,0,0,0,0,0,0,0,0
1346,Shakeel Ahmed,Pakistan,54,Batsman ,Right Handed Bat ,Right-arm offbreak,3,2,0,0,5,2,0,0,74,61,0,0,197,128,0,0,33,36,0,0,14.8,30.5,0,0,37.57,47.66,0,0,8,3,0,0,0,0,0,0,1,0,0,0,0,0,0,0,0,0,0,0,0,0,0,0,0,0,0,0,0,0,0,0,0,0,0,0,0,0,0,0,0,0,0,0
1347,Naeem Ashraf,Pakistan,53,Batsman ,Left Handed Bat ,Left-arm fast-medium,0,2,0,0,0,2,0,0,0,24,0,0,0,43,0,0,0,16,0,0,0,24,0,0,0,55.82,0,0,0,2,0,0,0,0,0,0,0,0,0,0,0,0,0,0,0,0,0,0,0,0,0,0,0,0,0,0,0,42,52,0,0,7.43,0,0,0,0,0,0,0,0,0,0
1348,Zafar Iqbal,Pakistan,57,Batsman ,Right Handed Bat ,Right-arm fast-medium,0,8,0,0,0,6,0,0,0,48,0,0,0,62,0,0,0,18,0,0,0,8,0,0,0,77.42,0,0,0,2,0,0,0,1,0,0,0,1,0,0,0,0,0,0,0,0,0,0,0,0,0,0,0,0,0,0,0,198,137,2,3,4.15,0,0,0,0,0,0,0,0,0,0
1349,Javed Qadeer,Pakistan,49,Batsman ,Right Handed Bat,,0,1,0,0,0,1,0,0,0,12,0,0,0,23,0,0,0,12,0,0,0,12,0,0,0,52.18,0,0,0,1,0,0,0,0,0,0,0,0,0,0,0,0,0,0,0,0,0,0,0,0,0,0,0,0,0,0,0,0,0,0,0,0,0,0,0,0,0,0,0,0,0,0
1350,Mahmood Hamid,Pakistan,57,Batsman ,Right Handed Bat ,Right-arm medium,0,1,0,0,0,1,0,0,0,1,0,0,0,6,0,0,0,1,0,0,0,1,0,0,0,16.67,0,0,0,0,0,0,0,0,0,0,0,0,0,0,0,0,0,0,0,0,0,0,0,0,0,0,0,0,0,0,0,0,0,0,0,0,0,0,0,0,0,0,0,0,0,0
1351,Mohammad Akram,Pakistan,51,Batsman ,Right Handed Bat ,Right-arm fast-medium,9,23,0,0,15,9,0,0,24,14,0,0,105,34,0,0,10,7,0,0,2.67,7,0,0,22.86,41.18,0,0,2,1,0,0,0,0,0,0,5,1,0,0,0,0,0,0,0,0,0,0,0,0,0,0,1477,859,37,17,3.49,989,790,6,19,4.79,0,0,0,0,0,0,0,0,0,0
1352,Saleem Elahi,Pakistan,49,Batsman ,Right Handed Bat ,Right-arm offbreak,13,48,0,0,24,47,0,0,436,1579,0,0,1104,2214,0,0,72,135,0,0,18.96,36.72,0,0,39.50,71.32,0,0,50,162,0,0,2,9,0,0,6,3,0,0,1,9,0,0,0,4,0,0,0,0,0,0,0,0,0,0,0,6,10,0,0,10,0,0,0,0,0,0,0,0,0,0
1353,Saqlain Mushtaq,Pakistan,49,Batsman ,Right Handed Bat ,Right-arm offbreak,49,169,0,0,78,98,0,0,927,711,0,0,3603,1434,0,0,101,37,0,0,14.48,11.85,0,0,25.73,49.59,0,0,82,45,0,0,7,4,0,0,13,13,0,0,2,0,0,0,1,0,0,0,0,0,0,0,14070,6206,541,208,2.65,8770,6275,66,288,4.29,0,0,0,0,0,0,0,0,0,0
1354,Saeed Azad,Pakistan,61,Batsman ,Right Handed Bat ,Right-arm medium,0,4,0,0,0,4,0,0,0,65,0,0,0,131,0,0,0,31,0,0,0,16.25,0,0,0,49.62,0,0,0,7,0,0,0,0,0,0,0,0,0,0,0,0,0,0,0,0,0,0,0,0,0,0,0,0,0,0,0,0,0,0,0,0,0,0,0,0,0,0,0,0,0,0
1355,Shadab Kabir,Pakistan,48,Batsman ,Left Handed Bat ,Right-arm offbreak,5,3,0,0,7,3,0,0,148,0,0,0,404,5,0,0,55,0,0,0,21.14,0,0,0,36.64,0.00,0,0,22,0,0,0,0,0,0,0,0,3,0,0,1,0,0,0,0,0,0,0,0,0,0,0,6,9,0,0,9,0,0,0,0,0,0,0,0,0,0,0,0,0,0,0
1356,Shahid Anwar,Pakistan,57,Batsman ,Right Handed Bat ,Right-arm medium,0,1,0,0,0,1,0,0,0,37,0,0,0,44,0,0,0,37,0,0,0,37,0,0,0,84.10,0,0,0,6,0,0,0,0,0,0,0,0,0,0,0,0,0,0,0,0,0,0,0,0,0,0,0,0,0,0,0,0,0,0,0,0,0,0,0,0,0,0,0,0,0,0
1357,Hasan Raza,Pakistan,44,Batting Allrounder ,Right Handed Bat ,Right-arm offbreak,7,16,0,0,10,13,0,0,235,242,0,0,608,480,0,0,68,77,0,0,26.11,18.62,0,0,38.66,50.42,0,0,39,11,0,0,0,1,0,0,1,1,0,0,2,1,0,0,0,0,0,0,0,0,0,0,6,1,0,0,1,0,0,0,0,0,0,0,0,0,0,0,0,0,0,0
1358,Azam Khan,Pakistan,57,Batsman ,Right Handed Bat,,1,6,0,0,1,5,0,0,14,116,0,0,22,177,0,0,14,72,0,0,14,23.2,0,0,63.64,65.54,0,0,1,6,0,0,0,0,0,0,0,0,0,0,0,1,0,0,0,0,0,0,0,0,0,0,0,0,0,0,0,0,0,0,0,0,0,0,0,0,0,0,0,0,0,0
1359,Zahoor Elahi,Pakistan,55,Batsman ,Right Handed Bat ,Right-arm medium,2,14,0,0,3,14,0,0,30,297,0,0,77,507,0,0,22,86,0,0,10,22.85,0,0,38.97,58.58,0,0,4,25,0,0,1,6,0,0,0,3,0,0,0,3,0,0,0,0,0,0,0,0,0,0,0,0,0,0,0,0,0,0,0,0,0,0,0,0,0,0,0,0,0,0
1360,Mohammad Wasim,Pakistan,48,Batsman ,Right Handed Bat ,Right-arm legbreak,18,25,0,0,28,25,0,0,783,543,0,0,1746,1043,0,0,192,76,0,0,30.12,23.61,0,0,44.85,52.07,0,0,89,33,0,0,0,1,0,0,3,4,0,0,2,3,0,0,2,0,0,0,0,0,0,0,0,0,0,0,0,0,0,0,0,0,0,0,0,0,0,0,0,0,0,0
1361,Mohammad Zahid,Pakistan,49,Batsman ,Right Handed Bat ,Right-arm fast-medium,5,11,0,0,6,4,0,0,7,15,0,0,85,22,0,0,6,7,0,0,1.4,7.5,0,0,8.24,68.19,0,0,1,1,0,0,0,1,0,0,4,0,0,0,0,0,0,0,0,0,0,0,0,0,0,0,792,502,17,15,3.8,512,391,8,10,4.58,0,0,0,0,0,0,0,0,0,0
1362,Mujahid Jamshed,Pakistan,54,Batsman ,Right Handed Bat ,Right-arm medium,0,4,0,0,0,3,0,0,0,27,0,0,0,54,0,0,0,23,0,0,0,13.5,0,0,0,50.00,0,0,0,2,0,0,0,0,0,0,0,0,0,0,0,0,0,0,0,0,0,0,0,0,0,0,0,0,0,0,0,24,6,1,1,1.5,0,0,0,0,0,0,0,0,0,0
1363,Ijaz Ahmed,Pakistan,57,Batsman ,Right Handed Bat ,Right-arm offbreak,2,2,0,0,3,1,0,0,29,3,0,0,102,2,0,0,16,3,0,0,9.67,0,0,0,28.44,150.00,0,0,4,0,0,0,0,0,0,0,0,0,0,0,0,0,0,0,0,0,0,0,0,0,0,0,24,6,0,0,1.5,30,25,0,1,5,0,0,0,0,0,0,0,0,0,0
1364,Mohammad Hussain,Pakistan,49,Batsman ,Left Handed Bat ,Left-arm orthodox,2,14,0,0,3,12,0,0,18,154,0,0,37,136,0,0,17,31,0,0,6,30.8,0,0,48.65,113.24,0,0,3,11,0,0,0,4,0,0,1,0,0,0,0,0,0,0,0,0,0,0,0,0,0,0,180,87,7,3,2.9,672,547,2,13,4.88,0,0,0,0,0,0,0,0,0,0
1365,Akhtar Sarfraz,Pakistan,50,Batsman ,Left Handed Bat ,Right-arm offbreak,0,4,0,0,0,4,0,0,0,66,0,0,0,99,0,0,0,25,0,0,0,16.5,0,0,0,66.67,0,0,0,4,0,0,0,1,0,0,0,0,0,0,0,0,0,0,0,0,0,0,0,0,0,0,0,0,0,0,0,0,0,0,0,0,0,0,0,0,0,0,0,0,0,0
1366,Manzoor Akhtar,Pakistan,58,Batsman ,Right Handed Bat ,Right-arm legbreak,0,7,0,0,0,4,0,0,0,97,0,0,0,147,0,0,0,44,0,0,0,24.25,0,0,0,65.99,0,0,0,3,0,0,0,0,0,0,0,0,0,0,0,0,0,0,0,0,0,0,0,0,0,0,0,0,0,0,0,199,184,0,5,5.55,0,0,0,0,0,0,0,0,0,0
1367,Fazl,Pakistan,45,Bowler ,Right Handed Bat ,Right-arm fast-medium,5,2,0,0,8,1,0,0,52,7,0,0,130,8,0,0,25,7,0,0,13,7,0,0,40.00,87.50,0,0,9,0,0,0,0,0,0,0,2,0,0,0,0,0,0,0,0,0,0,0,0,0,0,0,882,511,24,11,3.48,72,48,2,0,4,0,0,0,0,0,0,0,0,0,0
1368,Asif Mahmood,Pakistan,50,Batsman ,Right Handed Bat ,Right-arm offbreak,0,2,0,0,0,2,0,0,0,14,0,0,0,34,0,0,0,14,0,0,0,7,0,0,0,41.18,0,0,0,2,0,0,0,0,0,0,0,1,0,0,0,0,0,0,0,0,0,0,0,0,0,0,0,0,0,0,0,0,0,0,0,0,0,0,0,0,0,0,0,0,0,0
1369,Wajahatullah Wasti,Pakistan,51,Batsman ,Right Handed Bat ,Right-arm offbreak,6,15,0,0,10,15,0,0,329,349,0,0,805,713,0,0,133,84,0,0,36.56,23.27,0,0,40.87,48.95,0,0,38,38,0,0,3,2,0,0,0,1,0,0,0,1,0,0,2,0,0,0,0,0,0,0,18,8,2,0,2.67,55,69,0,3,7.53,0,0,0,0,0,0,0,0,0,0
1370,Imran Abbas,Pakistan,48,Batsman ,Right Handed Bat ,Right-arm offbreak,0,2,0,0,0,2,0,0,0,29,0,0,0,63,0,0,0,28,0,0,0,14.5,0,0,0,46.04,0,0,0,0,0,0,0,0,0,0,0,0,0,0,0,0,0,0,0,0,0,0,0,0,0,0,0,0,0,0,0,0,0,0,0,0,0,0,0,0,0,0,0,0,0,0
1371,Irfan Fazil,Pakistan,44,Bowling Allrounder ,Right Handed Bat ,Right-arm fast-medium,1,1,0,0,2,1,0,0,4,15,0,0,31,16,0,0,3,15,0,0,4,15,0,0,12.91,93.75,0,0,0,0,0,0,0,0,0,0,0,0,0,0,0,0,0,0,0,0,0,0,0,0,0,0,48,65,0,2,8.13,36,46,0,0,7.67,0,0,0,0,0,0,0,0,0,0
1372,Atiq,Pakistan,50,Batsman ,Right Handed Bat,,1,3,0,0,2,3,0,0,26,34,0,0,51,36,0,0,25,18,0,0,13,17,0,0,50.99,94.45,0,0,3,2,0,0,0,0,0,0,0,0,0,0,0,0,0,0,0,0,0,0,0,0,0,0,0,0,0,0,0,0,0,0,0,0,0,0,0,0,0,0,0,0,0,0
1373,Humayun Farhat,Pakistan,45,WK-Batsman ,Right Handed Bat,,1,5,0,0,2,3,0,0,54,60,0,0,64,56,0,0,28,39,0,0,27,20,0,0,84.38,107.15,0,0,6,5,0,0,3,2,0,0,0,0,0,0,0,0,0,0,0,0,0,0,0,0,0,0,0,0,0,0,0,0,0,0,0,0,0,0,0,0,0,0,0,0,0,0
1374,Kashif Raza,Pakistan,46,Batsman ,Right Handed Bat ,Right-arm medium,0,1,0,0,0,1,0,0,0,2,0,0,0,2,0,0,0,2,0,0,0,0,0,0,0,100.00,0,0,0,0,0,0,0,0,0,0,0,0,0,0,0,0,0,0,0,0,0,0,0,0,0,0,0,0,0,0,0,30,36,0,1,7.2,0,0,0,0,0,0,0,0,0,0
1375,Naved Latif,Pakistan,50,Batsman ,Right Handed Bat ,Right-arm medium,1,11,0,0,2,11,0,0,20,262,0,0,38,417,0,0,20,113,0,0,10,23.82,0,0,52.64,62.83,0,0,3,32,0,0,0,2,0,0,1,1,0,0,0,0,0,0,0,1,0,0,0,0,0,0,0,0,0,0,0,48,51,0,0,6.38,0,0,0,0,0,0,0,0,0,0
1376,Faisal Athar,Pakistan,50,Batsman ,Right Handed Bat,,0,1,0,0,0,1,0,0,0,9,0,0,0,38,0,0,0,9,0,0,0,9,0,0,0,23.69,0,0,0,1,0,0,0,0,0,0,0,0,0,0,0,0,0,0,0,0,0,0,0,0,0,0,0,0,0,0,0,0,0,0,0,0,0,0,0,0,0,0,0,0,0,0
1377,Junaid Zia,Pakistan,42,Bowler ,Right Handed Bat ,Right-arm fast-medium,0,4,0,0,0,2,0,0,0,2,0,0,0,7,0,0,0,2,0,0,0,2,0,0,0,28.58,0,0,0,0,0,0,0,0,0,0,0,1,0,0,0,0,0,0,0,0,0,0,0,0,0,0,0,0,0,0,0,145,127,1,3,5.26,0,0,0,0,0,0,0,0,0,0
1378,Mohammad Khalil,Pakistan,43,Bowler ,Left Handed Bat ,Left-arm medium,2,3,0,0,4,1,0,0,9,0,0,0,65,0,0,0,5,0,0,0,3,0,0,0,13.85,0,0,0,2,0,0,0,0,0,0,0,1,0,0,0,0,0,0,0,0,0,0,0,0,0,0,0,290,200,3,0,4.14,144,144,0,5,6,0,0,0,0,0,0,0,0,0,0
1379,Syed Abid,India,84,Batsman ,Right Handed Bat ,Right-arm fast-medium,29,5,0,0,53,3,0,0,1018,93,0,0,936,132,0,0,81,70,0,0,20.36,31,0,0,108.77,70.46,0,0,84,6,0,0,0,1,0,0,3,0,0,0,6,1,0,0,0,0,0,0,0,0,0,0,4018,1980,119,47,2.96,336,187,10,7,3.34,0,0,0,0,0,0,0,0,0,0
1380,Bishan Bedi,India,79,Bowler ,Right Handed Bat ,Left-arm orthodox,67,10,0,0,101,7,0,0,656,31,0,0,603,70,0,0,50,13,0,0,8.99,6.2,0,0,108.79,44.29,0,0,51,1,0,0,3,0,0,0,20,1,0,0,1,0,0,0,0,0,0,0,0,0,0,0,20650,7637,1096,266,2.22,576,340,17,7,3.54,0,0,0,0,0,0,0,0,0,0
1381,Farokh Engineer,India,88,Batsman ,Right Handed Bat ,Right-arm legbreak,46,5,0,0,87,4,0,0,2611,114,0,0,1901,195,0,0,121,54,0,0,31.08,38,0,0,137.35,58.47,0,0,288,13,0,0,2,0,0,0,7,0,0,0,16,1,0,0,2,0,0,0,0,0,0,0,0,0,0,0,0,0,0,0,0,0,0,0,0,0,0,0,0,0,0,0
1382,Sunil Gavaskar,India,76,Batsman ,Right Handed Bat,,125,108,0,0,214,102,0,0,10122,3092,0,0,15327,4966,0,0,236,103,0,0,51.12,35.14,0,0,66.05,62.27,0,0,1016,234,0,0,26,21,0,0,12,8,0,0,45,27,0,0,34,1,0,0,4,0,0,0,376,206,15,1,3.29,20,25,0,1,7.5,0,0,0,0,0,0,0,0,0,0
1383,Madan Lal,India,75,Batsman ,Right Handed Bat ,Right-arm medium,39,67,0,0,62,35,0,0,1042,401,0,0,1108,645,0,0,74,53,0,0,22.65,19.1,0,0,94.05,62.18,0,0,87,25,0,0,1,3,0,0,7,1,0,0,5,1,0,0,0,0,0,0,0,0,0,0,5707,2846,188,71,2.99,3142,2137,44,73,4.08,0,0,0,0,0,0,0,0,0,0
1384,Sudhir Naik,India,81,Batsman ,Right Handed Bat,,3,2,0,0,6,2,0,0,141,38,0,0,185,68,0,0,77,20,0,0,23.5,19,0,0,76.22,55.89,0,0,17,3,0,0,0,0,0,0,1,0,0,0,1,0,0,0,0,0,0,0,0,0,0,0,0,0,0,0,0,0,0,0,0,0,0,0,0,0,0,0,0,0,0,0
1385,Brijesh Patel,India,73,Batsman ,Right Handed Bat ,Right-arm offbreak,21,10,0,0,38,9,0,0,972,243,0,0,794,399,0,0,115,82,0,0,28.59,30.38,0,0,122.42,60.91,0,0,97,22,0,0,7,3,0,0,0,0,0,0,5,1,0,0,1,0,0,0,0,0,0,0,0,0,0,0,0,0,0,0,0,0,0,0,0,0,0,0,0,0,0,0
1386,Eknath Solkar,India,57,Batsman ,Left Handed Bat,,27,7,0,0,48,6,0,0,1068,27,0,0,1467,79,0,0,102,13,0,0,25.43,4.5,0,0,72.81,34.18,0,0,74,2,0,0,3,0,0,0,1,1,0,0,6,0,0,0,1,0,0,0,0,0,0,0,2265,1070,82,18,2.83,228,169,4,4,4.45,0,0,0,0,0,0,0,0,0,0
1387,Srinivas Venkataraghavan,India,81,Batsman ,Right Handed Bat ,Right-arm offbreak,57,15,0,0,76,9,0,0,748,54,0,0,620,126,0,0,64,26,0,0,11.69,10.8,0,0,120.65,42.86,0,0,49,3,0,0,3,0,0,0,13,2,0,0,2,0,0,0,0,0,0,0,0,0,0,0,14689,5634,696,156,2.3,840,542,7,5,3.87,0,0,0,0,0,0,0,0,0,0
1388,Gundappa Viswanath,India,77,Batsman ,Right Handed Bat ,Right-arm legbreak,91,25,0,0,155,23,0,0,6080,439,0,0,8011,830,0,0,222,75,0,0,41.93,19.95,0,0,75.90,52.90,0,0,616,33,0,0,6,0,0,0,10,1,0,0,35,2,0,0,14,0,0,0,1,0,0,0,70,46,1,1,3.94,0,0,0,0,0,0,0,0,0,0,0,0,0,0,0
1389,Ajit Wadekar,India,85,Batsman ,Left Handed Bat,,37,2,0,0,71,2,0,0,2113,73,0,0,2423,90,0,0,143,67,0,0,31.07,36.5,0,0,87.21,81.12,0,0,217,11,0,0,2,0,0,0,7,0,0,0,14,1,0,0,1,0,0,0,0,0,0,0,61,55,1,0,5.41,0,0,0,0,0,0,0,0,0,0,0,0,0,0,0
1390,Gopal Bose,India,79,Batsman ,Right Handed Bat ,Right-arm offbreak,0,1,0,0,0,1,0,0,0,13,0,0,0,18,0,0,0,13,0,0,0,13,0,0,0,72.23,0,0,0,1,0,0,0,0,0,0,0,0,0,0,0,0,0,0,0,0,0,0,0,0,0,0,0,0,0,0,0,66,39,2,1,3.55,0,0,0,0,0,0,0,0,0,0
1391,Ashok Mankad,India,61,Batsman ,Right Handed Bat ,Right-arm medium,22,1,0,0,42,1,0,0,991,44,0,0,626,61,0,0,97,44,0,0,25.41,44,0,0,158.31,72.14,0,0,63,3,0,0,0,0,0,0,3,0,0,0,6,0,0,0,0,0,0,0,0,0,0,0,41,43,1,0,6.29,35,47,0,1,8.06,0,0,0,0,0,0,0,0,0,0
1392,Mohinder Amarnath,India,75,Batsman ,Right Handed Bat ,Right-arm medium,69,85,0,0,113,75,0,0,4378,1924,0,0,5119,3334,0,0,138,102,0,0,42.5,30.54,0,0,85.53,57.71,0,0,330,123,0,0,21,9,0,0,12,2,0,0,24,13,0,0,11,2,0,0,0,0,0,0,3436,1782,101,32,3.11,2702,1971,17,46,4.38,0,0,0,0,0,0,0,0,0,0
1393,Anshuman Gaekwad,India,73,Batsman ,Right Handed Bat ,Right-arm offbreak,40,15,0,0,70,14,0,0,1985,269,0,0,1542,509,0,0,201,78,0,0,29.63,20.69,0,0,128.73,52.85,0,0,109,15,0,0,0,0,0,0,4,2,0,0,10,1,0,0,2,0,0,0,1,0,0,0,324,187,8,2,3.46,48,39,0,1,4.88,0,0,0,0,0,0,0,0,0,0
1394,Karsan Ghavri,India,75,Batsman ,Left Handed Bat ,Left-arm medium,39,19,0,0,57,16,0,0,913,114,0,0,1564,194,0,0,86,20,0,0,21.23,11.4,0,0,58.38,58.77,0,0,73,8,0,0,7,0,0,0,2,1,0,0,2,0,0,0,0,0,0,0,0,0,0,0,6908,3656,233,109,3.18,1033,708,12,15,4.11,0,0,0,0,0,0,0,0,0,0
1395,Syed Kirmani,India,76,Batsman ,Right Handed Bat ,Right-arm offbreak,88,49,0,0,124,31,0,0,2759,373,0,0,4422,616,0,0,102,48,0,0,26.79,20.72,0,0,62.40,60.56,0,0,246,24,0,0,3,0,0,0,7,2,0,0,12,0,0,0,2,0,0,0,0,0,0,0,19,13,0,1,4.11,0,0,0,0,0,0,0,0,0,0,0,0,0,0,0
1396,Parthasarthi Sharma,India,78,Batsman ,Right Handed Bat ,Right-arm medium,5,2,0,0,10,2,0,0,187,20,0,0,245,39,0,0,54,14,0,0,18.7,10,0,0,76.33,51.29,0,0,21,0,0,0,2,0,0,0,0,0,0,0,1,0,0,0,0,0,0,0,0,0,0,0,24,8,0,0,2,0,0,0,0,0,0,0,0,0,0,0,0,0,0,0
1397,Dilip Vengsarkar,India,70,Batsman ,Right Handed Bat ,Right-arm medium,116,129,0,0,185,120,0,0,6868,3508,0,0,11450,5179,0,0,166,105,0,0,41.37,34.39,0,0,59.99,67.74,0,0,560,228,0,0,17,24,0,0,15,7,0,0,35,23,0,0,17,1,0,0,0,0,0,0,47,36,1,0,4.6,6,4,0,0,4,0,0,0,0,0,0,0,0,0,0
1398,Bhagwath Chandrasekhar,India,81,Batsman ,Right Handed Bat ,Right-arm legbreak,58,1,0,0,80,1,0,0,167,11,0,0,345,13,0,0,22,11,0,0,4.07,0,0,0,48.41,84.62,0,0,12,0,0,0,0,0,0,0,23,0,0,0,0,0,0,0,0,0,0,0,0,0,0,0,15299,7199,584,242,2.82,42,36,0,3,5.14,0,0,0,0,0,0,0,0,0,0
1399,Pochiah Krishnamurthy,India,51,Batsman ,Right Handed Bat ,Right-arm legbreak,5,1,0,0,6,1,0,0,33,6,0,0,0,13,0,0,20,6,0,0,5.5,6,0,0,0,46.16,0,0,1,0,0,0,0,0,0,0,2,0,0,0,0,0,0,0,0,0,0,0,0,0,0,0,0,0,0,0,0,0,0,0,0,0,0,0,0,0,0,0,0,0,0,0
1400,Sudhakar Rao,India,73,Batsman ,Right Handed Bat ,Right-arm offbreak,0,1,0,0,0,1,0,0,0,4,0,0,0,14,0,0,0,4,0,0,0,4,0,0,0,28.58,0,0,0,0,0,0,0,0,0,0,0,0,0,0,0,0,0,0,0,0,0,0,0,0,0,0,0,0,0,0,0,0,0,0,0,0,0,0,0,0,0,0,0,0,0,0
1401,Surinder Amarnath,India,77,Batsman ,Left Handed Bat ,Right-arm medium,10,3,0,0,18,3,0,0,550,100,0,0,319,119,0,0,124,62,0,0,30.56,33.33,0,0,172.42,84.04,0,0,42,4,0,0,1,0,0,0,1,0,0,0,3,1,0,0,1,0,0,0,0,0,0,0,11,5,0,1,2.73,0,0,0,0,0,0,0,0,0,0,0,0,0,0,0
1402,Chetan Chauhan,India,78,Batsman ,Right Handed Bat ,Right-arm offbreak,40,7,0,0,68,7,0,0,2084,153,0,0,3859,301,0,0,97,46,0,0,31.58,21.86,0,0,54.01,50.84,0,0,205,6,0,0,1,0,0,0,6,0,0,0,16,0,0,0,0,0,0,0,0,0,0,0,174,106,2,2,3.66,0,0,0,0,0,0,0,0,0,0,0,0,0,0,0
1403,Kapil Dev,India,67,Batting Allrounder ,Right Handed Bat ,Right-arm fast-medium,131,225,0,0,184,198,0,0,5248,3783,0,0,5538,3979,0,0,163,175,0,0,31.05,23.79,0,0,94.77,95.08,0,0,587,291,0,0,61,67,0,0,16,13,0,0,27,14,0,0,8,1,0,0,0,0,0,0,27740,12867,1060,434,2.78,11202,6945,235,253,3.72,0,0,0,0,0,0,0,0,0,0
1404,Yashpal Sharma,India,71,Batsman ,Right Handed Bat ,Right-arm medium,37,42,0,0,59,40,0,0,1606,883,0,0,3618,1401,0,0,140,89,0,0,33.46,28.48,0,0,44.39,63.03,0,0,140,52,0,0,7,10,0,0,4,0,0,0,9,4,0,0,2,0,0,0,0,0,0,0,30,17,2,1,3.4,201,199,0,1,5.94,0,0,0,0,0,0,0,0,0,0
1405,Bharath Reddy,India,71,Batsman ,Right Handed Bat,,4,3,0,0,5,2,0,0,38,11,0,0,100,20,0,0,21,8,0,0,9.5,0,0,0,38.00,55.00,0,0,6,1,0,0,0,0,0,0,2,0,0,0,0,0,0,0,0,0,0,0,0,0,0,0,0,0,0,0,0,0,0,0,0,0,0,0,0,0,0,0,0,0,0,0
1406,Surinder Khanna,India,69,Batsman ,Right Handed Bat,,0,10,0,0,0,10,0,0,0,176,0,0,0,265,0,0,0,56,0,0,0,22,0,0,0,66.42,0,0,0,16,0,0,0,2,0,0,0,1,0,0,0,2,0,0,0,0,0,0,0,0,0,0,0,0,0,0,0,0,0,0,0,0,0,0,0,0,0,0,0,0,0,0
1407,Kirti Azad,India,67,Batsman ,Right Handed Bat ,Right-arm offbreak,7,25,0,0,12,21,0,0,135,269,0,0,303,400,0,0,24,39,0,0,11.25,14.16,0,0,44.56,67.25,0,0,13,19,0,0,0,9,0,0,2,3,0,0,0,0,0,0,0,0,0,0,0,0,0,0,750,373,28,3,2.98,390,273,4,7,4.2,0,0,0,0,0,0,0,0,0,0
1408,Roger Binny,India,70,Batsman ,Right Handed Bat ,Right-arm medium,27,72,0,0,41,49,0,0,830,629,0,0,1211,1046,0,0,83,57,0,0,23.06,16.13,0,0,68.54,60.14,0,0,64,51,0,0,5,1,0,0,7,4,0,0,5,1,0,0,0,0,0,0,0,0,0,0,2870,1534,76,47,3.21,2957,2260,37,77,4.59,0,0,0,0,0,0,0,0,0,0
1409,Dilip Doshi,India,78,Batsman ,Left Handed Bat ,Left-arm orthodox,33,15,0,0,38,5,0,0,129,9,0,0,402,20,0,0,20,5,0,0,4.61,3,0,0,32.09,45.00,0,0,13,0,0,0,0,0,0,0,14,2,0,0,0,0,0,0,0,0,0,0,0,0,0,0,9322,3502,456,114,2.25,792,524,8,22,3.97,0,0,0,0,0,0,0,0,0,0
1410,Sandeep Patil,India,69,Batsman ,Right Handed Bat ,Right-arm medium,29,45,0,0,47,42,0,0,1588,1005,0,0,2103,1223,0,0,174,84,0,0,36.09,24.51,0,0,75.52,82.18,0,0,197,74,0,0,9,12,0,0,4,4,0,0,7,9,0,0,4,0,0,0,0,0,0,0,645,240,29,9,2.23,864,589,9,15,4.09,0,0,0,0,0,0,0,0,0,0
1411,Tirumalai Srinivasan,India,75,Batsman ,Right Handed Bat ,Right-arm legbreak,1,2,0,0,2,2,0,0,48,10,0,0,186,35,0,0,29,6,0,0,24,5,0,0,25.81,28.58,0,0,6,0,0,0,0,0,0,0,0,0,0,0,0,0,0,0,0,0,0,0,0,0,0,0,0,0,0,0,0,0,0,0,0,0,0,0,0,0,0,0,0,0,0,0
1412,Yograj Singh,India,68,Batsman ,Right Handed Bat ,Right-arm fast-medium,1,6,0,0,2,4,0,0,10,1,0,0,50,12,0,0,6,1,0,0,5,0.5,0,0,20.00,8.34,0,0,1,0,0,0,0,0,0,0,0,1,0,0,0,0,0,0,0,0,0,0,0,0,0,0,90,63,3,1,4.2,244,186,4,4,4.57,0,0,0,0,0,0,0,0,0,0
1413,Randhir Singh,India,68,Batsman ,Right Handed Bat ,Right-arm fast-medium,0,2,0,0,0,0,0,0,0,0,0,0,0,0,0,0,0,0,0,0,0,0,0,0,0,0,0,0,0,0,0,0,0,0,0,0,0,0,0,0,0,0,0,0,0,0,0,0,0,0,0,0,0,0,0,0,0,72,48,0,1,4,0,0,0,0,0,0,0,0,0,0
1414,Ravi Shastri,India,63,Batsman ,Right Handed Bat ,Left-arm orthodox,80,150,0,0,121,128,0,0,3830,3108,0,0,7942,5089,0,0,206,109,0,0,35.79,29.05,0,0,48.23,61.08,0,0,317,206,0,0,22,25,0,0,9,5,0,0,12,18,0,0,11,4,0,0,1,0,0,0,15751,6185,657,151,2.36,6613,4650,56,129,4.22,0,0,0,0,0,0,0,0,0,0
1415,Kris Srikkanth,India,66,Batsman ,Right Handed Bat ,Right-arm medium,43,146,0,0,72,145,0,0,2062,4091,0,0,2737,5702,0,0,123,123,0,0,29.88,28.61,0,0,75.34,71.75,0,0,221,405,0,0,19,41,0,0,7,11,0,0,12,27,0,0,2,4,0,0,0,0,0,0,216,114,3,0,3.17,712,641,3,25,5.4,0,0,0,0,0,0,0,0,0,0
1416,Suru Nayak,India,71,Batsman ,Left Handed Bat,,2,4,0,0,3,1,0,0,19,3,0,0,49,19,0,0,11,3,0,0,9.5,3,0,0,38.78,15.79,0,0,3,0,0,0,0,0,0,0,0,0,0,0,0,0,0,0,0,0,0,0,0,0,0,0,231,132,6,1,3.43,222,161,4,1,4.35,0,0,0,0,0,0,0,0,0,0
1417,Arun Lal,India,70,Batsman ,Right Handed Bat ,Right-arm medium,16,13,0,0,29,13,0,0,729,122,0,0,1274,232,0,0,93,51,0,0,26.04,9.38,0,0,57.23,52.59,0,0,66,10,0,0,0,1,0,0,1,4,0,0,6,1,0,0,0,0,0,0,0,0,0,0,16,7,1,0,2.63,0,0,0,0,0,0,0,0,0,0,0,0,0,0,0
1418,Ashok Malhotra,India,69,Batsman ,Right Handed Bat ,Right-arm medium,7,20,0,0,10,19,0,0,226,457,0,0,266,645,0,0,72,65,0,0,25.11,30.47,0,0,84.97,70.86,0,0,18,29,0,0,0,1,0,0,2,0,0,0,1,1,0,0,0,0,0,0,0,0,0,0,18,3,1,0,1,6,0,1,0,0,0,0,0,0,0,0,0,0,0,0
1419,Ghulam Parkar,India,70,Batsman ,Right Handed Bat ,Right-arm medium,1,10,0,0,2,10,0,0,7,165,0,0,45,332,0,0,6,42,0,0,3.5,18.33,0,0,15.56,49.70,0,0,1,11,0,0,0,0,0,0,0,0,0,0,0,0,0,0,0,0,0,0,0,0,0,0,0,0,0,0,0,0,0,0,0,0,0,0,0,0,0,0,0,0,0,0
1420,Balwinder Sandhu,India,69,Batsman ,Right Handed Bat ,Right-arm fast-medium,8,22,0,0,11,7,0,0,214,51,0,0,189,97,0,0,71,16,0,0,30.57,12.75,0,0,113.23,52.58,0,0,17,2,0,0,3,1,0,0,1,2,0,0,2,0,0,0,0,0,0,0,0,0,0,0,1020,557,32,10,3.28,1110,763,15,16,4.12,0,0,0,0,0,0,0,0,0,0
1421,Maninder Singh,India,60,Batsman ,Right Handed Bat ,Left-arm orthodox,35,59,0,0,38,18,0,0,99,49,0,0,297,90,0,0,15,8,0,0,3.81,12.25,0,0,33.34,54.45,0,0,5,1,0,0,1,0,0,0,11,1,0,0,0,0,0,0,0,0,0,0,0,0,0,0,8218,3288,359,88,2.4,3133,2066,33,66,3.96,0,0,0,0,0,0,0,0,0,0
1422,Thirumalai Sekhar,India,70,Batsman ,Right Handed Bat ,Right-arm fast-medium,2,4,0,0,1,0,0,0,0,0,0,0,2,0,0,0,0,0,0,0,0,0,0,0,0.00,0,0,0,0,0,0,0,0,0,0,0,0,0,0,0,0,0,0,0,0,0,0,0,0,0,0,0,204,129,3,0,3.79,156,128,0,5,4.92,0,0,0,0,0,0,0,0,0,0
1423,Chetan Sharma,India,60,Batsman ,Right Handed Bat ,Right-arm fast-medium,23,65,0,0,27,35,0,0,396,456,0,0,642,504,0,0,54,101,0,0,22,24,0,0,61.69,90.48,0,0,32,31,0,0,1,4,0,0,2,3,0,0,1,0,0,0,0,1,0,0,0,0,0,0,3470,2163,61,61,3.74,2835,2336,19,67,4.94,0,0,0,0,0,0,0,0,0,0
1424,Raju Kulkarni,India,63,Batsman ,Right Handed Bat ,Right-arm fast-medium,3,10,0,0,2,5,0,0,2,33,0,0,0,39,0,0,2,15,0,0,1,16.5,0,0,0,84.62,0,0,0,3,0,0,0,0,0,0,1,0,0,0,0,0,0,0,0,0,0,0,0,0,0,0,366,227,5,5,3.72,444,345,4,10,4.66,0,0,0,0,0,0,0,0,0,0
1425,Manoj Prabhakar,India,63,Batsman ,Right Handed Bat ,Right-arm medium,39,130,0,0,58,98,0,0,1600,1858,0,0,4156,3083,0,0,120,106,0,0,32,24.13,0,0,38.50,60.27,0,0,165,157,0,0,4,0,0,0,4,8,0,0,9,11,0,0,1,2,0,0,0,0,0,0,7475,3581,274,96,2.87,6360,4534,76,157,4.28,0,0,0,0,0,0,0,0,0,0
1426,Ashok Patel,India,69,Batsman ,Right Handed Bat ,Right-arm offbreak,0,8,0,0,0,2,0,0,0,6,0,0,0,11,0,0,0,6,0,0,0,3,0,0,0,54.55,0,0,0,0,0,0,0,0,0,0,0,1,0,0,0,0,0,0,0,0,0,0,0,0,0,0,0,0,0,0,0,360,263,4,7,4.38,0,0,0,0,0,0,0,0,0,0
1427,Rajinder Singh,India,65,Batsman ,Right Handed Bat ,Right-arm fast-medium,0,6,0,0,0,1,0,0,0,1,0,0,0,3,0,0,0,1,0,0,0,1,0,0,0,33.34,0,0,0,0,0,0,0,0,0,0,0,0,0,0,0,0,0,0,0,0,0,0,0,0,0,0,0,0,0,0,0,275,260,1,3,5.67,0,0,0,0,0,0,0,0,0,0
1428,Kiran More,India,63,Batsman ,Right Handed Bat ,Right-arm legbreak,49,94,0,0,64,65,0,0,1285,563,0,0,3181,808,0,0,73,42,0,0,25.7,13.09,0,0,40.40,69.68,0,0,132,43,0,0,2,4,0,0,7,5,0,0,7,0,0,0,0,0,0,0,0,0,0,0,12,12,0,0,6,0,0,0,0,0,0,0,0,0,0,0,0,0,0,0
1429,Mohammad Azharuddin,India,63,Batsman ,Right Handed Bat ,Right-arm medium,99,334,0,0,147,308,0,0,6215,9378,0,0,9852,12669,0,0,199,153,0,0,45.04,36.92,0,0,63.09,74.03,0,0,720,622,0,0,19,77,0,0,5,9,0,0,21,58,0,0,22,7,0,0,0,0,0,0,13,16,0,0,7.38,552,479,1,12,5.21,0,0,0,0,0,0,0,0,0,0
1430,Sadanand Viswanath,India,63,Batsman ,Right Handed Bat,,3,22,0,0,5,12,0,0,31,72,0,0,3,139,0,0,20,23,0,0,6.2,9,0,0,1033.34,51.80,0,0,0,5,0,0,0,0,0,0,2,0,0,0,0,0,0,0,0,0,0,0,0,0,0,0,0,0,0,0,0,0,0,0,0,0,0,0,0,0,0,0,0,0,0,0
1431,Lalchand Rajput,India,64,Batsman ,Right Handed Bat,,2,4,0,0,4,4,0,0,105,9,0,0,0,31,0,0,61,8,0,0,26.25,3,0,0,0,29.04,0,0,0,0,0,0,0,0,0,0,1,2,0,0,1,0,0,0,0,0,0,0,0,0,0,0,0,0,0,0,0,42,42,0,0,6,0,0,0,0,0,0,0,0,0,0
1432,Laxman Sivaramakrishnan,India,60,Batsman ,Right Handed Bat ,Right-arm legbreak,9,16,0,0,9,4,0,0,130,5,0,0,129,24,0,0,25,2,0,0,16.25,2.5,0,0,100.78,20.84,0,0,8,0,0,0,0,0,0,0,1,0,0,0,0,0,0,0,0,0,0,0,0,0,0,0,2367,1145,74,26,2.9,756,538,5,15,4.27,0,0,0,0,0,0,0,0,0,0
1433,Gopal Sharma,India,65,Batsman ,Right Handed Bat ,Right-arm offbreak,5,11,0,0,4,2,0,0,11,11,0,0,1,24,0,0,10,7,0,0,3.67,5.5,0,0,1100.00,45.84,0,0,0,0,0,0,0,0,0,0,2,0,0,0,0,0,0,0,0,0,0,0,0,0,0,0,1307,418,57,10,1.92,486,361,1,10,4.46,0,0,0,0,0,0,0,0,0,0
1434,Shivlal Yadav,India,69,Batsman ,Right Handed Bat ,Right-arm offbreak,35,7,0,0,40,2,0,0,403,1,0,0,1063,16,0,0,43,1,0,0,14.39,0,0,0,37.92,6.25,0,0,30,0,0,0,1,0,0,0,4,0,0,0,0,0,0,0,0,0,0,0,0,0,0,0,8360,3580,339,102,2.57,330,228,3,8,4.15,0,0,0,0,0,0,0,0,0,0
1435,Chandrakant Pandit,India,64,Batsman ,Right Handed Bat,,5,36,0,0,8,23,0,0,171,290,0,0,331,400,0,0,39,33,0,0,24.43,20.71,0,0,51.67,72.50,0,0,18,16,0,0,0,0,0,0,0,2,0,0,0,0,0,0,0,0,0,0,0,0,0,0,0,0,0,0,0,0,0,0,0,0,0,0,0,0,0,0,0,0,0,0
1436,Raman Lamba,India,38,Batsman ,Right Handed Bat ,Right-arm medium,4,32,0,0,5,31,0,0,102,783,0,0,148,1166,0,0,53,102,0,0,20.4,27,0,0,68.92,67.16,0,0,5,63,0,0,0,9,0,0,1,2,0,0,1,6,0,0,0,1,0,0,0,0,0,0,0,0,0,0,0,19,20,0,1,6.32,0,0,0,0,0,0,0,0,0,0
1437,R,India,61,Batsman ,Right Handed Bat ,Left-arm fast-medium,0,2,0,0,0,0,0,0,0,0,0,0,0,0,0,0,0,0,0,0,0,0,0,0,0,0,0,0,0,0,0,0,0,0,0,0,0,0,0,0,0,0,0,0,0,0,0,0,0,0,0,0,0,0,0,0,0,82,77,1,1,5.63,0,0,0,0,0,0,0,0,0,0
1438,Bharat Arun,India,63,Batsman ,Right Handed Bat ,Right-arm medium,2,4,0,0,2,3,0,0,4,21,0,0,0,32,0,0,2,8,0,0,4,10.5,0,0,0,65.63,0,0,0,2,0,0,0,0,0,0,0,0,0,0,0,0,0,0,0,0,0,0,0,0,0,0,252,116,12,4,2.76,102,103,0,1,6.06,0,0,0,0,0,0,0,0,0,0
1439,Navjot Sidhu,India,62,Batsman ,Right Handed Bat ,Right-arm medium,51,136,0,0,78,127,0,0,3202,4413,0,0,7135,6329,0,0,201,134,0,0,42.13,37.08,0,0,44.88,69.73,0,0,358,335,0,0,38,44,0,0,9,7,0,0,15,33,0,0,9,6,0,0,1,0,0,0,6,9,0,0,9,4,3,0,0,0,0,0,0,0,0,0,0,0,0,0
1440,Arshad Ayub,India,67,Batsman ,Right Handed Bat ,Right-arm offbreak,13,32,0,0,19,17,0,0,257,116,0,0,800,162,0,0,57,31,0,0,17.13,11.6,0,0,32.13,71.61,0,0,25,6,0,0,0,0,0,0,1,1,0,0,1,0,0,0,0,0,0,0,0,0,0,0,3663,1438,150,41,2.36,1769,1216,19,31,4.12,0,0,0,0,0,0,0,0,0,0
1441,Woorkeri Raman,India,61,Batsman ,Left Handed Bat ,Left-arm orthodox,11,27,0,0,19,27,0,0,448,617,0,0,1183,1109,0,0,96,114,0,0,24.89,23.73,0,0,37.87,55.64,0,0,55,47,0,0,1,5,0,0,4,6,0,0,4,3,0,0,0,1,0,0,0,0,0,0,348,129,20,2,2.22,162,170,2,2,6.3,0,0,0,0,0,0,0,0,0,0
1442,Ajay Sharma,India,62,Batsman ,Right Handed Bat ,Left-arm orthodox,1,31,0,0,2,27,0,0,53,424,0,0,169,469,0,0,30,59,0,0,26.5,20.19,0,0,31.37,90.41,0,0,8,26,0,0,0,9,0,0,0,2,0,0,0,3,0,0,0,0,0,0,0,0,0,0,24,9,0,0,2.25,1140,875,5,15,4.61,0,0,0,0,0,0,0,0,0,0
1443,Sanjeev Sharma,India,60,Batsman ,Right Handed Bat ,Right-arm medium,2,23,0,0,3,12,0,0,56,80,0,0,80,135,0,0,38,28,0,0,28,10,0,0,70.00,59.26,0,0,9,4,0,0,0,0,0,0,1,2,0,0,0,0,0,0,0,0,0,0,0,0,0,0,414,247,9,6,3.58,979,813,6,22,4.98,0,0,0,0,0,0,0,0,0,0
1444,Sanjay Manjrekar,India,60,Batsman ,Right Handed Bat ,Right-arm offbreak,37,74,0,0,61,70,0,0,2043,1994,0,0,5282,3101,0,0,218,105,0,0,36.48,33.23,0,0,38.68,64.31,0,0,220,99,0,0,1,10,0,0,3,3,0,0,9,15,0,0,4,1,0,0,1,0,0,0,17,15,0,0,5.29,8,10,0,1,7.5,0,0,0,0,0,0,0,0,0,0
1445,Narendra Hirwani,India,57,Batsman ,Right Handed Bat ,Right-arm legbreak,17,18,0,0,22,7,0,0,54,8,0,0,132,29,0,0,17,4,0,0,5.4,2,0,0,40.91,27.59,0,0,6,0,0,0,0,0,0,0,5,2,0,0,0,0,0,0,0,0,0,0,0,0,0,0,4298,1987,155,66,2.77,960,719,6,23,4.49,0,0,0,0,0,0,0,0,0,0
1446,V,India,64,Batsman ,Right Handed Bat,,0,7,0,0,0,7,0,0,0,88,0,0,0,162,0,0,0,53,0,0,0,12.57,0,0,0,54.33,0,0,0,11,0,0,0,0,0,0,0,0,0,0,0,1,0,0,0,0,0,0,0,0,0,0,0,0,0,0,0,0,0,0,0,0,0,0,0,0,0,0,0,0,0,0
1447,Rashid Patel,India,61,Batsman ,Left Handed Bat ,Left-arm fast-medium,1,1,0,0,2,0,0,0,0,0,0,0,15,0,0,0,0,0,0,0,0,0,0,0,0.00,0,0,0,0,0,0,0,0,0,0,0,2,0,0,0,0,0,0,0,0,0,0,0,0,0,0,0,84,51,0,0,3.64,60,58,1,0,5.8,0,0,0,0,0,0,0,0,0,0
1448,Margashayam Venkataramana,India,60,Batsman ,Right Handed Bat ,Right-arm offbreak,1,1,0,0,2,1,0,0,0,0,0,0,4,0,0,0,0,0,0,0,0,0,0,0,0.00,0,0,0,0,0,0,0,0,0,0,0,0,0,0,0,0,0,0,0,0,0,0,0,0,0,0,0,70,58,1,1,4.97,60,36,0,2,3.6,0,0,0,0,0,0,0,0,0,0
1449,Robin Singh,India,62,Batting Allrounder ,Left Handed Bat ,Right-arm fast-medium,1,136,0,0,2,113,0,0,27,2336,0,0,54,3144,0,0,15,100,0,0,13.5,25.96,0,0,50.00,74.31,0,0,4,135,0,0,0,41,0,0,0,5,0,0,0,9,0,0,0,1,0,0,0,0,0,0,60,32,4,0,3.2,3734,2985,28,69,4.8,0,0,0,0,0,0,0,0,0,0
1450,Salil Ankola,India,58,Batsman ,Right Handed Bat ,Right-arm fast-medium,1,20,0,0,1,13,0,0,6,34,0,0,11,42,0,0,6,9,0,0,6,3.78,0,0,54.55,80.96,0,0,1,1,0,0,0,1,0,0,0,5,0,0,0,0,0,0,0,0,0,0,0,0,0,0,180,128,7,2,4.27,807,615,4,13,4.57,0,0,0,0,0,0,0,0,0,0
1451,Vivek Razdan,India,56,Batsman ,Right Handed Bat ,Right-arm fast-medium,2,3,0,0,2,3,0,0,6,23,0,0,10,27,0,0,6,18,0,0,6,11.5,0,0,60.00,85.19,0,0,1,3,0,0,0,0,0,0,1,0,0,0,0,0,0,0,0,0,0,0,0,0,0,0,240,141,6,5,3.53,84,77,0,1,5.5,0,0,0,0,0,0,0,0,0,0
1452,Venkatapathy Raju,India,56,Batsman ,Right Handed Bat ,Left-arm orthodox,28,53,0,0,34,16,0,0,240,32,0,0,756,67,0,0,31,8,0,0,10,4,0,0,31.75,47.77,0,0,12,1,0,0,0,0,0,0,3,4,0,0,0,0,0,0,0,0,0,0,0,0,0,0,7602,2857,362,93,2.25,2770,2014,16,63,4.36,0,0,0,0,0,0,0,0,0,0
1453,Atul Wassan,India,58,Batsman ,Right Handed Bat ,Right-arm fast-medium,4,9,0,0,5,6,0,0,94,33,0,0,133,56,0,0,53,16,0,0,23.5,8.25,0,0,70.68,58.93,0,0,9,2,0,0,0,0,0,0,1,1,0,0,1,0,0,0,0,0,0,0,0,0,0,0,712,504,16,10,4.25,426,283,0,11,3.99,0,0,0,0,0,0,0,0,0,0
1454,Gursharan Singh,India,63,Batsman ,Right Handed Bat,,1,1,0,0,1,1,0,0,18,4,0,0,38,10,0,0,18,4,0,0,18,4,0,0,47.37,40.00,0,0,2,0,0,0,0,0,0,0,0,0,0,0,0,0,0,0,0,0,0,0,0,0,0,0,0,0,0,0,0,0,0,0,0,0,0,0,0,0,0,0,0,0,0,0
1455,Saradindu Mukherjee,India,61,Batsman ,Right Handed Bat ,Right-arm offbreak,0,3,0,0,0,1,0,0,0,2,0,0,0,2,0,0,0,2,0,0,0,0,0,0,0,100.00,0,0,0,0,0,0,0,0,0,0,0,0,0,0,0,0,0,0,0,0,0,0,0,0,0,0,0,0,0,0,0,174,98,2,2,3.38,0,0,0,0,0,0,0,0,0,0
1456,Vinod Kambli,India,54,Batsman ,Left Handed Bat ,Right-arm offbreak,17,104,0,0,21,97,0,0,1084,2477,0,0,1817,3443,0,0,227,106,0,0,54.2,32.59,0,0,59.66,71.95,0,0,124,187,0,0,6,20,0,0,3,4,0,0,3,14,0,0,4,2,0,0,2,0,0,0,0,0,0,0,0,4,7,0,1,0,0,0,0,0,0,0,0,0,0,0
1457,Javagal Srinath,India,56,Bowler ,Right Handed Bat ,Right-arm fast-medium,67,229,0,0,92,121,0,0,1009,883,0,0,2037,1109,0,0,76,53,0,0,14.01,10.64,0,0,49.54,79.63,0,0,110,62,0,0,8,17,0,0,14,19,0,0,4,1,0,0,0,0,0,0,0,0,0,0,15104,7196,599,236,2.86,11935,8847,137,315,4.45,0,0,0,0,0,0,0,0,0,0
1458,Pravin Amre,India,57,Batsman ,Right Handed Bat ,Right-arm legbreak,11,37,0,0,13,30,0,0,425,513,0,0,1072,799,0,0,103,84,0,0,42.5,20.52,0,0,39.65,64.21,0,0,44,28,0,0,3,2,0,0,0,1,0,0,3,2,0,0,1,0,0,0,0,0,0,0,0,0,0,0,0,2,4,0,0,0,0,0,0,0,0,0,0,0,0,0
1459,Subroto Banerjee,India,57,Batsman ,Right Handed Bat ,Right-arm fast-medium,1,6,0,0,1,5,0,0,3,49,0,0,7,42,0,0,3,25,0,0,3,24.5,0,0,42.86,116.67,0,0,0,2,0,0,0,1,0,0,0,0,0,0,0,0,0,0,0,0,0,0,0,0,0,0,108,47,4,3,2.61,240,202,4,5,5.05,0,0,0,0,0,0,0,0,0,0
1460,Ajay Jadeja,India,55,Batsman ,Right Handed Bat ,Right-arm medium,15,196,0,0,24,179,0,0,576,5359,0,0,1463,7677,0,0,96,119,0,0,26.18,37.22,0,0,39.38,69.81,0,0,62,366,0,0,3,85,0,0,1,10,0,0,4,30,0,0,0,6,0,0,0,0,0,0,0,0,0,0,0,1248,1094,2,20,5.26,0,0,0,0,0,0,0,0,0,0
1461,Vijay Yadav,India,59,Batsman ,Right Handed Bat,,1,19,0,0,1,12,0,0,30,118,0,0,25,116,0,0,30,34,0,0,30,11.8,0,0,120.00,101.73,0,0,3,7,0,0,2,2,0,0,0,2,0,0,0,0,0,0,0,0,0,0,0,0,0,0,0,0,0,0,0,0,0,0,0,0,0,0,0,0,0,0,0,0,0,0
1462,Rajesh Chauhan,India,59,Batsman ,Right Handed Bat ,Right-arm offbreak,21,35,0,0,17,18,0,0,98,132,0,0,348,171,0,0,23,32,0,0,7,10.15,0,0,28.17,77.20,0,0,10,5,0,0,3,4,0,0,1,4,0,0,0,0,0,0,0,0,0,0,0,0,0,0,4749,1857,238,47,2.35,1634,1216,12,29,4.47,0,0,0,0,0,0,0,0,0,0
1463,Nayan Mongia,India,56,WK-Batsman ,Right Handed Bat,,44,140,0,0,68,96,0,0,1442,1272,0,0,3742,1846,0,0,152,69,0,0,24.03,20.19,0,0,38.54,68.91,0,0,159,95,0,0,5,8,0,0,6,4,0,0,6,2,0,0,1,0,0,0,0,0,0,0,0,0,0,0,0,0,0,0,0,0,0,0,0,0,0,0,0,0,0,0
1464,Atul Bedade,India,59,Batsman ,Left Handed Bat ,Right-arm medium,0,13,0,0,0,10,0,0,0,158,0,0,0,183,0,0,0,51,0,0,0,22.57,0,0,0,86.34,0,0,0,11,0,0,0,5,0,0,0,0,0,0,0,1,0,0,0,0,0,0,0,0,0,0,0,0,0,0,0,0,0,0,0,0,0,0,0,0,0,0,0,0,0,0
1465,Bhupinder Singh,India,61,Batsman ,Right Handed Bat ,Right-arm fast-medium,0,2,0,0,0,1,0,0,0,6,0,0,0,13,0,0,0,6,0,0,0,6,0,0,0,46.16,0,0,0,0,0,0,0,0,0,0,0,0,0,0,0,0,0,0,0,0,0,0,0,0,0,0,0,0,0,0,0,102,78,1,3,4.59,0,0,0,0,0,0,0,0,0,0
1466,Aashish Kapoor,India,55,Batsman ,Right Handed Bat ,Right-arm offbreak,4,17,0,0,6,6,0,0,97,43,0,0,181,63,0,0,42,19,0,0,19.4,7.17,0,0,53.60,68.26,0,0,8,2,0,0,2,1,0,0,0,3,0,0,0,0,0,0,0,0,0,0,0,0,0,0,642,255,26,6,2.38,900,612,5,8,4.08,0,0,0,0,0,0,0,0,0,0
1467,Prashant Vaidya,India,58,Batsman ,Right Handed Bat ,Right-arm fast-medium,0,4,0,0,0,2,0,0,0,15,0,0,0,12,0,0,0,12,0,0,0,7.5,0,0,0,125.00,0,0,0,2,0,0,0,0,0,0,0,0,0,0,0,0,0,0,0,0,0,0,0,0,0,0,0,0,0,0,0,184,174,1,4,5.67,0,0,0,0,0,0,0,0,0,0
1468,Utpal Chatterjee,India,61,Batsman ,Left Handed Bat ,Left-arm orthodox,0,3,0,0,0,2,0,0,0,6,0,0,0,30,0,0,0,3,0,0,0,6,0,0,0,20.00,0,0,0,0,0,0,0,0,0,0,0,0,0,0,0,0,0,0,0,0,0,0,0,0,0,0,0,0,0,0,0,161,117,0,3,4.36,0,0,0,0,0,0,0,0,0,0
1469,Vikram Rathour,India,57,Batsman ,Right Handed Bat,,6,7,0,0,10,7,0,0,131,193,0,0,383,331,0,0,44,54,0,0,13.1,27.57,0,0,34.21,58.31,0,0,13,16,0,0,0,1,0,0,0,0,0,0,0,2,0,0,0,0,0,0,0,0,0,0,0,0,0,0,0,0,0,0,0,0,0,0,0,0,0,0,0,0,0,0
1470,Paras Mhambrey,India,53,Batsman ,Right Handed Bat ,Right-arm medium,2,3,0,0,3,1,0,0,58,7,0,0,111,5,0,0,28,7,0,0,29,0,0,0,52.26,140.00,0,0,8,1,0,0,0,0,0,0,0,0,0,0,0,0,0,0,0,0,0,0,0,0,0,0,258,148,6,2,3.44,126,120,1,3,5.71,0,0,0,0,0,0,0,0,0,0
1471,Sujith Somasunder,India,53,Batsman ,Right Handed Bat ,Right-arm medium,0,2,0,0,0,2,0,0,0,16,0,0,0,63,0,0,0,9,0,0,0,8,0,0,0,25.40,0,0,0,1,0,0,0,0,0,0,0,0,0,0,0,0,0,0,0,0,0,0,0,0,0,0,0,0,0,0,0,0,0,0,0,0,0,0,0,0,0,0,0,0,0,0
1472,Saba Karim,India,58,Batsman ,Right Handed Bat,,1,34,0,0,1,27,0,0,15,362,0,0,46,560,0,0,15,55,0,0,15,15.74,0,0,32.61,64.65,0,0,2,27,0,0,0,2,0,0,0,2,0,0,0,1,0,0,0,0,0,0,0,0,0,0,0,0,0,0,0,0,0,0,0,0,0,0,0,0,0,0,0,0,0,0
1473,Dodda Ganesh,India,52,Batsman ,Right Handed Bat ,Right-arm medium,4,1,0,0,7,1,0,0,25,4,0,0,122,8,0,0,8,4,0,0,6.25,4,0,0,20.50,50.00,0,0,1,0,0,0,0,0,0,0,0,0,0,0,0,0,0,0,0,0,0,0,0,0,0,0,461,287,15,5,3.74,30,20,0,1,4,0,0,0,0,0,0,0,0,0,0
1474,Abey Kuruvilla,India,57,Bowler ,Right Handed Bat ,Right-arm fast-medium,10,25,0,0,11,11,0,0,66,26,0,0,164,43,0,0,35,7,0,0,6.6,3.71,0,0,40.25,60.47,0,0,0,1,0,0,4,1,0,0,5,1,0,0,0,0,0,0,0,0,0,0,0,0,0,0,1765,892,59,25,3.03,1131,890,18,25,4.72,0,0,0,0,0,0,0,0,0,0
1475,Noel David,India,55,Batsman ,Right Handed Bat ,Right-arm offbreak,0,4,0,0,0,2,0,0,0,9,0,0,0,10,0,0,0,8,0,0,0,0,0,0,0,90.00,0,0,0,0,0,0,0,0,0,0,0,0,0,0,0,0,0,0,0,0,0,0,0,0,0,0,0,0,0,0,0,192,133,1,4,4.16,0,0,0,0,0,0,0,0,0,0
1476,Nilesh Kulkarni,India,53,Batsman ,Left Handed Bat ,Left-arm orthodox,3,10,0,0,2,5,0,0,5,11,0,0,42,20,0,0,4,5,0,0,5,5.5,0,0,11.91,55.00,0,0,0,0,0,0,0,0,0,0,0,1,0,0,0,0,0,0,0,0,0,0,0,0,0,0,738,332,28,2,2.7,402,357,3,11,5.33,0,0,0,0,0,0,0,0,0,0
1477,Harvinder Singh,India,48,Batsman ,Right Handed Bat ,Right-arm fast-medium,3,16,0,0,4,5,0,0,6,6,0,0,38,19,0,0,6,3,0,0,2,1.5,0,0,15.79,31.58,0,0,1,0,0,0,0,0,0,0,2,1,0,0,0,0,0,0,0,0,0,0,0,0,0,0,273,185,6,4,4.07,686,609,6,24,5.33,0,0,0,0,0,0,0,0,0,0
1478,Debasis Mohanty,India,49,Bowler ,Right Handed Bat ,Right-arm medium,2,45,0,0,1,11,0,0,0,28,0,0,8,57,0,0,0,18,0,0,0,5.6,0,0,0.00,49.13,0,0,0,1,0,0,0,0,0,0,0,3,0,0,0,0,0,0,0,0,0,0,0,0,0,0,430,239,10,4,3.33,1996,1662,21,57,5,0,0,0,0,0,0,0,0,0,0
1479,Sairaj Bahutule,India,53,Bowling Allrounder ,Left Handed Bat ,Right-arm legbreak,2,8,0,0,4,4,0,0,39,23,0,0,105,29,0,0,21,11,0,0,13,7.67,0,0,37.15,79.32,0,0,3,2,0,0,1,0,0,0,2,0,0,0,0,0,0,0,0,0,0,0,0,0,0,0,366,203,8,3,3.33,294,283,0,2,5.78,0,0,0,0,0,0,0,0,0,0
1480,Hrishikesh Kanitkar,India,51,Batsman ,Left Handed Bat ,Right-arm offbreak,2,34,0,0,4,27,0,0,74,339,0,0,185,512,0,0,45,57,0,0,18.5,17.84,0,0,40.00,66.22,0,0,8,25,0,0,0,1,0,0,0,2,0,0,0,1,0,0,0,0,0,0,0,0,0,0,6,2,0,0,2,1006,803,4,17,4.79,0,0,0,0,0,0,0,0,0,0
1481,Rahul Sanghvi,India,51,Batsman ,Left Handed Bat ,Left-arm orthodox,1,10,0,0,2,2,0,0,2,8,0,0,22,11,0,0,2,8,0,0,1,4,0,0,9.10,72.73,0,0,0,0,0,0,0,1,0,0,1,1,0,0,0,0,0,0,0,0,0,0,0,0,0,0,74,78,3,2,6.32,498,399,1,10,4.81,0,0,0,0,0,0,0,0,0,0
1482,Gagan Khoda,India,51,Batsman ,Right Handed Bat,,0,2,0,0,0,2,0,0,0,115,0,0,0,185,0,0,0,89,0,0,0,57.5,0,0,0,62.17,0,0,0,11,0,0,0,0,0,0,0,0,0,0,0,1,0,0,0,0,0,0,0,0,0,0,0,0,0,0,0,0,0,0,0,0,0,0,0,0,0,0,0,0,0,0
1483,Mannava Prasad,India,51,Batsman ,Right Handed Bat,,6,17,0,0,10,11,0,0,106,131,0,0,370,225,0,0,19,63,0,0,11.78,14.56,0,0,28.65,58.23,0,0,6,11,0,0,0,0,0,0,0,2,0,0,0,1,0,0,0,0,0,0,0,0,0,0,0,0,0,0,0,0,0,0,0,0,0,0,0,0,0,0,0,0,0,0
1484,Nikhil Chopra,India,52,Batsman ,Right Handed Bat ,Right-arm offbreak,1,39,0,0,2,26,0,0,7,310,0,0,70,498,0,0,4,61,0,0,3.5,15.5,0,0,10.00,62.25,0,0,0,15,0,0,0,5,0,0,0,1,0,0,0,1,0,0,0,0,0,0,0,0,0,0,144,78,3,0,3.25,1835,1286,21,46,4.2,0,0,0,0,0,0,0,0,0,0
1485,Jatin Paranjpe,India,54,Batsman ,Left Handed Bat ,Left-arm orthodox,0,4,0,0,0,4,0,0,0,54,0,0,0,91,0,0,0,27,0,0,0,18,0,0,0,59.35,0,0,0,3,0,0,0,1,0,0,0,0,0,0,0,0,0,0,0,0,0,0,0,0,0,0,0,0,0,0,0,0,0,0,0,0,0,0,0,0,0,0,0,0,0,0
1486,Sanjay Raul,India,49,Batsman ,Right Handed Bat ,Right-arm offbreak,0,2,0,0,0,2,0,0,0,8,0,0,0,14,0,0,0,8,0,0,0,4,0,0,0,57.15,0,0,0,0,0,0,0,0,0,0,0,1,0,0,0,0,0,0,0,0,0,0,0,0,0,0,0,0,0,0,0,36,27,1,1,4.5,0,0,0,0,0,0,0,0,0,0
1487,Gyanendra Pandey,India,53,Batsman ,Left Handed Bat ,Left-arm orthodox,0,2,0,0,0,2,0,0,0,4,0,0,0,11,0,0,0,4,0,0,0,4,0,0,0,36.37,0,0,0,0,0,0,0,0,0,0,0,1,0,0,0,0,0,0,0,0,0,0,0,0,0,0,0,0,0,0,0,78,60,1,0,4.62,0,0,0,0,0,0,0,0,0,0
1488,Amay Khurasiya,India,54,Batsman ,Left Handed Bat ,Left-arm orthodox,0,12,0,0,0,11,0,0,0,149,0,0,0,188,0,0,0,57,0,0,0,13.55,0,0,0,79.26,0,0,0,14,0,0,0,2,0,0,0,1,0,0,0,1,0,0,0,0,0,0,0,0,0,0,0,0,0,0,0,0,0,0,0,0,0,0,0,0,0,0,0,0,0,0
1489,Sadagoppan Ramesh,India,50,Batsman ,Left Handed Bat ,Right-arm offbreak,19,24,0,0,37,24,0,0,1367,646,0,0,2938,1092,0,0,143,82,0,0,36.95,28.09,0,0,46.53,59.16,0,0,159,70,0,0,0,1,0,0,3,3,0,0,8,6,0,0,2,0,0,0,0,0,0,0,54,43,0,0,4.78,36,38,0,1,6.33,0,0,0,0,0,0,0,0,0,0
1490,Jacob Martin,India,54,Batsman ,Right Handed Bat ,Right-arm legbreak,0,10,0,0,0,8,0,0,0,158,0,0,0,331,0,0,0,39,0,0,0,22.57,0,0,0,47.74,0,0,0,15,0,0,0,0,0,0,0,1,0,0,0,0,0,0,0,0,0,0,0,0,0,0,0,0,0,0,0,0,0,0,0,0,0,0,0,0,0,0,0,0,0,0
1491,Vijay Bharadwaj,India,50,Batsman ,Right Handed Bat ,Right-arm offbreak,3,10,0,0,3,9,0,0,28,136,0,0,145,194,0,0,22,41,0,0,9.33,27.2,0,0,19.32,70.11,0,0,2,15,0,0,0,1,0,0,1,1,0,0,0,0,0,0,0,0,0,0,0,0,0,0,247,107,8,1,2.6,372,307,3,16,4.95,0,0,0,0,0,0,0,0,0,0
1492,Thirunavukkarasu Kumaran,India,50,Batsman ,Right Handed Bat ,Right-arm medium,0,8,0,0,0,3,0,0,0,19,0,0,0,27,0,0,0,8,0,0,0,6.33,0,0,0,70.38,0,0,0,2,0,0,0,0,0,0,0,0,0,0,0,0,0,0,0,0,0,0,0,0,0,0,0,0,0,0,0,378,348,4,9,5.52,0,0,0,0,0,0,0,0,0,0
1493,Devang Gandhi,India,54,Batsman ,Right Handed Bat ,Right-arm medium,4,3,0,0,7,3,0,0,204,49,0,0,545,97,0,0,88,30,0,0,34,16.33,0,0,37.44,50.52,0,0,27,8,0,0,1,0,0,0,2,0,0,0,2,0,0,0,0,0,0,0,0,0,0,0,0,0,0,0,0,0,0,0,0,0,0,0,0,0,0,0,0,0,0,0
1494,Sameer Dighe,India,57,WK-Batsman ,Right Handed Bat,,6,23,0,0,10,17,0,0,141,256,0,0,368,421,0,0,47,94,0,0,15.67,23.27,0,0,38.32,60.81,0,0,19,11,0,0,0,2,0,0,1,1,0,0,0,1,0,0,0,0,0,0,0,0,0,0,0,0,0,0,0,0,0,0,0,0,0,0,0,0,0,0,0,0,0,0
1495,Sridharan Sriram,India,50,Batsman ,Left Handed Bat ,Left-arm orthodox,0,8,0,2,0,7,0,2,0,81,0,31,0,135,0,36,0,57,0,27,0,13.5,0,15.5,0,60.00,0,86.12,0,9,0,3,0,0,0,0,0,1,0,0,0,1,0,0,0,0,0,0,0,0,0,0,0,0,0,0,0,324,274,1,9,5.07,0,0,0,0,0,18,49,0,0,16.33
1496,Hemang Badani,India,49,Batsman ,Left Handed Bat ,Left-arm orthodox,4,40,0,0,7,36,0,0,94,867,0,0,248,1180,0,0,38,100,0,0,15.67,33.35,0,0,37.91,73.48,0,0,11,68,0,0,1,10,0,0,0,1,0,0,0,4,0,0,0,1,0,0,0,0,0,0,48,17,2,0,2.13,183,149,0,3,4.89,0,0,0,0,0,0,0,0,0,0
1497,Amit Bhandari,India,47,Batsman ,Right Handed Bat ,Right-arm fast-medium,0,2,0,0,0,1,0,0,0,0,0,0,0,0,0,0,0,0,0,0,0,0,0,0,0,0,0,0,0,0,0,0,0,0,0,0,0,0,0,0,0,0,0,0,0,0,0,0,0,0,0,0,0,0,0,0,0,106,106,0,5,6,0,0,0,0,0,0,0,0,0,0
1498,Vijay Dahiya,India,53,Batsman ,Right Handed Bat,,2,19,0,0,1,15,0,0,2,216,0,0,5,267,0,0,2,51,0,0,0,16.62,0,0,40.00,80.90,0,0,0,18,0,0,0,3,0,0,0,2,0,0,0,1,0,0,0,0,0,0,0,0,0,0,0,0,0,0,0,0,0,0,0,0,0,0,0,0,0,0,0,0,0,0
1499,Reetinder Sodhi,India,45,Batting Allrounder ,Right Handed Bat ,Right-arm medium,0,18,0,3,0,14,0,1,0,280,0,4,0,381,0,2,0,67,0,4,0,25.45,0,0,0,73.50,0,200.00,0,16,0,1,0,6,0,0,0,0,0,0,0,2,0,0,0,0,0,0,0,0,0,0,0,0,0,0,0,462,365,3,5,4.74,0,0,0,0,0,0,0,0,0,0
1500,Shiv Sunder,India,48,Batsman ,Right Handed Bat ,Right-arm medium,23,4,0,0,40,4,0,0,1326,39,0,0,3407,77,0,0,110,30,0,0,34.89,13,0,0,38.92,50.65,0,0,180,2,0,0,1,1,0,0,3,0,0,0,9,0,0,0,2,0,0,0,0,0,0,0,66,35,2,0,3.18,0,0,0,0,0,0,0,0,0,0,0,0,0,0,0
1501,Deep Dasgupta,India,48,Batsman ,Right Handed Bat,,8,5,0,0,13,4,0,0,344,51,0,0,1126,82,0,0,100,24,0,0,28.67,17,0,0,30.56,62.20,0,0,40,6,0,0,1,0,0,0,2,1,0,0,2,0,0,0,1,0,0,0,0,0,0,0,0,0,0,0,0,0,0,0,0,0,0,0,0,0,0,0,0,0,0,0
1502,Ajay Ratra,India,44,WK-Batsman ,Right Handed Bat ,Right-arm medium,6,12,0,0,10,8,0,0,163,90,0,0,533,127,0,0,115,30,0,0,18.11,12.86,0,0,30.59,70.87,0,0,14,8,0,0,0,0,0,0,1,0,0,0,0,0,0,0,1,0,0,0,0,0,0,0,6,1,0,0,1,0,0,0,0,0,0,0,0,0,0,0,0,0,0,0
1503,Sarandeep Singh,India,46,Batsman ,Right Handed Bat ,Right-arm offbreak,3,5,0,0,2,4,0,0,43,47,0,0,136,73,0,0,39,19,0,0,43,15.67,0,0,31.62,64.39,0,0,1,6,0,0,0,0,0,0,0,0,0,0,0,0,0,0,0,0,0,0,0,0,0,0,678,340,27,10,3.01,258,180,1,3,4.19,0,0,0,0,0,0,0,0,0,0
1504,Jai Prakash,India,51,Batsman ,Right Handed Bat ,Right-arm medium,0,12,0,0,0,7,0,0,0,81,0,0,0,123,0,0,0,69,0,0,0,20.25,0,0,0,65.86,0,0,0,11,0,0,0,1,0,0,0,2,0,0,0,1,0,0,0,0,0,0,0,0,0,0,0,0,0,0,0,396,326,4,6,4.94,0,0,0,0,0,0,0,0,0,0
1505,Abhijit Kale,India,52,Batsman ,Right Handed Bat ,Right-arm offbreak,0,1,0,0,0,1,0,0,0,10,0,0,0,22,0,0,0,10,0,0,0,10,0,0,0,45.46,0,0,0,1,0,0,0,0,0,0,0,0,0,0,0,0,0,0,0,0,0,0,0,0,0,0,0,0,0,0,0,0,0,0,0,0,0,0,0,0,0,0,0,0,0,0
1506,Rohan Gavaskar,India,50,Batsman ,Left Handed Bat ,Left-arm orthodox,0,11,0,2,0,10,0,1,0,151,0,2,0,234,0,8,0,54,0,2,0,18.88,0,2,0,64.53,0,25.00,0,8,0,0,0,2,0,0,0,0,0,0,0,1,0,0,0,0,0,0,0,0,0,0,0,0,0,0,0,72,74,0,1,6.17,0,0,0,0,0,6,8,0,0,8
1507,Mark Burgess,New Zealand,81,Batsman ,Right Handed Bat ,Right-arm offbreak,50,26,0,0,92,20,0,0,2684,336,0,0,2384,515,0,0,119,47,0,0,31.21,16.8,0,0,112.59,65.25,0,0,262,19,0,0,17,2,0,0,5,1,0,0,14,0,0,0,5,0,0,0,0,0,0,0,486,212,27,6,2.62,72,69,0,1,5.75,0,0,0,0,0,0,0,0,0,0
1508,Richard Collinge,New Zealand,80,Batsman ,Right Handed Bat ,Left-arm fast-medium,35,15,0,0,50,9,0,0,533,34,0,0,445,62,0,0,68,9,0,0,14.41,5.67,0,0,119.78,54.84,0,0,43,0,0,0,7,1,0,0,9,1,0,0,2,0,0,0,0,0,0,0,0,0,0,0,6699,3393,228,116,3.04,775,479,19,18,3.71,0,0,0,0,0,0,0,0,0,0
1509,Peter Coman,New Zealand,83,Batsman ,Right Handed Bat,,0,3,0,0,0,3,0,0,0,62,0,0,0,104,0,0,0,38,0,0,0,20.67,0,0,0,59.62,0,0,0,3,0,0,0,2,0,0,0,1,0,0,0,0,0,0,0,0,0,0,0,0,0,0,0,0,0,0,0,0,0,0,0,0,0,0,0,0,0,0,0,0,0,0
1510,Bev Congdon,New Zealand,88,Batsman ,Right Handed Bat ,Right-arm medium,61,11,0,0,114,9,0,0,3448,338,0,0,4375,472,0,0,176,101,0,0,32.22,56.33,0,0,78.82,71.62,0,0,267,29,0,0,12,2,0,0,9,0,0,0,19,2,0,0,7,1,0,0,0,0,0,0,4940,2154,197,59,2.62,387,287,8,7,4.45,0,0,0,0,0,0,0,0,0,0
1511,Dayle Hadlee,New Zealand,78,Batsman ,Right Handed Bat ,Right-arm fast-medium,26,11,0,0,42,7,0,0,530,40,0,0,1151,85,0,0,56,20,0,0,14.32,8,0,0,46.05,47.06,0,0,45,3,0,0,6,0,0,0,9,3,0,0,1,0,0,0,0,0,0,0,0,0,0,0,4151,2389,114,71,3.45,540,364,7,20,4.04,0,0,0,0,0,0,0,0,0,0
1512,Sir Richard,New Zealand,74,Batsman ,Left Handed Bat ,Right-arm fast,86,115,0,0,134,98,0,0,3124,1751,0,0,4649,2319,0,0,151,79,0,0,27.17,21.35,0,0,67.20,75.51,0,0,343,123,0,0,33,25,0,0,12,4,0,0,15,4,0,0,2,0,0,0,0,0,0,0,20770,9611,809,431,2.78,6118,3407,185,158,3.34,0,0,0,0,0,0,0,0,0,0
1513,Brian Hastings,New Zealand,86,Batsman ,Right Handed Bat ,Right-arm legbreak,31,11,0,0,56,9,0,0,1510,151,0,0,1959,271,0,0,117,37,0,0,30.2,18.88,0,0,77.09,55.72,0,0,134,14,0,0,3,0,0,0,6,1,0,0,7,0,0,0,4,0,0,0,0,0,0,0,18,9,0,0,3,0,0,0,0,0,0,0,0,0,0,0,0,0,0,0
1514,Hedley Howarth,New Zealand,64,Batsman ,Left Handed Bat ,Left-arm orthodox,30,9,0,0,42,5,0,0,291,18,0,0,695,26,0,0,61,11,0,0,12.13,6,0,0,41.88,69.24,0,0,28,1,0,0,0,0,0,0,7,1,0,0,1,0,0,0,0,0,0,0,0,0,0,0,7957,3178,393,86,2.4,462,280,9,11,3.64,0,0,0,0,0,0,0,0,0,0
1515,Glenn Turner,New Zealand,78,Batsman ,Right Handed Bat ,Right-arm offbreak,41,41,0,0,73,40,0,0,2991,1598,0,0,4061,2348,0,0,259,171,0,0,44.64,47,0,0,73.66,68.06,0,0,265,156,0,0,0,7,0,0,1,1,0,0,14,9,0,0,7,3,0,0,2,0,0,0,12,5,1,0,2.5,6,0,1,0,0,0,0,0,0,0,0,0,0,0,0
1516,Graham Vivian,New Zealand,80,Batsman ,Left Handed Bat ,Right-arm legbreak,5,1,0,0,6,1,0,0,110,14,0,0,0,30,0,0,43,14,0,0,18.33,14,0,0,0,46.67,0,0,14,0,0,0,1,0,0,0,1,0,0,0,0,0,0,0,0,0,0,0,0,0,0,0,198,107,7,1,3.24,0,0,0,0,0,0,0,0,0,0,0,0,0,0,0
1517,Ken Wadsworth,New Zealand,29,Batsman ,Right Handed Bat,,33,13,0,0,51,10,0,0,1010,258,0,0,1296,334,0,0,80,104,0,0,21.49,28.67,0,0,77.94,77.25,0,0,99,28,0,0,1,3,0,0,5,1,0,0,5,0,0,0,0,1,0,0,0,0,0,0,0,0,0,0,0,0,0,0,0,0,0,0,0,0,0,0,0,0,0,0
1518,Vic Pollard,New Zealand,80,Batsman ,Right Handed Bat ,Right-arm offbreak,32,3,0,0,59,2,0,0,1266,67,0,0,1127,145,0,0,116,55,0,0,24.35,33.5,0,0,112.34,46.21,0,0,124,9,0,0,4,1,0,0,4,0,0,0,7,1,0,0,2,0,0,0,0,0,0,0,4267,1853,207,40,2.61,0,0,0,0,0,0,0,0,0,0,0,0,0,0,0
1519,Rodney Redmond,New Zealand,81,Batsman ,Left Handed Bat ,Left-arm orthodox,1,2,0,0,2,1,0,0,163,3,0,0,0,11,0,0,107,3,0,0,81.5,3,0,0,0,27.28,0,0,29,0,0,0,0,0,0,0,0,0,0,0,1,0,0,0,1,0,0,0,0,0,0,0,0,0,0,0,0,0,0,0,0,0,0,0,0,0,0,0,0,0,0,0
1520,Bruce Taylor,New Zealand,82,Batsman ,Left Handed Bat ,Right-arm fast-medium,30,2,0,0,50,1,0,0,898,22,0,0,184,42,0,0,124,22,0,0,20.41,22,0,0,488.05,52.39,0,0,98,4,0,0,13,0,0,0,8,0,0,0,2,0,0,0,2,0,0,0,0,0,0,0,5996,2953,206,111,2.95,114,62,4,4,3.26,0,0,0,0,0,0,0,0,0,0
1521,Lance Cairns,New Zealand,76,Batsman ,Right Handed Bat ,Right-arm fast-medium,43,78,0,0,65,65,0,0,928,987,0,0,1223,941,0,0,64,60,0,0,16,16.73,0,0,75.88,104.89,0,0,80,70,0,0,28,41,0,0,8,6,0,0,2,2,0,0,0,0,0,0,0,0,0,0,10058,4280,447,130,2.55,3951,2717,77,89,4.13,0,0,0,0,0,0,0,0,0,0
1522,David OSullivan,New Zealand,81,Batsman ,Right Handed Bat ,Left-arm orthodox,11,3,0,0,21,2,0,0,158,2,0,0,142,5,0,0,23,1,0,0,9.29,2,0,0,111.27,40.00,0,0,13,0,0,0,0,0,0,0,2,0,0,0,0,0,0,0,0,0,0,0,0,0,0,0,2296,1224,75,18,3.2,126,123,2,2,5.86,0,0,0,0,0,0,0,0,0,0
1523,John Parker,New Zealand,75,Batsman ,Right Handed Bat ,Right-arm legbreak,36,24,0,0,63,20,0,0,1498,248,0,0,3031,403,0,0,121,66,0,0,24.56,12.4,0,0,49.43,61.54,0,0,121,17,0,0,0,0,0,0,4,1,0,0,5,1,0,0,3,0,0,0,0,0,0,0,30,24,2,1,4.8,12,10,0,1,5,0,0,0,0,0,0,0,0,0,0
1524,Barry Hadlee,New Zealand,84,Batsman ,Right Handed Bat,,0,2,0,0,0,2,0,0,0,26,0,0,0,93,0,0,0,19,0,0,0,26,0,0,0,27.96,0,0,0,1,0,0,0,0,0,0,0,0,0,0,0,0,0,0,0,0,0,0,0,0,0,0,0,0,0,0,0,0,0,0,0,0,0,0,0,0,0,0,0,0,0,0
1525,Geoff Howarth,New Zealand,75,Batsman ,Right Handed Bat ,Right-arm offbreak,47,70,0,0,83,65,0,0,2531,1384,0,0,5753,2301,0,0,147,76,0,0,32.45,23.07,0,0,44.00,60.15,0,0,255,116,0,0,1,3,0,0,7,1,0,0,11,6,0,0,6,0,0,0,0,0,0,0,534,271,20,3,3.04,90,68,0,3,4.53,0,0,0,0,0,0,0,0,0,0
1526,John Morrison,New Zealand,78,Batsman ,Right Handed Bat ,Left-arm orthodox,17,18,0,0,29,15,0,0,656,252,0,0,1349,472,0,0,117,55,0,0,22.62,21,0,0,48.63,53.39,0,0,61,22,0,0,2,1,0,0,4,0,0,0,3,1,0,0,1,0,0,0,0,0,0,0,258,71,17,2,1.65,283,199,1,8,4.22,0,0,0,0,0,0,0,0,0,0
1527,Brian McKechnie,New Zealand,72,Batsman ,Right Handed Bat ,Right-arm fast-medium,0,14,0,0,0,8,0,0,0,54,0,0,0,145,0,0,0,27,0,0,0,13.5,0,0,0,37.25,0,0,0,4,0,0,0,0,0,0,0,1,0,0,0,0,0,0,0,0,0,0,0,0,0,0,0,0,0,0,0,800,495,11,19,3.71,0,0,0,0,0,0,0,0,0,0
1528,Jock Edwards,New Zealand,70,Batsman ,Right Handed Bat,,8,6,0,0,15,6,0,0,377,138,0,0,646,191,0,0,55,41,0,0,25.13,23,0,0,58.36,72.26,0,0,52,12,0,0,3,1,0,0,2,1,0,0,3,0,0,0,0,0,0,0,0,0,0,0,0,0,0,0,0,6,5,0,1,5,0,0,0,0,0,0,0,0,0,0
1529,Robert Anderson,New Zealand,77,Batsman ,Right Handed Bat ,Right-arm legbreak,9,2,0,0,18,2,0,0,423,16,0,0,629,46,0,0,92,12,0,0,23.5,16,0,0,67.25,34.79,0,0,43,1,0,0,1,0,0,0,1,0,0,0,3,0,0,0,0,0,0,0,0,0,0,0,0,0,0,0,0,0,0,0,0,0,0,0,0,0,0,0,0,0,0,0
1530,Murray Parker,New Zealand,77,Batsman ,Right Handed Bat,,3,1,0,0,6,1,0,0,89,0,0,0,0,3,0,0,40,0,0,0,14.83,0,0,0,0,0.00,0,0,7,0,0,0,1,0,0,0,0,1,0,0,0,0,0,0,0,0,0,0,0,0,0,0,0,0,0,0,0,0,0,0,0,0,0,0,0,0,0,0,0,0,0,0
1531,Andy Roberts,New Zealand,42,Batsman ,Right Handed Bat ,Right-arm medium,7,1,0,0,12,1,0,0,254,16,0,0,5,24,0,0,84,16,0,0,23.09,16,0,0,5080.00,66.67,0,0,14,0,0,0,1,0,0,0,2,0,0,0,1,0,0,0,0,0,0,0,0,0,0,0,406,182,15,4,2.69,42,30,0,1,4.29,0,0,0,0,0,0,0,0,0,0
1532,Gary Troup,New Zealand,73,Batsman ,Right Handed Bat ,Left-arm fast-medium,15,22,0,0,18,12,0,0,55,101,0,0,197,140,0,0,13,39,0,0,4.58,25.25,0,0,27.92,72.15,0,0,4,7,0,0,0,2,0,0,7,0,0,0,0,0,0,0,0,0,0,0,0,0,0,0,3063,1454,105,39,2.85,1166,791,22,32,4.07,0,0,0,0,0,0,0,0,0,0
1533,Stephen Boock,New Zealand,74,Batsman ,Right Handed Bat ,Left-arm orthodox,30,14,0,0,41,7,0,0,207,30,0,0,831,31,0,0,37,12,0,0,6.27,10,0,0,24.91,96.78,0,0,13,2,0,0,0,0,0,0,10,1,0,0,0,0,0,0,0,0,0,0,0,0,0,0,6318,2564,327,74,2.43,700,513,5,15,4.4,0,0,0,0,0,0,0,0,0,0
1534,John Wright,New Zealand,71,Batsman ,Left Handed Bat ,Right-arm medium,82,149,0,0,148,148,0,0,5334,3891,0,0,14619,6804,0,0,185,101,0,0,37.83,26.47,0,0,36.49,57.19,0,0,630,370,0,0,10,15,0,0,7,9,0,0,23,24,0,0,12,1,0,0,0,0,0,0,30,5,1,0,1,24,8,1,0,2,0,0,0,0,0,0,0,0,0,0
1535,Brendon Bracewell,New Zealand,66,Batsman ,Right Handed Bat ,Right-arm medium,6,1,0,0,12,1,0,0,24,0,0,0,121,4,0,0,8,0,0,0,2.4,0,0,0,19.84,0.00,0,0,3,0,0,0,0,0,0,0,5,0,0,0,0,0,0,0,0,0,0,0,0,0,0,0,998,585,29,14,3.52,66,41,0,1,3.73,0,0,0,0,0,0,0,0,0,0
1536,Bruce Edgar,New Zealand,69,Batsman ,Left Handed Bat,,39,64,0,0,68,64,0,0,1958,1814,0,0,5641,3685,0,0,161,102,0,0,30.59,30.75,0,0,34.72,49.23,0,0,177,126,0,0,0,3,0,0,7,3,0,0,12,10,0,0,3,1,0,0,0,0,0,0,18,3,1,0,1,12,5,0,0,2.5,0,0,0,0,0,0,0,0,0,0
1537,Jeremy Coney,New Zealand,73,Batsman ,Right Handed Bat ,Right-arm medium,52,88,0,0,85,80,0,0,2668,1874,0,0,5783,2885,0,0,174,66,0,0,37.06,30.72,0,0,46.14,64.96,0,0,266,128,0,0,8,12,0,0,3,1,0,0,16,8,0,0,3,0,0,0,0,0,0,0,2685,966,135,27,2.16,2931,2039,24,54,4.17,0,0,0,0,0,0,0,0,0,0
1538,Warren Lees,New Zealand,74,Batsman ,Right Handed Bat ,Right-arm medium,21,31,0,0,37,24,0,0,778,215,0,0,631,307,0,0,152,26,0,0,23.58,11.32,0,0,123.30,70.04,0,0,90,11,0,0,5,4,0,0,4,1,0,0,1,0,0,0,1,0,0,0,0,0,0,0,5,4,0,0,0,0,0,0,0,0,0,0,0,0,0,0,0,0,0,0
1539,Warren Stott,New Zealand,79,Batsman ,Right Handed Bat ,Right-arm medium,0,1,0,0,0,0,0,0,0,0,0,0,0,0,0,0,0,0,0,0,0,0,0,0,0,0,0,0,0,0,0,0,0,0,0,0,0,0,0,0,0,0,0,0,0,0,0,0,0,0,0,0,0,0,0,0,0,72,48,1,3,4,0,0,0,0,0,0,0,0,0,0
1540,Ewen Chatfield,New Zealand,75,Batsman ,Right Handed Bat ,Right-arm fast-medium,43,114,0,0,54,48,0,0,180,118,0,0,782,346,0,0,21,19,0,0,8.18,10.73,0,0,23.02,34.11,0,0,16,6,0,0,0,0,0,0,11,6,0,0,0,0,0,0,0,0,0,0,0,0,0,0,10098,3958,489,123,2.35,6065,3618,155,140,3.58,0,0,0,0,0,0,0,0,0,0
1541,Paul McEwan,New Zealand,72,Batsman ,Right Handed Bat ,Right-arm medium,4,17,0,0,7,15,0,0,96,204,0,0,222,346,0,0,40,41,0,0,16,13.6,0,0,43.25,58.96,0,0,6,11,0,0,0,0,0,0,1,0,0,0,0,0,0,0,0,0,0,0,0,0,0,0,36,13,1,0,2.17,420,353,2,6,5.04,0,0,0,0,0,0,0,0,0,0
1542,John Reid,New Zealand,70,Batsman ,Left Handed Bat ,Right-arm legbreak,19,25,0,0,31,24,0,0,1296,633,0,0,3616,1084,0,0,180,88,0,0,46.29,27.52,0,0,35.85,58.40,0,0,133,29,0,0,1,2,0,0,4,0,0,0,2,4,0,0,6,0,0,0,0,0,0,0,18,7,1,0,2.33,0,0,0,0,0,0,0,0,0,0,0,0,0,0,0
1543,Martin Snedden,New Zealand,67,Batsman ,Left Handed Bat ,Right-arm fast-medium,25,93,0,0,30,54,0,0,327,535,0,0,1168,843,0,0,33,64,0,0,14.86,15.29,0,0,28.00,63.47,0,0,35,32,0,0,0,1,0,0,6,4,0,0,0,1,0,0,0,0,0,0,0,0,0,0,4775,2199,194,58,2.76,4525,3237,70,114,4.29,0,0,0,0,0,0,0,0,0,0
1544,Ian Smith,New Zealand,69,Batsman ,Right Handed Bat,,63,98,0,0,88,77,0,0,1815,1055,0,0,2873,1061,0,0,173,62,0,0,25.56,17.3,0,0,63.18,99.44,0,0,231,93,0,0,7,10,0,0,7,7,0,0,6,3,0,0,2,0,0,0,0,0,0,0,18,5,1,0,1.67,0,0,0,0,0,0,0,0,0,0,0,0,0,0,0
1545,Gary Robertson,New Zealand,65,Batsman ,Right Handed Bat ,Right-arm fast-medium,1,10,0,0,1,6,0,0,12,49,0,0,35,48,0,0,12,17,0,0,12,8.17,0,0,34.29,102.09,0,0,2,1,0,0,0,0,0,0,0,1,0,0,0,0,0,0,0,0,0,0,0,0,0,0,144,91,6,1,3.79,498,321,8,6,3.87,0,0,0,0,0,0,0,0,0,0
1546,Martin Crowe,New Zealand,53,Batsman ,Right Handed Bat ,Right-arm medium,77,143,0,0,131,140,0,0,5444,4704,0,0,12190,6476,0,0,299,107,0,0,45.37,38.24,0,0,44.66,72.64,0,0,659,378,0,0,27,29,0,0,9,3,0,0,18,34,0,0,17,4,0,0,1,0,0,0,1377,676,52,14,2.95,1296,954,21,29,4.42,0,0,0,0,0,0,0,0,0,0
1547,Bruce Blair,New Zealand,68,Batsman ,Left Handed Bat ,Right-arm medium,0,14,0,0,0,14,0,0,0,174,0,0,0,253,0,0,0,29,0,0,0,14.5,0,0,0,68.78,0,0,0,12,0,0,0,1,0,0,0,2,0,0,0,0,0,0,0,0,0,0,0,0,0,0,0,0,0,0,0,30,34,0,1,6.8,0,0,0,0,0,0,0,0,0,0
1548,Jeff Crowe,New Zealand,67,Batsman ,Right Handed Bat,,39,75,0,0,65,71,0,0,1601,1518,0,0,4659,2456,0,0,128,88,0,0,26.25,25.73,0,0,34.37,61.81,0,0,183,110,0,0,4,12,0,0,6,6,0,0,6,7,0,0,3,0,0,0,0,0,0,0,18,9,1,0,3,6,1,0,0,1,0,0,0,0,0,0,0,0,0,0
1549,Peter Webb,New Zealand,68,Batsman ,Right Handed Bat,,2,5,0,0,3,5,0,0,11,38,0,0,86,101,0,0,5,10,0,0,3.67,9.5,0,0,12.80,37.63,0,0,0,4,0,0,0,0,0,0,0,0,0,0,0,0,0,0,0,0,0,0,0,0,0,0,0,0,0,0,0,0,0,0,0,0,0,0,0,0,0,0,0,0,0,0
1550,Richard Webb,New Zealand,73,Batsman ,Right Handed Bat ,Right-arm fast-medium,0,3,0,0,0,1,0,0,0,6,0,0,0,10,0,0,0,6,0,0,0,0,0,0,0,60.00,0,0,0,1,0,0,0,0,0,0,0,0,0,0,0,0,0,0,0,0,0,0,0,0,0,0,0,0,0,0,0,161,105,1,4,3.91,0,0,0,0,0,0,0,0,0,0
1551,Trevor Franklin,New Zealand,64,Batsman ,Right Handed Bat ,Right-arm medium,21,3,0,0,37,3,0,0,828,27,0,0,3131,89,0,0,101,21,0,0,23,9,0,0,26.45,30.34,0,0,83,0,0,0,1,0,0,0,2,1,0,0,4,0,0,0,1,0,0,0,0,0,0,0,0,0,0,0,0,0,0,0,0,0,0,0,0,0,0,0,0,0,0,0
1552,John Bracewell,New Zealand,68,Batsman ,Right Handed Bat ,Right-arm offbreak,41,53,0,0,60,43,0,0,1001,512,0,0,2503,717,0,0,110,43,0,0,20.43,16.52,0,0,40.00,71.41,0,0,82,36,0,0,4,3,0,0,13,6,0,0,4,0,0,0,1,0,0,0,0,0,0,0,8403,3653,360,102,2.61,2447,1884,20,33,4.62,0,0,0,0,0,0,0,0,0,0
1553,Derek Stirling,New Zealand,64,Batsman ,Right Handed Bat ,Right-arm fast-medium,6,6,0,0,9,5,0,0,108,21,0,0,294,39,0,0,26,13,0,0,15.43,7,0,0,36.74,53.85,0,0,11,1,0,0,3,0,0,0,0,0,0,0,0,0,0,0,0,0,0,0,0,0,0,0,902,601,24,13,4,246,207,2,6,5.05,0,0,0,0,0,0,0,0,0,0
1554,Evan Gray,New Zealand,71,Batsman ,Right Handed Bat ,Left-arm orthodox,10,10,0,0,16,7,0,0,248,98,0,0,947,230,0,0,50,38,0,0,15.5,16.33,0,0,26.19,42.61,0,0,20,6,0,0,0,0,0,0,0,0,0,0,1,0,0,0,0,0,0,0,0,0,0,0,2076,886,87,17,2.56,386,286,5,8,4.45,0,0,0,0,0,0,0,0,0,0
1555,Ron Hart,New Zealand,64,Batsman ,Right Handed Bat ,Right-arm offbreak,0,1,0,0,0,1,0,0,0,3,0,0,0,29,0,0,0,3,0,0,0,3,0,0,0,10.35,0,0,0,0,0,0,0,0,0,0,0,0,0,0,0,0,0,0,0,0,0,0,0,0,0,0,0,0,0,0,0,0,0,0,0,0,0,0,0,0,0,0,0,0,0,0
1556,Ken Rutherford,New Zealand,60,Batsman ,Right Handed Bat ,Right-arm medium,56,121,0,0,99,115,0,0,2465,3143,0,0,5354,4888,0,0,107,108,0,0,27.09,29.37,0,0,46.05,64.31,0,0,314,223,0,0,15,17,0,0,16,7,0,0,18,18,0,0,3,2,0,0,0,0,0,0,256,161,3,1,3.77,389,323,0,10,4.98,0,0,0,0,0,0,0,0,0,0
1557,Ervin McSweeney,New Zealand,69,Batsman ,Right Handed Bat,,0,16,0,0,0,14,0,0,0,73,0,0,0,119,0,0,0,18,0,0,0,8.11,0,0,0,61.35,0,0,0,3,0,0,0,2,0,0,0,2,0,0,0,0,0,0,0,0,0,0,0,0,0,0,0,0,0,0,0,0,0,0,0,0,0,0,0,0,0,0,0,0,0,0
1558,Stu Gillespie,New Zealand,69,Batsman ,Right Handed Bat ,Right-arm fast-medium,1,19,0,0,1,11,0,0,28,70,0,0,81,106,0,0,28,18,0,0,28,11.67,0,0,34.57,66.04,0,0,2,4,0,0,0,1,0,0,0,1,0,0,0,0,0,0,0,0,0,0,0,0,0,0,162,79,2,1,2.93,963,736,12,23,4.59,0,0,0,0,0,0,0,0,0,0
1559,Tony Blain,New Zealand,64,Batsman ,Right Handed Bat ,Right-arm legbreak,11,38,0,0,20,38,0,0,456,442,0,0,1201,662,0,0,78,49,0,0,26.82,16.37,0,0,37.97,66.77,0,0,62,27,0,0,4,4,0,0,2,6,0,0,2,0,0,0,0,0,0,0,0,0,0,0,0,0,0,0,0,0,0,0,0,0,0,0,0,0,0,0,0,0,0,0
1560,Willie Watson,New Zealand,60,Batsman ,Right Handed Bat ,Right-arm fast-medium,15,61,0,0,18,24,0,0,60,86,0,0,243,180,0,0,11,21,0,0,5,7.82,0,0,24.70,47.78,0,0,7,6,0,0,0,3,0,0,3,3,0,0,0,0,0,0,0,0,0,0,0,0,0,0,3486,1387,182,40,2.39,3251,2247,49,74,4.15,0,0,0,0,0,0,0,0,0,0
1561,Phil Horne,New Zealand,66,Batsman ,Left Handed Bat,,4,4,0,0,7,4,0,0,71,50,0,0,289,122,0,0,27,18,0,0,10.14,12.5,0,0,24.57,40.99,0,0,7,3,0,0,0,0,0,0,2,1,0,0,0,0,0,0,0,0,0,0,0,0,0,0,0,0,0,0,0,0,0,0,0,0,0,0,0,0,0,0,0,0,0,0
1562,Dipak Patel,New Zealand,67,Batsman ,Right Handed Bat ,Right-arm offbreak,37,75,0,0,66,63,0,0,1200,623,0,0,2830,868,0,0,99,71,0,0,20.69,11.75,0,0,42.41,71.78,0,0,119,37,0,0,8,7,0,0,10,6,0,0,5,1,0,0,0,0,0,0,0,0,0,0,6594,3154,253,75,2.87,3251,2261,30,45,4.17,0,0,0,0,0,0,0,0,0,0
1563,Andrew Jones,New Zealand,67,Batsman ,Right Handed Bat ,Right-arm offbreak,39,87,0,0,74,87,0,0,2922,2784,0,0,7443,4811,0,0,186,93,0,0,43.61,35.69,0,0,39.26,57.87,0,0,245,199,0,0,8,8,0,0,2,4,0,0,11,25,0,0,7,0,0,0,0,0,0,0,328,194,8,1,3.55,306,216,1,4,4.24,0,0,0,0,0,0,0,0,0,0
1564,Danny Morrison,New Zealand,60,Batsman ,Right Handed Bat ,Right-arm fast-medium,48,96,0,0,71,43,0,0,379,171,0,0,1696,400,0,0,42,20,0,0,8.42,9,0,0,22.35,42.75,0,0,35,8,0,0,1,2,0,0,24,7,0,0,0,0,0,0,0,0,0,0,0,0,0,0,10064,5549,313,160,3.31,4586,3470,49,126,4.54,0,0,0,0,0,0,0,0,0,0
1565,Vaughan Brown,New Zealand,66,Batsman ,Left Handed Bat ,Right-arm offbreak,2,3,0,0,3,3,0,0,51,44,0,0,164,85,0,0,36,32,0,0,25.5,14.67,0,0,31.10,51.77,0,0,3,3,0,0,0,0,0,0,1,0,0,0,0,0,0,0,0,0,0,0,0,0,0,0,342,176,13,1,3.09,66,75,0,1,6.82,0,0,0,0,0,0,0,0,0,0
1566,Mark Greatbatch,New Zealand,62,Batsman ,Left Handed Bat ,Right-arm medium,41,84,0,0,71,83,0,0,2021,2206,0,0,4946,3099,0,0,146,111,0,0,30.62,28.28,0,0,40.87,71.19,0,0,227,177,0,0,10,38,0,0,9,7,0,0,10,13,0,0,3,2,0,0,0,0,0,0,6,0,1,0,0,6,5,0,0,5,0,0,0,0,0,0,0,0,0,0
1567,Chris Kuggeleijn,New Zealand,70,Batsman ,Right Handed Bat ,Right-arm offbreak,2,16,0,0,4,11,0,0,7,142,0,0,27,223,0,0,7,40,0,0,1.75,15.78,0,0,25.93,63.68,0,0,1,7,0,0,0,1,0,0,3,1,0,0,0,0,0,0,0,0,0,0,0,0,0,0,97,67,2,1,4.14,817,604,5,12,4.44,0,0,0,0,0,0,0,0,0,0
1568,Richard Reid,New Zealand,67,Batsman ,Right Handed Bat,,0,9,0,0,0,9,0,0,0,248,0,0,0,448,0,0,0,64,0,0,0,27.56,0,0,0,55.36,0,0,0,25,0,0,0,1,0,0,0,0,0,0,0,2,0,0,0,0,0,0,0,0,0,0,0,0,0,0,0,7,13,0,1,11.14,0,0,0,0,0,0,0,0,0,0
1569,Bert Vance,New Zealand,71,Batsman ,Right Handed Bat ,Right-arm offbreak,4,8,0,0,7,8,0,0,207,248,0,0,646,481,0,0,68,96,0,0,29.57,31,0,0,32.05,51.56,0,0,22,10,0,0,0,3,0,0,0,0,0,0,1,1,0,0,0,0,0,0,0,0,0,0,0,0,0,0,0,0,0,0,0,0,0,0,0,0,0,0,0,0,0,0
1570,Gavin Larsen,New Zealand,63,Batsman ,Right Handed Bat ,Right-arm medium,8,121,0,0,13,70,0,0,127,629,0,0,495,970,0,0,26,37,0,0,14.11,14.63,0,0,25.66,64.85,0,0,17,29,0,0,0,9,0,0,2,6,0,0,0,0,0,0,0,0,0,0,0,0,0,0,1967,689,109,24,2.1,6368,4000,90,113,3.77,0,0,0,0,0,0,0,0,0,0
1571,Stu Roberts,New Zealand,61,Batsman ,Right Handed Bat ,Right-arm fast-medium,0,2,0,0,0,1,0,0,0,1,0,0,0,2,0,0,0,1,0,0,0,0,0,0,0,50.00,0,0,0,0,0,0,0,0,0,0,0,0,0,0,0,0,0,0,0,0,0,0,0,0,0,0,0,0,0,0,0,42,47,0,0,6.71,0,0,0,0,0,0,0,0,0,0
1572,Shane Thomson,New Zealand,57,Batsman ,Right Handed Bat,,19,56,0,0,35,52,0,0,958,964,0,0,2113,1427,0,0,120,83,0,0,30.9,22.95,0,0,45.34,67.56,0,0,133,63,0,0,6,8,0,0,3,2,0,0,5,5,0,0,1,0,0,0,0,0,0,0,1990,953,74,19,2.87,2121,1602,21,42,4.53,0,0,0,0,0,0,0,0,0,0
1573,Mark Priest,New Zealand,64,Batsman ,Left Handed Bat ,Left-arm orthodox,3,18,0,0,4,14,0,0,56,103,0,0,181,225,0,0,26,24,0,0,14,10.3,0,0,30.94,45.78,0,0,6,1,0,0,0,0,0,0,0,2,0,0,0,0,0,0,0,0,0,0,0,0,0,0,377,158,15,3,2.51,752,590,5,8,4.71,0,0,0,0,0,0,0,0,0,0
1574,Chris Pringle,New Zealand,58,Batsman ,Right Handed Bat ,Right-arm fast-medium,14,64,0,0,21,41,0,0,175,193,0,0,345,256,0,0,30,34,0,0,10.29,8.77,0,0,50.73,75.40,0,0,23,8,0,0,3,5,0,0,7,3,0,0,0,0,0,0,0,0,0,0,0,0,0,0,2985,1389,113,30,2.79,3314,2459,36,103,4.45,0,0,0,0,0,0,0,0,0,0
1575,David White,New Zealand,64,Batsman ,Right Handed Bat ,Right-arm offbreak,2,3,0,0,4,3,0,0,31,37,0,0,93,97,0,0,18,15,0,0,7.75,12.33,0,0,33.34,38.15,0,0,3,1,0,0,0,0,0,0,0,0,0,0,0,0,0,0,0,0,0,0,0,0,0,0,3,5,0,0,0,0,0,0,0,0,0,0,0,0,0,0,0,0,0,0
1576,Grant Bradburn,New Zealand,59,Batsman ,Right Handed Bat ,Right-arm offbreak,7,11,0,0,10,10,0,0,105,60,0,0,374,130,0,0,30,30,0,0,13.13,8.57,0,0,28.08,46.16,0,0,11,1,0,0,0,0,0,0,1,1,0,0,0,0,0,0,0,0,0,0,0,0,0,0,867,460,28,6,3.18,385,318,5,6,4.96,0,0,0,0,0,0,0,0,0,0
1577,Chris Harris,New Zealand,56,Batsman ,Left Handed Bat ,Right-arm medium,23,250,0,0,42,213,0,0,777,4379,0,0,2305,6583,0,0,71,130,0,0,20.45,29,0,0,33.71,66.52,0,0,87,275,0,0,2,43,0,0,9,12,0,0,5,16,0,0,0,1,0,0,0,0,0,0,2560,1170,106,16,2.74,10667,7613,82,203,4.28,0,0,0,0,0,0,0,0,0,0
1578,Richard Petrie,New Zealand,58,Batsman ,Right Handed Bat ,Right-arm fast-medium,0,12,0,0,0,8,0,0,0,65,0,0,0,109,0,0,0,21,0,0,0,13,0,0,0,59.64,0,0,0,2,0,0,0,0,0,0,0,1,0,0,0,0,0,0,0,0,0,0,0,0,0,0,0,0,0,0,0,660,449,7,12,4.08,0,0,0,0,0,0,0,0,0,0
1579,Rod Latham,New Zealand,64,Batsman ,Right Handed Bat ,Right-arm medium,4,33,0,0,7,33,0,0,219,583,0,0,447,1008,0,0,119,60,0,0,31.29,20.1,0,0,49.00,57.84,0,0,27,50,0,0,1,1,0,0,1,3,0,0,0,1,0,0,1,0,0,0,0,0,0,0,18,6,2,0,2,450,386,2,11,5.15,0,0,0,0,0,0,0,0,0,0
1580,Bryan Young,New Zealand,61,Batsman ,Right Handed Bat,,35,74,0,0,68,73,0,0,2034,1668,0,0,5222,2733,0,0,267,74,0,0,31.78,24.53,0,0,38.96,61.04,0,0,232,164,0,0,1,2,0,0,5,5,0,0,12,9,0,0,2,0,0,0,1,0,0,0,0,0,0,0,0,0,0,0,0,0,0,0,0,0,0,0,0,0,0,0
1581,Murphy Sua,New Zealand,59,Batsman ,Left Handed Bat ,Left-arm fast-medium,13,12,0,0,18,7,0,0,165,24,0,0,517,56,0,0,44,12,0,0,12.69,4.8,0,0,31.92,42.86,0,0,21,1,0,0,1,0,0,0,5,0,0,0,0,0,0,0,0,0,0,0,0,0,0,0,2843,1377,92,36,2.91,463,367,6,9,4.76,0,0,0,0,0,0,0,0,0,0
1582,Simon Doull,New Zealand,56,Batsman ,Right Handed Bat ,Right-arm medium,32,42,0,0,50,27,0,0,570,172,0,0,852,188,0,0,46,22,0,0,14.62,12.29,0,0,66.91,91.49,0,0,76,12,0,0,9,5,0,0,10,2,0,0,0,0,0,0,0,0,0,0,0,0,0,0,6053,2872,251,98,2.85,1745,1459,25,36,5.02,0,0,0,0,0,0,0,0,0,0
1583,Dion Nash,New Zealand,54,Batsman ,Right Handed Bat ,Right-arm fast-medium,32,81,0,0,45,53,0,0,729,624,0,0,2102,940,0,0,89,42,0,0,23.52,15.6,0,0,34.69,66.39,0,0,65,28,0,0,4,5,0,0,5,3,0,0,4,0,0,0,0,0,0,0,0,0,0,0,6196,2649,312,93,2.57,3416,2622,37,64,4.61,0,0,0,0,0,0,0,0,0,0
1584,Adam Parore,New Zealand,55,Batsman ,Right Handed Bat,,78,179,0,0,128,161,0,0,2865,3314,0,0,7399,4867,0,0,110,108,0,0,26.28,25.69,0,0,38.73,68.10,0,0,316,169,0,0,12,36,0,0,6,19,0,0,14,14,0,0,2,1,0,0,0,0,0,0,0,0,0,0,0,0,0,0,0,0,0,0,0,0,0,0,0,0,0,0
1585,Blair Hartland,New Zealand,59,Batsman ,Right Handed Bat,,9,16,0,0,18,16,0,0,303,311,0,0,967,623,0,0,52,68,0,0,16.83,20.73,0,0,31.34,49.92,0,0,35,28,0,0,0,0,0,0,3,1,0,0,1,2,0,0,0,0,0,0,0,0,0,0,0,0,0,0,0,0,0,0,0,0,0,0,0,0,0,0,0,0,0,0
1586,Justin Vaughan,New Zealand,58,Batsman ,Left Handed Bat ,Right-arm medium,6,18,0,0,12,16,0,0,201,162,0,0,757,261,0,0,44,33,0,0,18.27,18,0,0,26.56,62.07,0,0,21,7,0,0,0,0,0,0,0,0,0,0,0,0,0,0,0,0,0,0,0,0,0,0,1040,450,41,11,2.6,696,524,7,15,4.52,0,0,0,0,0,0,0,0,0,0
1587,Mark Haslam,New Zealand,53,Batsman ,Left Handed Bat ,Left-arm orthodox,4,1,0,0,2,1,0,0,4,9,0,0,35,18,0,0,3,9,0,0,4,9,0,0,11.43,50.00,0,0,0,0,0,0,0,0,0,0,0,0,0,0,0,0,0,0,0,0,0,0,0,0,0,0,493,245,19,2,2.98,30,28,0,1,5.6,0,0,0,0,0,0,0,0,0,0
1588,Jonathan Millmow,New Zealand,58,Batsman ,Right Handed Bat ,Right-arm fast-medium,0,5,0,0,0,1,0,0,0,0,0,0,0,3,0,0,0,0,0,0,0,0,0,0,0,0.00,0,0,0,0,0,0,0,0,0,0,0,0,0,0,0,0,0,0,0,0,0,0,0,0,0,0,0,0,0,0,0,270,232,1,4,5.16,0,0,0,0,0,0,0,0,0,0
1589,Michael Owens,New Zealand,56,Batsman ,Right Handed Bat ,Right-arm fast-medium,8,1,0,0,12,1,0,0,16,0,0,0,131,3,0,0,8,0,0,0,2.67,0,0,0,12.22,0.00,0,0,2,0,0,0,0,0,0,0,5,1,0,0,0,0,0,0,0,0,0,0,0,0,0,0,1074,585,42,17,3.27,48,37,0,0,4.63,0,0,0,0,0,0,0,0,0,0
1590,Jeff Wilson,New Zealand,52,Batsman ,Right Handed Bat ,Right-arm fast-medium,0,6,1,0,0,6,1,0,0,103,18,0,0,112,14,0,0,44,18,0,0,20.6,18,0,0,91.97,128.58,0,0,7,2,0,0,1,0,0,0,1,0,0,0,0,0,0,0,0,0,0,0,0,0,0,0,0,0,0,0,242,260,0,4,6.45,24,43,0,0,10.75,0,0,0,0,0
1591,Richard de,New Zealand,63,Batsman ,Right Handed Bat ,Right-arm fast-medium,5,12,0,0,10,8,0,0,45,12,0,0,90,36,0,0,26,7,0,0,7.5,2.4,0,0,50.00,33.34,0,0,6,0,0,0,0,0,0,0,1,4,0,0,0,0,0,0,0,0,0,0,0,0,0,0,1060,505,44,11,2.86,549,478,4,8,5.22,0,0,0,0,0,0,0,0,0,0
1592,Matthew Hart,New Zealand,54,Batsman ,Left Handed Bat ,Left-arm orthodox,14,13,0,0,24,8,0,0,353,61,0,0,1045,101,0,0,45,16,0,0,17.65,7.63,0,0,33.78,60.40,0,0,45,3,0,0,0,1,0,0,3,1,0,0,0,0,0,0,0,0,0,0,0,0,0,0,3086,1438,127,29,2.8,572,373,5,13,3.91,0,0,0,0,0,0,0,0,0,0
1593,Mark Douglas,New Zealand,57,Batsman ,Left Handed Bat,,0,6,0,0,0,6,0,0,0,55,0,0,0,123,0,0,0,30,0,0,0,9.17,0,0,0,44.72,0,0,0,2,0,0,0,1,0,0,0,1,0,0,0,0,0,0,0,0,0,0,0,0,0,0,0,0,0,0,0,0,0,0,0,0,0,0,0,0,0,0,0,0,0,0
1594,Heath Davis,New Zealand,54,Batsman ,Right Handed Bat ,Right-arm fast,5,11,0,0,7,6,0,0,20,13,0,0,125,33,0,0,8,7,0,0,6.67,6.5,0,0,16.00,39.40,0,0,1,0,0,0,0,0,0,0,0,1,0,0,0,0,0,0,0,0,0,0,0,0,0,0,1010,499,26,17,2.96,432,436,1,11,6.06,0,0,0,0,0,0,0,0,0,0
1595,Darrin Murray,New Zealand,58,Batsman ,Right Handed Bat ,Right-arm medium,8,1,0,0,16,1,0,0,303,3,0,0,1027,17,0,0,52,3,0,0,20.2,3,0,0,29.51,17.65,0,0,34,0,0,0,0,0,0,0,3,0,0,0,1,0,0,0,0,0,0,0,0,0,0,0,0,0,0,0,0,0,0,0,0,0,0,0,0,0,0,0,0,0,0,0
1596,Lee Germon,New Zealand,57,Batsman ,Right Handed Bat ,Right-arm legbreak,12,37,0,0,21,31,0,0,382,519,0,0,978,787,0,0,55,89,0,0,21.22,19.96,0,0,39.06,65.95,0,0,54,28,0,0,1,1,0,0,3,2,0,0,1,3,0,0,0,0,0,0,0,0,0,0,0,0,0,0,0,0,0,0,0,0,0,0,0,0,0,0,0,0,0,0
1597,Roydon Hayes,New Zealand,55,Batsman ,Right Handed Bat ,Right-arm fast,0,1,0,0,0,1,0,0,0,13,0,0,0,25,0,0,0,13,0,0,0,13,0,0,0,52.00,0,0,0,1,0,0,0,0,0,0,0,0,0,0,0,0,0,0,0,0,0,0,0,0,0,0,0,0,0,0,0,42,31,0,0,4.43,0,0,0,0,0,0,0,0,0,0
1598,Roger Twose,New Zealand,58,Batsman ,Left Handed Bat ,Right-arm medium,16,87,0,0,27,81,0,0,628,2717,0,0,2073,3603,0,0,94,103,0,0,25.12,38.27,0,0,30.30,75.41,0,0,63,240,0,0,7,33,0,0,5,5,0,0,6,20,0,0,0,1,0,0,0,0,0,0,211,130,2,3,3.7,272,235,0,4,5.18,0,0,0,0,0,0,0,0,0,0
1599,Craig Spearman,New Zealand,53,Batsman ,Right Handed Bat,,19,51,0,0,37,50,0,0,922,936,0,0,2212,1202,0,0,112,86,0,0,26.34,18.72,0,0,41.69,77.88,0,0,115,123,0,0,4,9,0,0,3,6,0,0,3,5,0,0,1,0,0,0,0,0,0,0,0,0,0,0,0,3,6,0,0,0,0,0,0,0,0,0,0,0,0,0
1600,Robert Kennedy,New Zealand,53,Batsman ,Right Handed Bat ,Right-arm medium,4,7,0,0,5,4,0,0,28,17,0,0,46,15,0,0,22,8,0,0,7,17,0,0,60.87,113.34,0,0,4,2,0,0,0,0,0,0,2,0,0,0,0,0,0,0,0,0,0,0,0,0,0,0,636,380,17,6,3.58,312,283,2,5,5.44,0,0,0,0,0,0,0,0,0,0
1601,Geoff Allott,New Zealand,54,Batsman ,Right Handed Bat ,Left-arm fast-medium,10,31,0,0,15,11,0,0,27,17,0,0,269,56,0,0,8,7,0,0,3.38,3.4,0,0,10.04,30.36,0,0,1,0,0,0,0,0,0,0,4,2,0,0,0,0,0,0,0,0,0,0,0,0,0,0,2023,1111,62,19,3.3,1528,1207,17,52,4.74,0,0,0,0,0,0,0,0,0,0
1602,Matt Horne,New Zealand,55,Batsman ,Right Handed Bat ,Right-arm medium,35,50,0,0,65,48,0,0,1788,980,0,0,4384,1515,0,0,157,74,0,0,27.94,20.42,0,0,40.79,64.69,0,0,210,99,0,0,11,5,0,0,4,3,0,0,5,5,0,0,4,0,0,0,0,0,0,0,66,26,7,0,2.36,0,0,0,0,0,0,0,0,0,0,0,0,0,0,0
1603,Andrew Penn,New Zealand,51,Batsman ,Right Handed Bat ,Right-arm fast-medium,0,5,0,0,0,3,0,0,0,23,0,0,0,33,0,0,0,15,0,0,0,11.5,0,0,0,69.70,0,0,0,0,0,0,0,0,0,0,0,0,0,0,0,0,0,0,0,0,0,0,0,0,0,0,0,0,0,0,0,159,201,1,1,7.58,0,0,0,0,0,0,0,0,0,0
1604,Shayne OConnor,New Zealand,52,Batsman ,Left Handed Bat ,Left-arm fast-medium,19,38,0,0,27,13,0,0,103,24,0,0,524,91,0,0,20,8,0,0,5.72,3.43,0,0,19.66,26.38,0,0,7,1,0,0,0,1,0,0,4,3,0,0,0,0,0,0,0,0,0,0,0,0,0,0,3667,1724,149,53,2.82,1487,1396,10,46,5.63,0,0,0,0,0,0,0,0,0,0
1605,Llorne Howell,New Zealand,53,Batsman ,Right Handed Bat ,Right-arm medium,0,12,0,0,0,12,0,0,0,287,0,0,0,388,0,0,0,68,0,0,0,23.92,0,0,0,73.97,0,0,0,31,0,0,0,4,0,0,0,1,0,0,0,4,0,0,0,0,0,0,0,0,0,0,0,0,0,0,0,0,0,0,0,0,0,0,0,0,0,0,0,0,0,0
1606,Paul Wiseman,New Zealand,56,Batsman ,Right Handed Bat ,Right-arm offbreak,25,15,0,0,34,7,0,0,366,45,0,0,989,83,0,0,36,16,0,0,14.08,22.5,0,0,37.01,54.22,0,0,42,3,0,0,4,1,0,0,5,0,0,0,0,0,0,0,0,0,0,0,0,0,0,0,5660,2903,209,61,3.08,450,368,0,12,4.91,0,0,0,0,0,0,0,0,0,0
1607,Mark Bailey,New Zealand,55,Batsman ,Right Handed Bat ,Right-arm medium,0,1,0,0,0,0,0,0,0,0,0,0,0,0,0,0,0,0,0,0,0,0,0,0,0,0,0,0,0,0,0,0,0,0,0,0,0,0,0,0,0,0,0,0,0,0,0,0,0,0,0,0,0,0,0,0,0,0,0,0,0,0,0,0,0,0,0,0,0,0,0,0
1608,Alex Tait,New Zealand,53,Batsman ,Right Handed Bat ,Right-arm medium,0,5,0,0,0,5,0,0,0,35,0,0,0,32,0,0,0,13,0,0,0,11.67,0,0,0,109.38,0,0,0,2,0,0,0,1,0,0,0,0,0,0,0,0,0,0,0,0,0,0,0,0,0,0,0,0,0,0,0,120,88,0,3,4.4,0,0,0,0,0,0,0,0,0,0
1609,Chris Drum,New Zealand,51,Batsman ,Right Handed Bat ,Right-arm fast-medium,5,5,0,0,5,2,0,0,10,9,0,0,91,22,0,0,4,7,0,0,3.33,0,0,0,10.99,40.91,0,0,1,1,0,0,0,0,0,0,1,0,0,0,0,0,0,0,0,0,0,0,0,0,0,0,806,482,27,16,3.59,216,261,3,4,7.25,0,0,0,0,0,0,0,0,0,0
1610,Carl Bulfin,New Zealand,52,Batsman ,Right Handed Bat ,Right-arm fast-medium,0,4,0,0,0,2,0,0,0,9,0,0,0,8,0,0,0,7,0,0,0,9,0,0,0,112.50,0,0,0,0,0,0,0,1,0,0,0,0,0,0,0,0,0,0,0,0,0,0,0,0,0,0,0,0,0,0,0,102,109,1,0,6.41,0,0,0,0,0,0,0,0,0,0
1611,Warren Wisneski,New Zealand,57,Batsman ,Right Handed Bat ,Right-arm medium,0,3,0,0,0,2,0,0,0,10,0,0,0,17,0,0,0,6,0,0,0,10,0,0,0,58.83,0,0,0,1,0,0,0,0,0,0,0,0,0,0,0,0,0,0,0,0,0,0,0,0,0,0,0,0,0,0,0,114,123,0,0,6.47,0,0,0,0,0,0,0,0,0,0
1612,Mathew Sinclair,New Zealand,50,Batsman ,Right Handed Bat ,Right-arm medium,33,54,2,0,56,50,2,0,1635,1304,0,0,3795,2086,5,0,214,118,0,0,32.06,28.35,0,0,43.09,62.52,0.00,0,197,112,0,0,7,5,0,0,4,8,2,0,4,8,0,0,3,2,0,0,2,0,0,0,42,14,2,0,2,0,0,0,0,0,0,0,0,0,0,0,0,0,0,0
1613,Chris Nevin,New Zealand,50,Batsman ,Right Handed Bat,,0,37,0,0,0,36,0,0,0,732,0,0,0,1000,0,0,0,74,0,0,0,20.33,0,0,0,73.20,0,0,0,82,0,0,0,3,0,0,0,4,0,0,0,4,0,0,0,0,0,0,0,0,0,0,0,0,0,0,0,0,0,0,0,0,0,0,0,0,0,0,0,0,0,0
1614,Glen Sulzberger,New Zealand,53,Batsman ,Left Handed Bat ,Right-arm offbreak,0,3,0,0,0,2,0,0,0,9,0,0,0,15,0,0,0,6,0,0,0,9,0,0,0,60.00,0,0,0,0,0,0,0,0,0,0,0,0,0,0,0,0,0,0,0,0,0,0,0,0,0,0,0,0,0,0,0,132,102,0,3,4.64,0,0,0,0,0,0,0,0,0,0
1615,Brooke Walker,New Zealand,49,Batsman ,Right Handed Bat ,Right-arm legbreak,5,11,0,0,8,7,0,0,118,47,0,0,478,79,0,0,27,16,0,0,19.67,15.67,0,0,24.69,59.50,0,0,10,3,0,0,0,0,0,0,1,0,0,0,0,0,0,0,0,0,0,0,0,0,0,0,669,399,17,5,3.58,438,417,3,8,5.71,0,0,0,0,0,0,0,0,0,0
1616,Mark Richardson,New Zealand,54,Batsman ,Left Handed Bat ,Left-arm orthodox,38,4,0,0,65,4,0,0,2776,42,0,0,7370,97,0,0,145,26,0,0,44.77,10.5,0,0,37.67,43.30,0,0,344,4,0,0,4,0,0,0,1,1,0,0,19,0,0,0,4,0,0,0,0,0,0,0,66,21,0,1,1.91,0,0,0,0,0,0,0,0,0,0,0,0,0,0,0
1617,Robbie Hart,New Zealand,51,Batsman ,Right Handed Bat,,11,2,0,0,19,1,0,0,260,0,0,0,1012,9,0,0,57,0,0,0,16.25,0,0,0,25.70,0.00,0,0,18,0,0,0,0,0,0,0,4,1,0,0,1,0,0,0,0,0,0,0,0,0,0,0,0,0,0,0,0,0,0,0,0,0,0,0,0,0,0,0,0,0,0,0
1618,Richard Jones,New Zealand,52,Batsman ,Right Handed Bat,,1,5,0,0,2,5,0,0,23,168,0,0,91,329,0,0,16,63,0,0,11.5,33.6,0,0,25.28,51.07,0,0,1,14,0,0,0,2,0,0,0,0,0,0,0,1,0,0,0,0,0,0,0,0,0,0,0,0,0,0,0,0,0,0,0,0,0,0,0,0,0,0,0,0,0,0
1619,Matthew Walker,New Zealand,49,Batsman ,Right Handed Bat ,Right-arm medium,0,3,0,0,0,1,0,0,0,10,0,0,0,6,0,0,0,10,0,0,0,10,0,0,0,166.67,0,0,0,2,0,0,0,0,0,0,0,0,0,0,0,0,0,0,0,0,0,0,0,0,0,0,0,0,0,0,0,132,119,0,4,5.41,0,0,0,0,0,0,0,0,0,0
1620,Kerry Walmsley,New Zealand,52,Batsman ,Right Handed Bat ,Right-arm fast-medium,3,2,0,0,5,0,0,0,13,0,0,0,33,0,0,0,5,0,0,0,2.6,0,0,0,39.40,0,0,0,2,0,0,0,0,0,0,0,2,0,0,0,0,0,0,0,0,0,0,0,0,0,0,0,774,391,26,9,3.03,120,117,0,2,5.85,0,0,0,0,0,0,0,0,0,0
1621,Tama Canning,New Zealand,49,Batsman ,Right Handed Bat ,Right-arm fast-medium,0,4,0,0,0,4,0,0,0,52,0,0,0,73,0,0,0,23,0,0,0,17.33,0,0,0,71.24,0,0,0,1,0,0,0,2,0,0,0,1,0,0,0,0,0,0,0,0,0,0,0,0,0,0,0,0,0,0,0,204,203,1,5,5.97,0,0,0,0,0,0,0,0,0,0
1622,Lance Hamilton,New Zealand,53,Batsman ,Right Handed Bat ,Left-arm fast-medium,0,2,0,0,0,2,0,0,0,3,0,0,0,6,0,0,0,2,0,0,0,0,0,0,0,50.00,0,0,0,0,0,0,0,0,0,0,0,0,0,0,0,0,0,0,0,0,0,0,0,0,0,0,0,0,0,0,0,108,143,0,1,7.94,0,0,0,0,0,0,0,0,0,0
1623,Keith Boyce,West Indies,53,Batsman ,Right Handed Bat ,Right-arm fast-medium,21,8,0,0,30,4,0,0,657,57,0,0,631,77,0,0,95,34,0,0,24.33,14.25,0,0,104.13,74.03,0,0,79,5,0,0,5,0,0,0,4,0,0,0,4,0,0,0,0,0,0,0,0,0,0,0,3249,1801,99,60,3.33,456,313,4,13,4.12,0,0,0,0,0,0,0,0,0,0
1624,Maurice Foster,West Indies,83,Batsman ,Right Handed Bat ,Right-arm offbreak,14,2,0,0,24,1,0,0,580,25,0,0,72,62,0,0,125,25,0,0,30.53,25,0,0,805.56,40.33,0,0,41,4,0,0,0,0,0,0,0,0,0,0,1,0,0,0,1,0,0,0,0,0,0,0,1776,600,106,9,2.03,30,22,0,2,4.4,0,0,0,0,0,0,0,0,0,0
1625,Roy Fredericks,West Indies,57,Batsman ,Left Handed Bat ,Left-arm wrist-spin,59,12,0,0,109,12,0,0,4334,311,0,0,4344,440,0,0,169,105,0,0,42.49,25.92,0,0,99.77,70.69,0,0,425,27,0,0,8,1,0,0,7,0,0,0,26,1,0,0,8,1,0,0,0,0,0,0,1135,548,41,7,2.9,10,10,0,2,6,0,0,0,0,0,0,0,0,0,0
1626,Lance Gibbs,West Indies,91,Batsman ,Right Handed Bat ,Right-arm offbreak,79,3,0,0,109,1,0,0,488,0,0,0,579,0,0,0,25,0,0,0,6.97,0,0,0,84.29,0,0,0,24,0,0,0,0,0,0,0,15,0,0,0,0,0,0,0,0,0,0,0,0,0,0,0,25247,8989,1313,309,2.14,156,59,4,2,2.27,0,0,0,0,0,0,0,0,0,0
1627,Vanburn Holder,West Indies,80,Batsman ,Right Handed Bat ,Right-arm fast-medium,40,12,0,0,59,6,0,0,682,64,0,0,614,85,0,0,42,30,0,0,14.21,12.8,0,0,111.08,75.30,0,0,47,4,0,0,8,2,0,0,7,1,0,0,0,0,0,0,0,0,0,0,0,0,0,0,8763,3627,367,109,2.48,667,454,9,19,4.08,0,0,0,0,0,0,0,0,0,0
1628,Bernard Julien,West Indies,76,Batsman ,Right Handed Bat ,Left-arm fast-medium,24,12,0,0,34,8,0,0,866,86,0,0,836,148,0,0,121,26,0,0,30.93,14.33,0,0,103.59,58.11,0,0,78,6,0,0,7,0,0,0,0,1,0,0,3,0,0,0,2,0,0,0,0,0,0,0,4318,1868,192,50,2.6,762,463,21,18,3.65,0,0,0,0,0,0,0,0,0,0
1629,Alvin Kallicharran,West Indies,77,Batsman ,Left Handed Bat ,Right-arm offbreak,66,31,0,0,109,28,0,0,4399,826,0,0,4372,1329,0,0,187,78,0,0,44.43,34.42,0,0,100.62,62.16,0,0,466,67,0,0,12,3,0,0,10,0,0,0,21,6,0,0,12,0,0,0,0,0,0,0,402,158,14,4,2.36,105,64,3,3,3.66,0,0,0,0,0,0,0,0,0,0
1630,Rohan Kanhai,West Indies,90,Batsman ,Right Handed Bat ,Right-arm medium,79,7,0,0,137,5,0,0,6227,164,0,0,2604,273,0,0,256,55,0,0,47.53,54.67,0,0,239.14,60.08,0,0,561,19,0,0,23,1,0,0,7,0,0,0,28,2,0,0,15,0,0,0,2,0,0,0,181,85,8,0,2.82,0,0,0,0,0,0,0,0,0,0,0,0,0,0,0
1631,Sir Clive,West Indies,81,Batsman ,Left Handed Bat ,Right-arm medium,110,87,0,0,175,69,0,0,7515,1977,0,0,7489,2434,0,0,242,102,0,0,46.68,39.54,0,0,100.35,81.23,0,0,758,160,0,0,70,30,0,0,4,1,0,0,39,11,0,0,19,1,0,0,1,0,0,0,1638,622,75,10,2.28,352,210,7,8,3.58,0,0,0,0,0,0,0,0,0,0
1632,Deryck Murray,West Indies,83,Batsman ,Right Handed Bat,,62,26,0,0,96,17,0,0,1993,294,0,0,2224,468,0,0,91,61,0,0,22.91,24.5,0,0,89.62,62.83,0,0,160,18,0,0,7,2,0,0,7,0,0,0,11,2,0,0,0,0,0,0,0,0,0,0,0,0,0,0,0,0,0,0,0,0,0,0,0,0,0,0,0,0,0,0
1633,Sir Garry,West Indies,89,Batting Allrounder ,Left Handed Bat ,Left-arm fast-medium,93,1,0,0,160,1,0,0,8032,0,0,0,3867,6,0,0,365,0,0,0,57.78,0,0,0,207.71,0.00,0,0,719,0,0,0,32,0,0,0,12,1,0,0,30,0,0,0,26,0,0,0,2,0,0,0,20597,7999,974,235,2.33,63,31,3,1,2.95,0,0,0,0,0,0,0,0,0,0
1634,Ron Headley,West Indies,86,Batsman ,Left Handed Bat ,Right-arm legbreak,2,1,0,0,4,1,0,0,62,19,0,0,268,41,0,0,42,19,0,0,15.5,19,0,0,23.14,46.35,0,0,7,2,0,0,0,0,0,0,0,0,0,0,0,0,0,0,0,0,0,0,0,0,0,0,0,0,0,0,0,0,0,0,0,0,0,0,0,0,0,0,0,0,0,0
1635,David Murray,West Indies,75,Batsman ,Right Handed Bat,,19,10,0,0,31,7,0,0,601,45,0,0,984,131,0,0,84,35,0,0,21.46,9,0,0,61.08,34.36,0,0,35,6,0,0,0,0,0,0,3,1,0,0,3,0,0,0,0,0,0,0,0,0,0,0,0,0,0,0,0,0,0,0,0,0,0,0,0,0,0,0,0,0,0,0
1636,Sir Viv,West Indies,74,Batsman ,Right Handed Bat,,121,187,0,0,182,167,0,0,8540,6721,0,0,9922,7451,0,0,291,189,0,0,50.24,47,0,0,86.08,90.21,0,0,1051,600,0,0,84,126,0,0,10,7,0,0,45,45,0,0,24,11,0,0,3,0,0,0,5136,1964,203,32,2.29,5640,4228,26,118,4.5,0,0,0,0,0,0,0,0,0,0
1637,Sir Andy,West Indies,75,Bowler ,Right Handed Bat ,Right-arm fast,47,56,0,0,62,32,0,0,762,231,0,0,1303,357,0,0,68,37,0,0,14.94,10.04,0,0,58.49,64.71,0,0,54,12,0,0,22,3,0,0,6,3,0,0,3,0,0,0,0,0,0,0,0,0,0,0,10673,5174,382,202,2.91,3115,1771,76,87,3.41,0,0,0,0,0,0,0,0,0,0
1638,Sir Gordon,West Indies,75,Batsman ,Right Handed Bat ,Right-arm medium,108,128,0,0,185,127,0,0,7558,5134,0,0,12538,7908,0,0,226,133,0,0,44.72,45.04,0,0,60.29,64.93,0,0,884,470,0,0,67,81,0,0,11,3,0,0,34,31,0,0,19,11,0,0,4,0,0,0,24,4,3,0,1,60,45,0,1,4.5,0,0,0,0,0,0,0,0,0,0
1639,Lawrence Rowe,West Indies,77,Batsman ,Right Handed Bat ,Left-arm fast-medium,30,11,0,0,49,8,0,0,2047,136,0,0,2866,244,0,0,302,60,0,0,43.55,17,0,0,71.43,55.74,0,0,210,11,0,0,6,0,0,0,2,0,0,0,7,1,0,0,7,0,0,0,2,0,0,0,84,44,3,0,3.14,0,0,0,0,0,0,0,0,0,0,0,0,0,0,0
1640,Michael Holding,West Indies,72,Batsman ,Right Handed Bat ,Right-arm fast,60,102,0,0,76,42,0,0,910,282,0,0,1185,377,0,0,73,64,0,0,13.79,9.1,0,0,76.80,74.81,0,0,78,22,0,0,36,5,0,0,15,9,0,0,6,2,0,0,0,0,0,0,0,0,0,0,12402,5898,459,249,2.85,5473,3034,99,142,3.33,0,0,0,0,0,0,0,0,0,0
1641,Collis King,West Indies,74,Batsman ,Right Handed Bat ,Right-arm medium,9,18,0,0,16,14,0,0,418,280,0,0,663,267,0,0,100,86,0,0,32.15,23.33,0,0,63.05,104.87,0,0,48,20,0,0,5,8,0,0,3,2,0,0,2,1,0,0,1,0,0,0,0,0,0,0,582,282,24,3,2.91,744,529,7,11,4.27,0,0,0,0,0,0,0,0,0,0
1642,Colin Croft,West Indies,73,Batsman ,Right Handed Bat ,Right-arm fast,27,19,0,0,37,6,0,0,158,18,0,0,563,38,0,0,33,8,0,0,10.53,9,0,0,28.07,47.37,0,0,8,1,0,0,1,0,0,0,6,0,0,0,0,0,0,0,0,0,0,0,0,0,0,0,6165,2913,211,125,2.84,1070,620,21,30,3.48,0,0,0,0,0,0,0,0,0,0
1643,Joel Garner,West Indies,73,Batsman ,Right Handed Bat ,Right-arm fast,58,98,0,0,68,41,0,0,672,239,0,0,1148,360,0,0,60,37,0,0,12.44,9.19,0,0,58.54,66.39,0,0,55,6,0,0,15,4,0,0,17,5,0,0,1,0,0,0,0,0,0,0,0,0,0,0,13169,5433,576,259,2.48,5330,2752,141,146,3.1,0,0,0,0,0,0,0,0,0,0
1644,Richard Austin,West Indies,71,Batsman ,Right Handed Bat,,2,1,0,0,2,1,0,0,22,8,0,0,0,13,0,0,20,8,0,0,11,8,0,0,0,61.54,0,0,3,0,0,0,0,0,0,0,0,0,0,0,0,0,0,0,0,0,0,0,0,0,0,0,6,5,0,0,5,6,13,0,0,13,0,0,0,0,0,0,0,0,0,0
1645,Faoud Bacchus,West Indies,72,Batsman ,Right Handed Bat ,Right-arm medium,19,29,0,0,30,26,0,0,782,612,0,0,632,928,0,0,250,80,0,0,26.07,26.61,0,0,123.74,65.95,0,0,76,52,0,0,3,1,0,0,7,2,0,0,3,3,0,0,1,0,0,0,1,0,0,0,6,3,0,0,3,0,0,0,0,0,0,0,0,0,0,0,0,0,0,0
1646,Wayne Daniel,West Indies,70,Batsman ,Right Handed Bat ,Right-arm fast,10,18,0,0,11,5,0,0,46,49,0,0,79,56,0,0,11,16,0,0,6.57,49,0,0,58.23,87.50,0,0,2,4,0,0,2,0,0,0,2,0,0,0,0,0,0,0,0,0,0,0,0,0,0,0,1754,910,60,36,3.11,912,595,17,23,3.91,0,0,0,0,0,0,0,0,0,0
1647,Desmond Haynes,West Indies,70,Batsman ,Right Handed Bat,,116,238,0,0,202,237,0,0,7487,8648,0,0,15488,13707,0,0,184,152,0,0,42.3,41.38,0,0,48.35,63.10,0,0,830,768,0,0,24,53,0,0,10,13,0,0,39,57,0,0,18,17,0,0,0,0,0,0,18,8,0,1,2.67,30,24,0,0,4.8,0,0,0,0,0,0,0,0,0,0
1648,Irvine Shillingford,West Indies,82,Batsman ,Right Handed Bat ,Right-arm offbreak,4,2,0,0,7,2,0,0,218,30,0,0,0,38,0,0,120,24,0,0,31.14,15,0,0,0,78.95,0,0,18,4,0,0,1,0,0,0,0,0,0,0,0,0,0,0,1,0,0,0,0,0,0,0,0,0,0,0,0,0,0,0,0,0,0,0,0,0,0,0,0,0,0,0
1649,Sylvester Clarke,West Indies,44,Batsman ,Right Handed Bat ,Right-arm fast,11,10,0,0,16,8,0,0,172,60,0,0,173,58,0,0,35,20,0,0,15.64,10,0,0,99.43,103.45,0,0,12,3,0,0,8,3,0,0,2,1,0,0,0,0,0,0,0,0,0,0,0,0,0,0,2477,1170,81,42,2.83,524,245,13,13,2.81,0,0,0,0,0,0,0,0,0,0
1650,Larry Gomes,West Indies,72,Batsman ,Left Handed Bat,,60,83,0,0,91,64,0,0,3171,1415,0,0,5538,2578,0,0,143,101,0,0,39.64,28.3,0,0,57.26,54.89,0,0,258,73,0,0,2,4,0,0,5,5,0,0,13,6,0,0,9,1,0,0,0,0,0,0,2401,930,79,15,2.32,1345,1045,10,41,4.66,0,0,0,0,0,0,0,0,0,0
1651,Alvin Greenidge,West Indies,69,Batsman ,Right Handed Bat ,Right-arm medium,6,1,0,0,10,1,0,0,222,23,0,0,11,33,0,0,69,23,0,0,22.2,23,0,0,2018.19,69.70,0,0,21,4,0,0,1,0,0,0,2,0,0,0,2,0,0,0,0,0,0,0,0,0,0,0,0,0,0,0,0,0,0,0,0,0,0,0,0,0,0,0,0,0,0,0
1652,Derick Parry,West Indies,71,Batsman ,Right Handed Bat ,Right-arm offbreak,12,6,0,0,20,5,0,0,381,61,0,0,163,77,0,0,65,32,0,0,22.41,15.25,0,0,233.75,79.23,0,0,32,3,0,0,1,0,0,0,3,0,0,0,3,0,0,0,0,0,0,0,0,0,0,0,1909,936,65,23,2.94,330,259,2,11,4.71,0,0,0,0,0,0,0,0,0,0
1653,Norbert Phillip,West Indies,77,Batsman ,Right Handed Bat ,Right-arm fast-medium,9,1,0,0,15,1,0,0,297,0,0,0,48,5,0,0,47,0,0,0,29.7,0,0,0,618.75,0.00,0,0,21,0,0,0,2,0,0,0,1,1,0,0,0,0,0,0,0,0,0,0,0,0,0,0,1820,1041,46,28,3.43,42,22,0,1,3.14,0,0,0,0,0,0,0,0,0,0
1654,Sew Shivnarine,West Indies,74,Batsman ,Right Handed Bat ,Left-arm orthodox,8,1,0,0,14,1,0,0,379,20,0,0,0,43,0,0,63,20,0,0,29.15,0,0,0,0,46.52,0,0,37,1,0,0,0,0,0,0,2,0,0,0,4,0,0,0,0,0,0,0,0,0,0,0,336,167,10,1,2.98,18,16,0,0,5.33,0,0,0,0,0,0,0,0,0,0
1655,Malcolm Marshall,West Indies,41,Batsman ,Right Handed Bat ,Right-arm fast,81,136,0,0,107,83,0,0,1810,955,0,0,3163,1246,0,0,92,66,0,0,18.85,14.92,0,0,57.23,76.65,0,0,189,63,0,0,18,14,0,0,15,5,0,0,10,2,0,0,0,0,0,0,0,0,0,0,17584,7876,614,376,2.69,7175,4233,122,157,3.54,0,0,0,0,0,0,0,0,0,0
1656,Milton Pydanna,West Indies,76,Batsman ,Right Handed Bat,,0,3,0,0,0,1,0,0,0,2,0,0,0,3,0,0,0,2,0,0,0,0,0,0,0,66.67,0,0,0,0,0,0,0,0,0,0,0,0,0,0,0,0,0,0,0,0,0,0,0,0,0,0,0,0,0,0,0,0,0,0,0,0,0,0,0,0,0,0,0,0,0,0
1657,Everton Mattis,West Indies,69,Batsman ,Right Handed Bat ,Right-arm offbreak,4,2,0,0,5,2,0,0,145,86,0,0,401,190,0,0,71,62,0,0,29,43,0,0,36.16,45.27,0,0,20,6,0,0,1,0,0,0,1,0,0,0,1,1,0,0,0,0,0,0,0,0,0,0,36,14,1,0,2.33,0,0,0,0,0,0,0,0,0,0,0,0,0,0,0
1658,Jeff Dujon,West Indies,69,Batsman ,Right Handed Bat ,Right-arm medium,81,169,0,0,115,120,0,0,3322,1945,0,0,6356,2881,0,0,139,82,0,0,31.94,23.15,0,0,52.27,67.52,0,0,358,139,0,0,11,7,0,0,8,8,0,0,16,6,0,0,5,0,0,0,0,0,0,0,0,0,0,0,0,0,0,0,0,0,0,0,0,0,0,0,0,0,0,0
1659,Gus Logie,West Indies,65,Batsman ,Right Handed Bat ,Right-arm offbreak,52,158,0,0,78,133,0,0,2470,2809,0,0,3982,3801,0,0,130,109,0,0,35.8,28.96,0,0,62.03,73.91,0,0,305,209,0,0,9,9,0,0,8,13,0,0,16,14,0,0,2,1,0,0,0,0,0,0,7,4,1,0,3.43,24,18,0,0,4.5,0,0,0,0,0,0,0,0,0,0
1660,Winston Davis,West Indies,67,Batsman ,Right Handed Bat ,Right-arm fast,15,35,0,0,17,5,0,0,202,28,0,0,389,53,0,0,77,10,0,0,15.54,14,0,0,51.93,52.84,0,0,19,1,0,0,3,0,0,0,2,0,0,0,1,0,0,0,0,0,0,0,0,0,0,0,2773,1472,53,45,3.18,1923,1302,31,39,4.06,0,0,0,0,0,0,0,0,0,0
1661,Eldine Baptiste,West Indies,66,Batsman ,Right Handed Bat ,Right-arm fast-medium,10,43,0,0,11,16,0,0,233,184,0,0,437,241,0,0,87,31,0,0,23.3,15.33,0,0,53.32,76.35,0,0,27,9,0,0,1,0,0,0,1,0,0,0,1,0,0,0,0,0,0,0,0,0,0,0,1362,563,60,16,2.48,2214,1511,30,36,4.09,0,0,0,0,0,0,0,0,0,0
1662,Roger Harper,West Indies,63,Batsman ,Right Handed Bat ,Right-arm offbreak,25,105,0,0,32,73,0,0,535,855,0,0,1252,1162,0,0,74,45,0,0,18.45,16.13,0,0,42.74,73.59,0,0,52,53,0,0,9,18,0,0,5,5,0,0,3,0,0,0,0,0,0,0,0,0,0,0,3615,1291,183,46,2.14,5175,3431,47,100,3.98,0,0,0,0,0,0,0,0,0,0
1663,Richie Richardson,West Indies,64,Batsman ,Right Handed Bat ,Right-arm medium,86,224,0,0,146,217,0,0,5949,6248,0,0,12400,9801,0,0,194,122,0,0,44.4,33.23,0,0,47.98,63.75,0,0,761,541,0,0,23,54,0,0,8,8,0,0,27,44,0,0,16,5,0,0,0,0,0,0,66,18,4,0,1.64,58,46,0,1,4.76,0,0,0,0,0,0,0,0,0,0
1664,Richard Gabriel,West Indies,73,Batsman ,Right Handed Bat ,Right-arm offbreak,0,11,0,0,0,11,0,0,0,167,0,0,0,360,0,0,0,41,0,0,0,15.18,0,0,0,46.39,0,0,0,16,0,0,0,3,0,0,0,2,0,0,0,0,0,0,0,0,0,0,0,0,0,0,0,0,0,0,0,0,0,0,0,0,0,0,0,0,0,0,0,0,0,0
1665,Milton Small,West Indies,62,Batsman ,Right Handed Bat ,Right-arm fast-medium,2,2,0,0,1,0,0,0,3,0,0,0,3,0,0,0,3,0,0,0,0,0,0,0,100.00,0,0,0,0,0,0,0,0,0,0,0,0,0,0,0,0,0,0,0,0,0,0,0,0,0,0,0,270,153,7,4,3.4,84,54,0,1,3.86,0,0,0,0,0,0,0,0,0,0
1666,Thelston Payne,West Indies,69,Batsman ,Left Handed Bat,,1,7,0,0,1,4,0,0,5,126,0,0,6,240,0,0,5,60,0,0,5,31.5,0,0,83.34,52.50,0,0,0,11,0,0,0,0,0,0,0,0,0,0,0,1,0,0,0,0,0,0,0,0,0,0,0,0,0,0,0,0,0,0,0,0,0,0,0,0,0,0,0,0,0,0
1667,Courtney Walsh,West Indies,63,Bowler ,Right Handed Bat ,Right-arm fast,132,205,0,0,185,79,0,0,936,321,0,0,2088,451,0,0,30,30,0,0,7.55,6.98,0,0,44.83,71.18,0,0,77,23,0,0,19,9,0,0,43,11,0,0,0,0,0,0,0,0,0,0,0,0,0,0,30019,12688,1144,519,2.54,10822,6918,185,227,3.84,0,0,0,0,0,0,0,0,0,0
1668,Tony Gray,West Indies,63,Batsman ,Right Handed Bat ,Right-arm fast,5,25,0,0,8,11,0,0,48,51,0,0,134,77,0,0,12,10,0,0,8,8.5,0,0,35.83,66.24,0,0,5,4,0,0,0,0,0,0,2,1,0,0,0,0,0,0,0,0,0,0,0,0,0,0,888,377,37,22,2.55,1270,835,16,44,3.94,0,0,0,0,0,0,0,0,0,0
1669,Patrick Patterson,West Indies,64,Batsman ,Right Handed Bat ,Right-arm fast,28,59,0,0,38,20,0,0,145,44,0,0,404,101,0,0,21,13,0,0,6.59,8.8,0,0,35.90,43.57,0,0,18,1,0,0,0,1,0,0,8,1,0,0,0,0,0,0,0,0,0,0,0,0,0,0,4829,2874,109,93,3.57,3050,2206,37,90,4.34,0,0,0,0,0,0,0,0,0,0
1670,Carlisle Best,West Indies,67,Batsman ,Right Handed Bat,,8,24,0,0,13,23,0,0,342,473,0,0,735,690,0,0,164,100,0,0,28.5,24.89,0,0,46.54,68.56,0,0,39,39,0,0,2,4,0,0,1,2,0,0,1,2,0,0,1,1,0,0,0,0,0,0,30,21,0,0,4.2,19,12,0,0,3.79,0,0,0,0,0,0,0,0,0,0
1671,Winston Benjamin,West Indies,61,Batsman ,Right Handed Bat ,Right-arm fast,21,85,0,0,26,52,0,0,470,298,0,0,781,406,0,0,85,31,0,0,18.8,7.45,0,0,60.18,73.40,0,0,51,18,0,0,8,6,0,0,4,10,0,0,2,0,0,0,0,0,0,0,0,0,0,0,3694,1648,136,61,2.68,4442,3079,58,100,4.16,0,0,0,0,0,0,0,0,0,0
1672,Carl Hooper,West Indies,59,Batting Allrounder ,Right Handed Bat ,Right-arm offbreak,102,227,0,0,173,206,0,0,5762,5761,0,0,11462,7517,0,0,233,113,0,0,36.47,35.34,0,0,50.28,76.64,0,0,633,409,0,0,63,65,0,0,13,7,0,0,27,29,0,0,13,7,0,0,1,0,0,0,13794,5635,531,114,2.45,9573,6958,53,193,4.36,0,0,0,0,0,0,0,0,0,0
1673,Phil Simmons,West Indies,63,Batsman ,Right Handed Bat ,Right-arm medium,26,143,0,0,47,138,0,0,1002,3675,0,0,1933,5407,0,0,110,122,0,0,22.27,28.94,0,0,51.84,67.97,0,0,130,376,0,0,4,44,0,0,4,14,0,0,4,18,0,0,1,5,0,0,0,0,0,0,624,257,27,4,2.47,3880,2876,38,83,4.45,0,0,0,0,0,0,0,0,0,0
1674,David Williams,West Indies,62,Batsman ,Right Handed Bat ,Right-arm legbreak,11,36,0,0,19,23,0,0,242,147,0,0,754,242,0,0,65,32,0,0,13.44,9.19,0,0,32.10,60.75,0,0,22,11,0,0,0,0,0,0,7,4,0,0,1,0,0,0,0,0,0,0,0,0,0,0,0,0,0,0,0,0,0,0,0,0,0,0,0,0,0,0,0,0,0,0
1675,Sir Curtly,West Indies,62,Batsman ,Left Handed Bat ,Right-arm fast,98,176,0,0,145,96,0,0,1439,639,0,0,3080,985,0,0,53,31,0,0,12.41,10.65,0,0,46.73,64.88,0,0,172,39,0,0,12,10,0,0,26,13,0,0,1,0,0,0,0,0,0,0,0,0,0,0,22103,8501,1001,405,2.31,9353,5429,192,225,3.48,0,0,0,0,0,0,0,0,0,0
1676,Ian Bishop,West Indies,58,Batsman ,Right Handed Bat ,Right-arm fast,43,84,0,0,63,44,0,0,632,405,0,0,1743,776,0,0,48,33,0,0,12.15,16.2,0,0,36.26,52.20,0,0,62,14,0,0,2,5,0,0,10,3,0,0,0,0,0,0,0,0,0,0,0,0,0,0,8407,3909,288,161,2.79,4332,3127,49,118,4.33,0,0,0,0,0,0,0,0,0,0
1677,Keith Arthurton,West Indies,61,Batsman ,Left Handed Bat ,Left-arm orthodox,33,105,0,0,50,93,0,0,1382,1904,0,0,3396,2822,0,0,157,84,0,0,30.71,26.08,0,0,40.70,67.47,0,0,145,132,0,0,17,19,0,0,8,12,0,0,8,9,0,0,2,0,0,0,0,0,0,0,473,183,14,1,2.32,1384,1159,4,42,5.02,0,0,0,0,0,0,0,0,0,0
1678,Robert Haynes,West Indies,61,Batsman ,Left Handed Bat ,Right-arm legbreak,0,8,0,0,0,6,0,0,0,26,0,0,0,66,0,0,0,18,0,0,0,5.2,0,0,0,39.40,0,0,0,1,0,0,0,0,0,0,0,2,0,0,0,0,0,0,0,0,0,0,0,0,0,0,0,0,0,0,0,270,224,1,5,4.98,0,0,0,0,0,0,0,0,0,0
1679,Ezra Moseley,West Indies,68,Batsman ,Right Handed Bat ,Right-arm fast-medium,2,9,0,0,4,6,0,0,35,7,0,0,60,15,0,0,26,2,0,0,8.75,1.75,0,0,58.34,46.67,0,0,5,0,0,0,0,0,0,0,1,2,0,0,0,0,0,0,0,0,0,0,0,0,0,0,522,261,13,6,3,330,278,2,7,5.05,0,0,0,0,0,0,0,0,0,0
1680,Philo Wallace,West Indies,55,Batsman ,Right Handed Bat ,Right-arm medium,7,33,0,0,13,33,0,0,279,701,0,0,482,1151,0,0,92,103,0,0,21.46,21.24,0,0,57.89,60.91,0,0,40,81,0,0,2,14,0,0,1,4,0,0,2,2,0,0,0,1,0,0,0,0,0,0,0,0,0,0,0,0,0,0,0,0,0,0,0,0,0,0,0,0,0,0
1681,Kenny Benjamin,West Indies,59,Batsman ,Right Handed Bat ,Right-arm fast,26,26,0,0,36,13,0,0,222,65,0,0,534,80,0,0,43,17,0,0,7.93,10.83,0,0,41.58,81.25,0,0,28,3,0,0,1,0,0,0,8,1,0,0,0,0,0,0,0,0,0,0,0,0,0,0,5132,2785,158,92,3.26,1319,923,12,33,4.2,0,0,0,0,0,0,0,0,0,0
1682,Junior Murray,West Indies,58,Batsman ,Right Handed Bat,,33,55,0,0,45,36,0,0,918,678,0,0,1670,929,0,0,101,86,0,0,22.39,22.6,0,0,54.98,72.99,0,0,102,63,0,0,6,6,0,0,9,4,0,0,3,5,0,0,1,0,0,0,0,0,0,0,0,0,0,0,0,0,0,0,0,0,0,0,0,0,0,0,0,0,0,0
1683,Jimmy Adams,West Indies,58,Batsman ,Left Handed Bat ,Left-arm orthodox,54,127,0,0,90,105,0,0,3012,2204,0,0,8017,3614,0,0,208,82,0,0,41.26,28.62,0,0,37.58,60.99,0,0,313,148,0,0,4,3,0,0,7,7,0,0,14,14,0,0,6,0,0,0,1,0,0,0,2853,1336,96,27,2.81,1856,1499,12,43,4.85,0,0,0,0,0,0,0,0,0,0
1684,Roland Holder,West Indies,58,Batsman ,Right Handed Bat ,Right-arm medium,11,37,0,0,17,31,0,0,380,599,0,0,964,876,0,0,91,65,0,0,25.33,23.96,0,0,39.42,68.38,0,0,41,35,0,0,1,3,0,0,1,4,0,0,2,2,0,0,0,0,0,0,0,0,0,0,0,0,0,0,0,0,0,0,0,0,0,0,0,0,0,0,0,0,0,0
1685,Cameron Cuffy,West Indies,56,Batsman ,Right Handed Bat ,Right-arm fast,15,41,0,0,23,22,0,0,58,62,0,0,255,125,0,0,15,17,0,0,4.14,4.43,0,0,22.75,49.60,0,0,5,3,0,0,0,1,0,0,6,5,0,0,0,0,0,0,0,0,0,0,0,0,0,0,3366,1455,145,43,2.59,2153,1436,41,41,4,0,0,0,0,0,0,0,0,0,0
1686,Stuart Williams,West Indies,56,Batsman ,Right Handed Bat ,Right-arm medium,31,57,0,0,52,55,0,0,1183,1586,0,0,2367,2402,0,0,128,105,0,0,24.14,32.37,0,0,49.98,66.03,0,0,171,177,0,0,6,12,0,0,6,6,0,0,3,12,0,0,1,1,0,0,0,0,0,0,18,19,0,0,6.33,24,30,0,1,7.5,0,0,0,0,0,0,0,0,0,0
1687,Barrington Browne,West Indies,58,Batsman ,Right Handed Bat ,Right-arm fast,0,4,0,0,0,3,0,0,0,8,0,0,0,24,0,0,0,8,0,0,0,8,0,0,0,33.34,0,0,0,0,0,0,0,0,0,0,0,1,0,0,0,0,0,0,0,0,0,0,0,0,0,0,0,0,0,0,0,180,156,0,2,5.2,0,0,0,0,0,0,0,0,0,0
1688,Sherwin Campbell,West Indies,55,Batsman ,Right Handed Bat ,Right-arm medium,52,90,0,0,93,87,0,0,2882,2283,0,0,7159,3853,0,0,208,105,0,0,32.38,26.24,0,0,40.26,59.26,0,0,373,207,0,0,9,7,0,0,7,9,0,0,18,14,0,0,4,2,0,0,1,0,0,0,0,0,0,0,0,196,170,0,8,5.2,0,0,0,0,0,0,0,0,0,0
1689,Rajindra Dhanraj,West Indies,57,Batsman ,Right Handed Bat ,Right-arm legbreak,4,6,0,0,4,2,0,0,17,8,0,0,124,32,0,0,9,8,0,0,4.25,8,0,0,13.71,25.00,0,0,1,0,0,0,0,0,0,0,0,0,0,0,0,0,0,0,0,0,0,0,0,0,0,0,1087,595,32,8,3.28,264,170,2,10,3.86,0,0,0,0,0,0,0,0,0,0
1690,Vasbert Drakes,West Indies,56,Batsman ,Right Handed Bat ,Right-arm fast,12,34,0,0,20,17,0,0,386,94,0,0,819,174,0,0,67,25,0,0,21.44,7.83,0,0,47.14,54.03,0,0,54,6,0,0,7,0,0,0,2,2,0,0,1,0,0,0,0,0,0,0,0,0,0,0,2617,1362,65,33,3.12,1640,1293,22,51,4.73,0,0,0,0,0,0,0,0,0,0
1691,Ottis Gibson,West Indies,57,Batsman ,Right Handed Bat ,Right-arm fast,2,15,0,0,4,11,0,0,93,141,0,0,174,138,0,0,37,52,0,0,23.25,14.1,0,0,53.45,102.18,0,0,14,10,0,0,0,3,0,0,0,1,0,0,0,1,0,0,0,0,0,0,0,0,0,0,472,275,9,3,3.5,739,621,8,34,5.04,0,0,0,0,0,0,0,0,0,0
1692,Hamish Anthony,West Indies,55,Batsman ,Right Handed Bat ,Right-arm fast-medium,0,3,0,0,0,3,0,0,0,23,0,0,0,22,0,0,0,21,0,0,0,7.67,0,0,0,104.55,0,0,0,0,0,0,0,2,0,0,0,1,0,0,0,0,0,0,0,0,0,0,0,0,0,0,0,0,0,0,0,156,143,0,3,5.5,0,0,0,0,0,0,0,0,0,0
1693,Courtney Browne,West Indies,55,Batsman ,Right Handed Bat,,20,46,0,0,30,32,0,0,387,415,0,0,967,590,0,0,68,46,0,0,16.13,17.29,0,0,40.03,70.34,0,0,45,27,0,0,6,5,0,0,7,3,0,0,1,0,0,0,0,0,0,0,0,0,0,0,0,0,0,0,0,0,0,0,0,0,0,0,0,0,0,0,0,0,0,0
1694,Ridley Jacobs,West Indies,58,WK-Batsman ,Left Handed Bat,,65,147,0,0,112,112,0,0,2577,1865,0,0,5391,2662,0,0,118,80,0,0,28.32,23.31,0,0,47.81,70.07,0,0,300,118,0,0,23,27,0,0,12,11,0,0,14,9,0,0,3,0,0,0,0,0,0,0,0,0,0,0,0,0,0,0,0,0,0,0,0,0,0,0,0,0,0,0
1695,Laurie Williams,West Indies,33,Batsman ,Right Handed Bat ,Right-arm medium,0,15,0,0,0,13,0,0,0,124,0,0,0,186,0,0,0,41,0,0,0,11.27,0,0,0,66.67,0,0,0,10,0,0,0,0,0,0,0,2,0,0,0,0,0,0,0,0,0,0,0,0,0,0,0,0,0,0,0,659,556,2,18,5.06,0,0,0,0,0,0,0,0,0,0
1696,Nixon McLean,West Indies,52,Batsman ,Left Handed Bat ,Right-arm fast,19,45,0,0,32,34,0,0,368,314,0,0,738,383,0,0,46,50,0,0,12.27,12.08,0,0,49.87,81.99,0,0,40,26,0,0,11,7,0,0,6,7,0,0,0,1,0,0,0,0,0,0,0,0,0,0,3299,1873,85,44,3.41,2120,1729,18,46,4.89,0,0,0,0,0,0,0,0,0,0
1697,Robert Samuels,West Indies,55,Batsman ,Left Handed Bat,,6,8,0,0,12,5,0,0,372,54,0,0,855,63,0,0,125,36,0,0,37.2,18,0,0,43.51,85.72,0,0,52,5,0,0,4,1,0,0,0,0,0,0,1,0,0,0,1,0,0,0,0,0,0,0,0,0,0,0,0,0,0,0,0,0,0,0,0,0,0,0,0,0,0,0
1698,Adrian Griffith,West Indies,54,Batsman ,Left Handed Bat ,Right-arm medium,14,9,0,0,27,8,0,0,638,99,0,0,2060,177,0,0,114,47,0,0,24.54,14.14,0,0,30.98,55.94,0,0,65,5,0,0,1,1,0,0,4,0,0,0,4,0,0,0,1,0,0,0,0,0,0,0,0,0,0,0,0,0,0,0,0,0,0,0,0,0,0,0,0,0,0,0
1699,Patterson Thompson,West Indies,54,Batsman ,Right Handed Bat ,Right-arm fast-medium,2,2,0,0,3,1,0,0,17,2,0,0,34,7,0,0,10,2,0,0,8.5,2,0,0,50.00,28.58,0,0,2,0,0,0,1,0,0,0,0,0,0,0,0,0,0,0,0,0,0,0,0,0,0,0,228,215,1,5,5.66,114,110,2,2,5.79,0,0,0,0,0,0,0,0,0,0
1700,Franklyn Rose,West Indies,54,Batsman ,Right Handed Bat ,Right-arm fast,19,27,0,0,28,23,0,0,344,217,0,0,666,265,0,0,69,30,0,0,13.23,12.06,0,0,51.66,81.89,0,0,44,15,0,0,6,6,0,0,2,2,0,0,1,0,0,0,0,0,0,0,0,0,0,0,3124,1637,101,53,3.14,1326,1046,13,29,4.73,0,0,0,0,0,0,0,0,0,0
1701,Dinanath Ramnarine,West Indies,50,Bowler ,Left Handed Bat ,Right-arm legbreak,12,4,0,0,21,3,0,0,106,5,0,0,427,13,0,0,35,2,0,0,6.24,1.67,0,0,24.83,38.47,0,0,12,0,0,0,0,0,0,0,8,0,0,0,0,0,0,0,0,0,0,0,0,0,0,0,3495,1383,169,45,2.37,200,164,2,3,4.92,0,0,0,0,0,0,0,0,0,0
1702,Mervyn Dillon,West Indies,51,Batsman ,Right Handed Bat ,Right-arm fast-medium,38,108,0,0,68,51,0,0,549,227,0,0,1381,411,0,0,43,21,0,0,8.45,7.32,0,0,39.76,55.24,0,0,76,11,0,0,7,3,0,0,26,9,0,0,0,0,0,0,0,0,0,0,0,0,0,0,8704,4398,268,131,3.03,5480,4218,70,130,4.62,0,0,0,0,0,0,0,0,0,0
1703,Neil McGarrell,West Indies,53,Batsman ,Right Handed Bat ,Left-arm orthodox,4,17,0,0,6,10,0,0,61,60,0,0,215,98,0,0,33,19,0,0,15.25,7.5,0,0,28.38,61.23,0,0,10,3,0,0,0,1,0,0,1,2,0,0,0,0,0,0,0,0,0,0,0,0,0,0,1212,453,65,17,2.24,859,681,2,15,4.76,0,0,0,0,0,0,0,0,0,0
1704,Carl Tuckett,West Indies,56,Batsman ,Right Handed Bat ,Right-arm fast-medium,0,1,0,0,0,0,0,0,0,0,0,0,0,0,0,0,0,0,0,0,0,0,0,0,0,0,0,0,0,0,0,0,0,0,0,0,0,0,0,0,0,0,0,0,0,0,0,0,0,0,0,0,0,0,0,0,0,48,41,0,2,5.13,0,0,0,0,0,0,0,0,0,0
1705,Reon King,West Indies,50,Batsman ,Right Handed Bat ,Right-arm fast-medium,19,50,0,0,27,23,0,0,66,65,0,0,319,203,0,0,12,12,0,0,3.47,7.22,0,0,20.69,32.02,0,0,7,1,0,0,0,0,0,0,7,5,0,0,0,0,0,0,0,0,0,0,0,0,0,0,3442,1733,119,53,3.02,2603,1807,41,76,4.17,0,0,0,0,0,0,0,0,0,0
1706,Keith Semple,West Indies,55,Batsman ,Right Handed Bat ,Right-arm medium,0,7,0,0,0,6,0,0,0,64,0,0,0,165,0,0,0,23,0,0,0,10.67,0,0,0,38.79,0,0,0,3,0,0,0,1,0,0,0,0,0,0,0,0,0,0,0,0,0,0,0,0,0,0,0,0,0,0,0,132,121,0,3,5.5,0,0,0,0,0,0,0,0,0,0
1707,Hendy Bryan,West Indies,56,Batsman ,Right Handed Bat ,Right-arm fast-medium,0,15,0,0,0,8,0,0,0,43,0,0,0,71,0,0,0,11,0,0,0,7.17,0,0,0,60.57,0,0,0,4,0,0,0,0,0,0,0,1,0,0,0,0,0,0,0,0,0,0,0,0,0,0,0,0,0,0,0,722,518,5,12,4.3,0,0,0,0,0,0,0,0,0,0
1708,Nehemiah Perry,West Indies,57,Batsman ,Right Handed Bat ,Right-arm offbreak,4,21,0,0,7,16,0,0,74,212,0,0,180,340,0,0,26,52,0,0,12.33,26.5,0,0,41.12,62.36,0,0,8,12,0,0,0,0,0,0,2,2,0,0,0,1,0,0,0,0,0,0,0,0,0,0,804,446,24,10,3.33,946,783,2,20,4.97,0,0,0,0,0,0,0,0,0,0
1709,Ricardo Powell,West Indies,47,Batsman ,Right Handed Bat ,Right-arm offbreak,2,109,0,0,3,100,0,0,53,2085,0,0,76,2157,0,0,30,124,0,0,17.67,24.82,0,0,69.74,96.67,0,0,10,185,0,0,0,75,0,0,1,8,0,0,0,8,0,0,0,1,0,0,0,0,0,0,78,49,2,0,3.77,473,491,3,11,6.23,0,0,0,0,0,0,0,0,0,0
1710,Mahendra Nagamootoo,West Indies,50,Batsman ,Left Handed Bat ,Right-arm legbreak,5,24,0,0,8,18,0,0,185,162,0,0,352,270,0,0,68,33,0,0,26.43,13.5,0,0,52.56,60.00,0,0,22,17,0,0,3,1,0,0,0,1,0,0,1,0,0,0,0,0,0,0,0,0,0,0,1494,637,68,12,2.56,1189,998,4,18,5.04,0,0,0,0,0,0,0,0,0,0
1711,Kerry Jeremy,West Indies,46,Bowler ,Right Handed Bat ,Right-arm fast-medium,0,6,0,0,0,4,0,0,0,17,0,0,0,42,0,0,0,8,0,0,0,8.5,0,0,0,40.48,0,0,0,2,0,0,0,0,0,0,0,1,0,0,0,0,0,0,0,0,0,0,0,0,0,0,0,0,0,0,0,192,163,1,4,5.09,0,0,0,0,0,0,0,0,0,0
1712,Marlon Black,West Indies,50,Bowler ,Right Handed Bat ,Right-arm fast-medium,6,5,0,0,11,2,0,0,21,4,0,0,126,14,0,0,6,4,0,0,2.63,2,0,0,16.67,28.58,0,0,1,1,0,0,0,0,0,0,4,1,0,0,0,0,0,0,0,0,0,0,0,0,0,0,954,597,27,12,3.75,228,196,1,0,5.16,0,0,0,0,0,0,0,0,0,0
1713,Colin Stuart,West Indies,52,Batsman ,Right Handed Bat ,Right-arm fast-medium,6,5,0,0,9,1,0,0,24,3,0,0,142,13,0,0,12,3,0,0,3.43,0,0,0,16.91,23.08,0,0,3,0,0,0,0,0,0,0,2,0,0,0,0,0,0,0,0,0,0,0,0,0,0,0,1116,628,37,20,3.38,258,205,3,8,4.77,0,0,0,0,0,0,0,0,0,0
1714,Leon Garrick,West Indies,49,Batsman ,Right Handed Bat ,Right-arm medium,1,3,0,0,2,3,0,0,27,99,0,0,76,204,0,0,27,76,0,0,13.5,33,0,0,35.53,48.53,0,0,2,8,0,0,0,0,0,0,1,0,0,0,0,1,0,0,0,0,0,0,0,0,0,0,0,0,0,0,0,0,0,0,0,0,0,0,0,0,0,0,0,0,0,0
1715,Jermaine Lawson,West Indies,44,Bowler ,Right Handed Bat ,Right-arm fast-medium,13,13,0,0,21,5,0,0,52,18,0,0,177,16,0,0,14,8,0,0,3.47,6,0,0,29.38,112.50,0,0,6,2,0,0,0,0,0,0,6,0,0,0,0,0,0,0,0,0,0,0,0,0,0,0,2364,1512,55,51,3.84,558,498,5,17,5.35,0,0,0,0,0,0,0,0,0,0
1716,Darryl Brown,West Indies,52,Batsman ,Right Handed Bat ,Right-arm medium,0,3,0,0,0,2,0,0,0,10,0,0,0,20,0,0,0,9,0,0,0,10,0,0,0,50.00,0,0,0,0,0,0,0,1,0,0,0,0,0,0,0,0,0,0,0,0,0,0,0,0,0,0,0,0,0,0,0,150,124,3,5,4.96,0,0,0,0,0,0,0,0,0,0
1717,Ryan Hurley,West Indies,50,Batsman ,Right Handed Bat ,Right-arm offbreak,0,9,0,0,0,4,0,0,0,13,0,0,0,32,0,0,0,6,0,0,0,3.25,0,0,0,40.63,0,0,0,0,0,0,0,0,0,0,0,1,0,0,0,0,0,0,0,0,0,0,0,0,0,0,0,0,0,0,0,378,313,2,5,4.97,0,0,0,0,0,0,0,0,0,0
1718,Ravi Rampaul,West Indies,41,Bowler ,Left Handed Bat ,Right-arm fast-medium,18,92,27,12,31,40,7,7,335,362,15,51,629,472,29,50,40,86,8,23,14.57,12.48,7.5,10.2,53.26,76.70,51.73,102.00,40,33,0,3,10,13,0,2,6,3,0,3,0,1,0,0,0,0,0,0,0,0,0,0,3440,1705,111,49,2.97,4033,3434,33,117,5.11,575,803,1,31,8.38,262,298,4,14,6.82
1719,Ryan Ramdass,West Indies,42,Batsman ,Right Handed Bat ,Right-arm offbreak,1,1,0,0,2,1,0,0,26,1,0,0,51,9,0,0,23,1,0,0,13,1,0,0,50.99,11.12,0,0,3,0,0,0,0,0,0,0,0,0,0,0,0,0,0,0,0,0,0,0,0,0,0,0,0,0,0,0,0,0,0,0,0,0,0,0,0,0,0,0,0,0,0,0
1720,Justin Kemp,South Africa,48,Batsman ,Right Handed Bat ,Right-arm fast-medium,4,85,8,5,6,66,7,2,80,1512,203,26,250,1819,160,24,55,100,89,22,13.33,31.5,50.75,13,32.00,83.13,126.88,108.34,11,98,17,1,0,60,10,1,2,6,0,0,1,10,1,0,0,1,0,0,0,0,0,0,479,222,20,9,2.78,1303,1015,10,32,4.67,6,5,0,0,5,44,54,0,3,7.36
1721,Owen Dunell,South Africa,73,Batsman ,Right Handed Bat,,2,0,0,0,4,0,0,0,42,0,0,0,0,0,0,0,26,0,0,0,14,0,0,0,0,0,0,0,4,0,0,0,0,0,0,0,1,0,0,0,0,0,0,0,0,0,0,0,0,0,0,0,0,0,0,0,0,0,0,0,0,0,0,0,0,0,0,0,0,0,0,0
1722,Charlie Finlason,South Africa,57,Batsman ,Right Handed Bat ,Right-arm fast,1,0,0,0,2,0,0,0,6,0,0,0,0,0,0,0,6,0,0,0,3,0,0,0,0,0,0,0,1,0,0,0,0,0,0,0,1,0,0,0,0,0,0,0,0,0,0,0,0,0,0,0,18,7,0,0,2.33,0,0,0,0,0,0,0,0,0,0,0,0,0,0,0
1723,Philip Hutchinson,South Africa,63,Batsman ,Right Handed Bat,,2,0,0,0,4,0,0,0,14,0,0,0,1,0,0,0,11,0,0,0,3.5,0,0,0,1400.00,0,0,0,1,0,0,0,0,0,0,0,2,0,0,0,0,0,0,0,0,0,0,0,0,0,0,0,0,0,0,0,0,0,0,0,0,0,0,0,0,0,0,0,0,0,0,0
1724,Gus Kempis,South Africa,24,Batsman ,Right Handed Bat ,Left-arm medium,1,0,0,0,2,0,0,0,0,0,0,0,0,0,0,0,0,0,0,0,0,0,0,0,0,0,0,0,0,0,0,0,0,0,0,0,1,0,0,0,0,0,0,0,0,0,0,0,0,0,0,0,252,76,17,4,1.81,0,0,0,0,0,0,0,0,0,0,0,0,0,0,0
1725,William Milton,South Africa,75,Batsman ,Right Handed Bat,,3,0,0,0,6,0,0,0,68,0,0,0,0,0,0,0,21,0,0,0,11.33,0,0,0,0,0,0,0,3,0,0,0,0,0,0,0,0,0,0,0,0,0,0,0,0,0,0,0,0,0,0,0,104,48,5,2,2.77,0,0,0,0,0,0,0,0,0,0,0,0,0,0,0
1726,Arthur Ochse,South Africa,48,Batsman ,Right Handed Bat,,2,0,0,0,4,0,0,0,16,0,0,0,0,0,0,0,8,0,0,0,4,0,0,0,0,0,0,0,1,0,0,0,0,0,0,0,0,0,0,0,0,0,0,0,0,0,0,0,0,0,0,0,0,0,0,0,0,0,0,0,0,0,0,0,0,0,0,0,0,0,0,0
1727,Albert Rose,South Africa,78,Batsman ,Right Handed Bat ,Left-arm orthodox,2,0,0,0,4,0,0,0,14,0,0,0,0,0,0,0,13,0,0,0,3.5,0,0,0,0,0,0,0,1,0,0,0,0,0,0,0,2,0,0,0,0,0,0,0,0,0,0,0,0,0,0,0,192,89,8,5,2.78,0,0,0,0,0,0,0,0,0,0,0,0,0,0,0
1728,Fred Smith,South Africa,53,Batsman ,Right Handed Bat,,3,0,0,0,6,0,0,0,45,0,0,0,0,0,0,0,12,0,0,0,9,0,0,0,0,0,0,0,1,0,0,0,0,0,0,0,1,0,0,0,0,0,0,0,0,0,0,0,0,0,0,0,0,0,0,0,0,0,0,0,0,0,0,0,0,0,0,0,0,0,0,0
1729,Robert Stewart,South Africa,57,Batsman ,Right Handed Bat,,1,0,0,0,2,0,0,0,13,0,0,0,0,0,0,0,9,0,0,0,6.5,0,0,0,0,0,0,0,0,0,0,0,0,0,0,0,0,0,0,0,0,0,0,0,0,0,0,0,0,0,0,0,0,0,0,0,0,0,0,0,0,0,0,0,0,0,0,0,0,0,0,0
1730,Bernard Tancred,South Africa,46,Batsman ,Right Handed Bat ,Right-arm medium,2,0,0,0,4,0,0,0,87,0,0,0,0,0,0,0,29,0,0,0,29,0,0,0,0,0,0,0,6,0,0,0,0,0,0,0,0,0,0,0,0,0,0,0,0,0,0,0,0,0,0,0,0,0,0,0,0,0,0,0,0,0,0,0,0,0,0,0,0,0,0,0
1731,Charles Vintcent,South Africa,77,Batsman ,Left Handed Bat ,Left-arm fast-medium,3,0,0,0,6,0,0,0,26,0,0,0,0,0,0,0,9,0,0,0,4.33,0,0,0,0,0,0,0,2,0,0,0,0,0,0,0,1,0,0,0,0,0,0,0,0,0,0,0,0,0,0,0,517,193,23,4,2.24,0,0,0,0,0,0,0,0,0,0,0,0,0,0,0
1732,Gobo Ashley,South Africa,68,Batsman ,Right Handed Bat ,Left-arm medium,1,0,0,0,2,0,0,0,1,0,0,0,1,0,0,0,1,0,0,0,0.5,0,0,0,100.00,0,0,0,0,0,0,0,0,0,0,0,1,0,0,0,0,0,0,0,0,0,0,0,0,0,0,0,259,95,18,7,2.2,0,0,0,0,0,0,0,0,0,0,0,0,0,0,0
1733,Dicky Richards,South Africa,40,Batsman ,Right Handed Bat,,1,0,0,0,2,0,0,0,4,0,0,0,0,0,0,0,4,0,0,0,2,0,0,0,0,0,0,0,0,0,0,0,0,0,0,0,1,0,0,0,0,0,0,0,0,0,0,0,0,0,0,0,0,0,0,0,0,0,0,0,0,0,0,0,0,0,0,0,0,0,0,0
1734,Nicolaas Theunissen,South Africa,62,Batsman ,Right Handed Bat ,Right-arm fast,1,0,0,0,2,0,0,0,2,0,0,0,0,0,0,0,2,0,0,0,2,0,0,0,0,0,0,0,0,0,0,0,0,0,0,0,1,0,0,0,0,0,0,0,0,0,0,0,0,0,0,0,120,51,5,0,2.55,0,0,0,0,0,0,0,0,0,0,0,0,0,0,0
1735,Godfrey Cripps,South Africa,77,Batsman ,Right Handed Bat,,1,0,0,0,2,0,0,0,21,0,0,0,0,0,0,0,18,0,0,0,10.5,0,0,0,0,0,0,0,0,0,0,0,0,0,0,0,0,0,0,0,0,0,0,0,0,0,0,0,0,0,0,0,18,23,0,0,7.67,0,0,0,0,0,0,0,0,0,0,0,0,0,0,0
1736,Flooi du,South Africa,40,Batsman ,Right Handed Bat ,Left-arm medium,1,0,0,0,2,0,0,0,2,0,0,0,0,0,0,0,2,0,0,0,0,0,0,0,0,0,0,0,0,0,0,0,0,0,0,0,0,0,0,0,0,0,0,0,0,0,0,0,0,0,0,0,102,47,5,1,2.76,0,0,0,0,0,0,0,0,0,0,0,0,0,0,0
1737,Charles Fichardt,South Africa,53,Batsman ,Right Handed Bat,,2,0,0,0,4,0,0,0,15,0,0,0,0,0,0,0,10,0,0,0,3.75,0,0,0,0,0,0,0,0,0,0,0,0,0,0,0,1,0,0,0,0,0,0,0,0,0,0,0,0,0,0,0,0,0,0,0,0,0,0,0,0,0,0,0,0,0,0,0,0,0,0,0
1738,Barberton Halliwell,South Africa,55,Batsman ,Right Handed Bat,,8,0,0,0,15,0,0,0,188,0,0,0,0,0,0,0,57,0,0,0,12.53,0,0,0,0,0,0,0,0,0,0,0,0,0,0,0,3,0,0,0,1,0,0,0,0,0,0,0,0,0,0,0,0,0,0,0,0,0,0,0,0,0,0,0,0,0,0,0,0,0,0,0
1739,Frank Hearne,South Africa,90,Batsman ,Right Handed Bat,,6,0,0,0,10,0,0,0,168,0,0,0,0,0,0,0,30,0,0,0,16.8,0,0,0,0,0,0,0,4,0,0,0,0,0,0,0,2,0,0,0,0,0,0,0,0,0,0,0,0,0,0,0,74,40,0,2,3.24,0,0,0,0,0,0,0,0,0,0,0,0,0,0,0
1740,Charles Mills,South Africa,80,Batsman ,Right Handed Bat ,Right-arm medium,1,0,0,0,2,0,0,0,25,0,0,0,0,0,0,0,21,0,0,0,12.5,0,0,0,0,0,0,0,0,0,0,0,0,0,0,0,0,0,0,0,0,0,0,0,0,0,0,0,0,0,0,0,168,83,7,2,2.96,0,0,0,0,0,0,0,0,0,0,0,0,0,0,0
1741,Dante Parkin,South Africa,63,Batsman ,Right Handed Bat ,Right-arm medium,1,0,0,0,2,0,0,0,6,0,0,0,0,0,0,0,6,0,0,0,3,0,0,0,0,0,0,0,0,0,0,0,0,0,0,0,1,0,0,0,0,0,0,0,0,0,0,0,0,0,0,0,156,82,4,3,3.15,0,0,0,0,0,0,0,0,0,0,0,0,0,0,0
1742,Tommy Routledge,South Africa,60,Batsman ,Right Handed Bat ,Right-arm medium,4,0,0,0,8,0,0,0,72,0,0,0,0,0,0,0,24,0,0,0,9,0,0,0,0,0,0,0,0,0,0,0,0,0,0,0,1,0,0,0,0,0,0,0,0,0,0,0,0,0,0,0,0,0,0,0,0,0,0,0,0,0,0,0,0,0,0,0,0,0,0,0
1743,Clarence Wimble,South Africa,68,Batsman ,Right Handed Bat,,1,0,0,0,2,0,0,0,0,0,0,0,0,0,0,0,0,0,0,0,0,0,0,0,0,0,0,0,0,0,0,0,0,0,0,0,2,0,0,0,0,0,0,0,0,0,0,0,0,0,0,0,0,0,0,0,0,0,0,0,0,0,0,0,0,0,0,0,0,0,0,0
1744,Frederick Cook,South Africa,45,Batsman ,Right Handed Bat,,1,0,0,0,2,0,0,0,7,0,0,0,0,0,0,0,7,0,0,0,3.5,0,0,0,0,0,0,0,0,0,0,0,0,0,0,0,1,0,0,0,0,0,0,0,0,0,0,0,0,0,0,0,0,0,0,0,0,0,0,0,0,0,0,0,0,0,0,0,0,0,0,0
1745,Robert Gleeson,South Africa,45,Batsman ,Right Handed Bat ,Right-arm medium,1,0,0,0,2,0,0,0,4,0,0,0,0,0,0,0,3,0,0,0,4,0,0,0,0,0,0,0,0,0,0,0,0,0,0,0,0,0,0,0,0,0,0,0,0,0,0,0,0,0,0,0,0,0,0,0,0,0,0,0,0,0,0,0,0,0,0,0,0,0,0,0
1746,Charles Hime,South Africa,71,Batsman ,Right Handed Bat ,Right-arm medium,1,0,0,0,2,0,0,0,8,0,0,0,0,0,0,0,8,0,0,0,4,0,0,0,0,0,0,0,0,0,0,0,0,0,0,0,1,0,0,0,0,0,0,0,0,0,0,0,0,0,0,0,66,31,4,1,2.82,0,0,0,0,0,0,0,0,0,0,0,0,0,0,0
1747,Bonnor Middleton,South Africa,48,Batsman ,Right Handed Bat,,6,0,0,0,12,0,0,0,52,0,0,0,0,0,0,0,22,0,0,0,7.43,0,0,0,0,0,0,0,0,0,0,0,0,0,0,0,2,0,0,0,0,0,0,0,0,0,0,0,0,0,0,0,1244,442,61,24,2.13,0,0,0,0,0,0,0,0,0,0,0,0,0,0,0
1748,Robert Poore,South Africa,72,Batsman ,Right Handed Bat,,3,0,0,0,6,0,0,0,76,0,0,0,0,0,0,0,20,0,0,0,12.67,0,0,0,0,0,0,0,0,0,0,0,0,0,0,0,0,0,0,0,0,0,0,0,0,0,0,0,0,0,0,0,10,4,0,1,2.4,0,0,0,0,0,0,0,0,0,0,0,0,0,0,0
1749,Jimmy Sinclair,South Africa,36,Batsman ,Right Handed Bat ,Right-arm fast-medium,25,0,0,0,47,0,0,0,1069,0,0,0,226,0,0,0,106,0,0,0,23.24,0,0,0,473.01,0,0,0,42,0,0,0,16,0,0,0,7,0,0,0,3,0,0,0,3,0,0,0,0,0,0,0,3719,1996,110,63,3.22,0,0,0,0,0,0,0,0,0,0,0,0,0,0,0
1750,Joseph Willoughby,South Africa,77,Batsman ,Right Handed Bat ,Right-arm fast,2,0,0,0,4,0,0,0,8,0,0,0,0,0,0,0,5,0,0,0,2,0,0,0,0,0,0,0,0,0,0,0,0,0,0,0,2,0,0,0,0,0,0,0,0,0,0,0,0,0,0,0,330,159,12,6,2.89,0,0,0,0,0,0,0,0,0,0,0,0,0,0,0
1751,Billy Frank,South Africa,72,Batsman ,Right Handed Bat ,Right-arm medium,1,0,0,0,2,0,0,0,7,0,0,0,0,0,0,0,5,0,0,0,3.5,0,0,0,0,0,0,0,0,0,0,0,0,0,0,0,0,0,0,0,0,0,0,0,0,0,0,0,0,0,0,0,69,52,3,1,4.52,0,0,0,0,0,0,0,0,0,0,0,0,0,0,0
1752,Clement Johnson,South Africa,37,Batsman ,Right Handed Bat ,Right-arm fast-medium,1,0,0,0,2,0,0,0,10,0,0,0,0,0,0,0,7,0,0,0,5,0,0,0,0,0,0,0,0,0,0,0,0,0,0,0,0,0,0,0,0,0,0,0,0,0,0,0,0,0,0,0,168,57,12,0,2.04,0,0,0,0,0,0,0,0,0,0,0,0,0,0,0
1753,George Rowe,South Africa,75,Batsman ,Right Handed Bat ,Left-arm orthodox,5,0,0,0,9,0,0,0,26,0,0,0,0,0,0,0,13,0,0,0,4.33,0,0,0,0,0,0,0,0,0,0,0,0,0,0,0,3,0,0,0,0,0,0,0,0,0,0,0,0,0,0,0,1178,456,50,15,2.32,0,0,0,0,0,0,0,0,0,0,0,0,0,0,0
1754,George Shepstone,South Africa,64,Batsman ,Right Handed Bat ,Right-arm fast,2,0,0,0,4,0,0,0,38,0,0,0,0,0,0,0,21,0,0,0,9.5,0,0,0,0,0,0,0,0,0,0,0,0,0,0,0,1,0,0,0,0,0,0,0,0,0,0,0,0,0,0,0,138,47,9,0,2.04,0,0,0,0,0,0,0,0,0,0,0,0,0,0,0
1755,George Glover,South Africa,68,Batsman ,Right Handed Bat ,Right-arm offbreak,1,0,0,0,2,0,0,0,21,0,0,0,0,0,0,0,18,0,0,0,21,0,0,0,0,0,0,0,0,0,0,0,0,0,0,0,0,0,0,0,0,0,0,0,0,0,0,0,0,0,0,0,78,28,4,1,2.15,0,0,0,0,0,0,0,0,0,0,0,0,0,0,0
1756,Alfred Richards,South Africa,36,Batsman ,Right Handed Bat,,1,0,0,0,2,0,0,0,6,0,0,0,0,0,0,0,6,0,0,0,3,0,0,0,0,0,0,0,0,0,0,0,0,0,0,0,1,0,0,0,0,0,0,0,0,0,0,0,0,0,0,0,0,0,0,0,0,0,0,0,0,0,0,0,0,0,0,0,0,0,0,0
1757,Arthur Seccull,South Africa,76,Batsman ,Right Handed Bat ,Right-arm medium,1,0,0,0,2,0,0,0,23,0,0,0,0,0,0,0,17,0,0,0,23,0,0,0,0,0,0,0,0,0,0,0,0,0,0,0,0,0,0,0,0,0,0,0,0,0,0,0,0,0,0,0,72,37,2,2,3.08,0,0,0,0,0,0,0,0,0,0,0,0,0,0,0
1758,Murray Bisset,South Africa,55,Batsman ,Right Handed Bat ,Left-arm orthodox,3,0,0,0,6,0,0,0,103,0,0,0,0,0,0,0,35,0,0,0,25.75,0,0,0,0,0,0,0,0,0,0,0,0,0,0,0,0,0,0,0,0,0,0,0,0,0,0,0,0,0,0,0,0,0,0,0,0,0,0,0,0,0,0,0,0,0,0,0,0,0,0,0
1759,Robert Dower,South Africa,88,Batsman ,Right Handed Bat,,1,0,0,0,2,0,0,0,9,0,0,0,0,0,0,0,9,0,0,0,4.5,0,0,0,0,0,0,0,0,0,0,0,0,0,0,0,1,0,0,0,0,0,0,0,0,0,0,0,0,0,0,0,0,0,0,0,0,0,0,0,0,0,0,0,0,0,0,0,0,0,0,0
1760,Howard Francis,South Africa,67,Batsman ,Right Handed Bat,,2,0,0,0,4,0,0,0,39,0,0,0,0,0,0,0,29,0,0,0,9.75,0,0,0,0,0,0,0,0,0,0,0,0,0,0,0,0,0,0,0,0,0,0,0,0,0,0,0,0,0,0,0,0,0,0,0,0,0,0,0,0,0,0,0,0,0,0,0,0,0,0,0
1761,Robert Graham,South Africa,68,Batsman ,Right Handed Bat ,Right-arm medium,2,0,0,0,4,0,0,0,6,0,0,0,0,0,0,0,4,0,0,0,1.5,0,0,0,0,0,0,0,0,0,0,0,0,0,0,0,2,0,0,0,0,0,0,0,0,0,0,0,0,0,0,0,288,127,13,3,2.65,0,0,0,0,0,0,0,0,0,0,0,0,0,0,0
1762,William Solomon,South Africa,92,Batsman ,Right Handed Bat,,1,0,0,0,2,0,0,0,4,0,0,0,0,0,0,0,2,0,0,0,2,0,0,0,0,0,0,0,0,0,0,0,0,0,0,0,0,0,0,0,0,0,0,0,0,0,0,0,0,0,0,0,0,0,0,0,0,0,0,0,0,0,0,0,0,0,0,0,0,0,0,0
1763,Vincent Tancred,South Africa,28,Batsman ,Right Handed Bat,,1,0,0,0,2,0,0,0,25,0,0,0,0,0,0,0,18,0,0,0,12.5,0,0,0,0,0,0,0,0,0,0,0,0,0,0,0,0,0,0,0,0,0,0,0,0,0,0,0,0,0,0,0,0,0,0,0,0,0,0,0,0,0,0,0,0,0,0,0,0,0,0,0
1764,Frederick Kuys,South Africa,83,Batsman ,Right Handed Bat,,1,0,0,0,2,0,0,0,26,0,0,0,0,0,0,0,26,0,0,0,13,0,0,0,0,0,0,0,0,0,0,0,0,0,0,0,1,0,0,0,0,0,0,0,0,0,0,0,0,0,0,0,72,31,4,2,2.58,0,0,0,0,0,0,0,0,0,0,0,0,0,0,0
1765,Albert Powell,South Africa,75,Batsman ,Right Handed Bat,,1,0,0,0,2,0,0,0,16,0,0,0,0,0,0,0,11,0,0,0,8,0,0,0,0,0,0,0,0,0,0,0,0,0,0,0,0,0,0,0,0,0,0,0,0,0,0,0,0,0,0,0,24,10,1,1,2.5,0,0,0,0,0,0,0,0,0,0,0,0,0,0,0
1766,Charles Prince,South Africa,74,Batsman ,Right Handed Bat,,1,0,0,0,2,0,0,0,6,0,0,0,0,0,0,0,5,0,0,0,3,0,0,0,0,0,0,0,0,0,0,0,0,0,0,0,0,0,0,0,0,0,0,0,0,0,0,0,0,0,0,0,0,0,0,0,0,0,0,0,0,0,0,0,0,0,0,0,0,0,0,0
1767,William Shalders,South Africa,37,Batsman ,Right Handed Bat ,Right-arm medium,12,0,0,0,23,0,0,0,355,0,0,0,0,0,0,0,42,0,0,0,16.14,0,0,0,0,0,0,0,18,0,0,0,0,0,0,0,4,0,0,0,0,0,0,0,0,0,0,0,0,0,0,0,48,6,3,1,0.75,0,0,0,0,0,0,0,0,0,0,0,0,0,0,0
1768,Maitland Hathorn,South Africa,42,Batsman ,Right Handed Bat,,12,0,0,0,20,0,0,0,325,0,0,0,36,0,0,0,102,0,0,0,17.11,0,0,0,902.78,0,0,0,22,0,0,0,0,0,0,0,1,0,0,0,0,0,0,0,1,0,0,0,0,0,0,0,0,0,0,0,0,0,0,0,0,0,0,0,0,0,0,0,0,0,0,0
1769,Charlie Llewellyn,South Africa,87,Batsman ,Left Handed Bat,,15,0,0,0,28,0,0,0,544,0,0,0,423,0,0,0,90,0,0,0,20.15,0,0,0,128.61,0,0,0,11,0,0,0,0,0,0,0,6,0,0,0,4,0,0,0,0,0,0,0,0,0,0,0,2362,1421,55,48,3.61,0,0,0,0,0,0,0,0,0,0,0,0,0,0,0
1770,Dave Nourse,South Africa,69,Batsman ,Left Handed Bat ,Left-arm medium,45,0,0,0,83,0,0,0,2234,0,0,0,705,0,0,0,111,0,0,0,29.79,0,0,0,316.88,0,0,0,94,0,0,0,0,0,0,0,3,0,0,0,15,0,0,0,1,0,0,0,0,0,0,0,3234,1553,120,41,2.88,0,0,0,0,0,0,0,0,0,0,0,0,0,0,0
1771,Charlie Smith,South Africa,74,Batsman ,Right Handed Bat,,3,0,0,0,6,0,0,0,106,0,0,0,0,0,0,0,45,0,0,0,21.2,0,0,0,0,0,0,0,0,0,0,0,1,0,0,0,0,0,0,0,0,0,0,0,0,0,0,0,0,0,0,0,0,0,0,0,0,0,0,0,0,0,0,0,0,0,0,0,0,0,0,0
1772,Henry Taberer,South Africa,61,Batsman ,Right Handed Bat ,Right-arm fast,1,0,0,0,1,0,0,0,2,0,0,0,0,0,0,0,2,0,0,0,2,0,0,0,0,0,0,0,0,0,0,0,0,0,0,0,0,0,0,0,0,0,0,0,0,0,0,0,0,0,0,0,60,48,2,1,4.8,0,0,0,0,0,0,0,0,0,0,0,0,0,0,0
1773,Louis Tancred,South Africa,57,Batsman ,Right Handed Bat,,14,0,0,0,26,0,0,0,530,0,0,0,0,0,0,0,97,0,0,0,21.2,0,0,0,0,0,0,0,27,0,0,0,1,0,0,0,5,0,0,0,2,0,0,0,0,0,0,0,0,0,0,0,0,0,0,0,0,0,0,0,0,0,0,0,0,0,0,0,0,0,0,0
1774,George Thornton,South Africa,71,Batsman ,Left Handed Bat ,Left-arm orthodox,1,0,0,0,1,0,0,0,1,0,0,0,0,0,0,0,1,0,0,0,0,0,0,0,0,0,0,0,0,0,0,0,0,0,0,0,0,0,0,0,0,0,0,0,0,0,0,0,0,0,0,0,24,20,0,1,5,0,0,0,0,0,0,0,0,0,0,0,0,0,0,0
1775,Biddy Anderson,South Africa,51,Batsman ,Right Handed Bat,,1,0,0,0,2,0,0,0,43,0,0,0,0,0,0,0,32,0,0,0,21.5,0,0,0,0,0,0,0,0,0,0,0,1,0,0,0,0,0,0,0,0,0,0,0,0,0,0,0,0,0,0,0,0,0,0,0,0,0,0,0,0,0,0,0,0,0,0,0,0,0,0,0
1776,Johannes Kotze,South Africa,51,Batsman ,Right Handed Bat ,Right-arm fast,3,0,0,0,5,0,0,0,2,0,0,0,2,0,0,0,2,0,0,0,0.4,0,0,0,100.00,0,0,0,0,0,0,0,0,0,0,0,4,0,0,0,0,0,0,0,0,0,0,0,0,0,0,0,413,243,8,6,3.53,0,0,0,0,0,0,0,0,0,0,0,0,0,0,0
1777,Percy Twentyman,South Africa,77,Batsman ,Right Handed Bat,,1,0,0,0,2,0,0,0,0,0,0,0,2,0,0,0,0,0,0,0,0,0,0,0,0.00,0,0,0,0,0,0,0,0,0,0,0,2,0,0,0,0,0,0,0,0,0,0,0,0,0,0,0,0,0,0,0,0,0,0,0,0,0,0,0,0,0,0,0,0,0,0,0
1778,Aubrey Faulkner,South Africa,48,Batsman ,Right Handed Bat ,Right-arm legbreak,25,0,0,0,47,0,0,0,1754,0,0,0,1256,0,0,0,204,0,0,0,40.79,0,0,0,139.65,0,0,0,125,0,0,0,3,0,0,0,2,0,0,0,8,0,0,0,4,0,0,0,1,0,0,0,4227,2180,124,82,3.09,0,0,0,0,0,0,0,0,0,0,0,0,0,0,0
1779,Reggie Schwarz,South Africa,43,Batsman ,Right Handed Bat,,20,0,0,0,35,0,0,0,374,0,0,0,258,0,0,0,61,0,0,0,13.85,0,0,0,144.97,0,0,0,21,0,0,0,1,0,0,0,6,0,0,0,1,0,0,0,0,0,0,0,0,0,0,0,2639,1417,66,55,3.22,0,0,0,0,0,0,0,0,0,0,0,0,0,0,0
1780,Percy Sherwell,South Africa,67,Batsman ,Right Handed Bat,,13,0,0,0,22,0,0,0,427,0,0,0,337,0,0,0,115,0,0,0,23.72,0,0,0,126.71,0,0,0,57,0,0,0,1,0,0,0,1,0,0,0,1,0,0,0,1,0,0,0,0,0,0,0,0,0,0,0,0,0,0,0,0,0,0,0,0,0,0,0,0,0,0,0
1781,Tip Snooke,South Africa,85,Batsman ,Right Handed Bat ,Right-arm fast-medium,26,0,0,0,46,0,0,0,1008,0,0,0,600,0,0,0,103,0,0,0,22.4,0,0,0,168.00,0,0,0,56,0,0,0,0,0,0,0,1,0,0,0,5,0,0,0,1,0,0,0,0,0,0,0,1620,702,62,35,2.6,0,0,0,0,0,0,0,0,0,0,0,0,0,0,0
1782,Bert Vogler,South Africa,69,Batsman ,Right Handed Bat,,15,0,0,0,26,0,0,0,340,0,0,0,8,0,0,0,65,0,0,0,17,0,0,0,4250.00,0,0,0,15,0,0,0,6,0,0,0,4,0,0,0,2,0,0,0,0,0,0,0,0,0,0,0,2764,1455,96,64,3.16,0,0,0,0,0,0,0,0,0,0,0,0,0,0,0
1783,Gordon White,South Africa,36,Batsman ,Right Handed Bat ,Right-arm legbreak,17,0,0,0,31,0,0,0,872,0,0,0,0,0,0,0,147,0,0,0,30.07,0,0,0,0,0,0,0,55,0,0,0,4,0,0,0,3,0,0,0,4,0,0,0,2,0,0,0,0,0,0,0,498,301,14,9,3.63,0,0,0,0,0,0,0,0,0,0,0,0,0,0,0
1784,Stanley Snooke,South Africa,80,Batsman ,Right Handed Bat,,1,0,0,0,1,0,0,0,0,0,0,0,0,0,0,0,0,0,0,0,0,0,0,0,0,0,0,0,0,0,0,0,0,0,0,0,1,0,0,0,0,0,0,0,0,0,0,0,0,0,0,0,0,0,0,0,0,0,0,0,0,0,0,0,0,0,0,0,0,0,0,0
1785,Tom Campbell,South Africa,42,Batsman ,Right Handed Bat,,5,0,0,0,9,0,0,0,90,0,0,0,0,0,0,0,48,0,0,0,15,0,0,0,0,0,0,0,0,0,0,0,0,0,0,0,1,0,0,0,0,0,0,0,0,0,0,0,0,0,0,0,0,0,0,0,0,0,0,0,0,0,0,0,0,0,0,0,0,0,0,0
1786,Mick Commaille,South Africa,73,Batsman ,Right Handed Bat,,12,0,0,0,22,0,0,0,355,0,0,0,0,0,0,0,47,0,0,0,16.9,0,0,0,0,0,0,0,0,0,0,0,0,0,0,0,1,0,0,0,0,0,0,0,0,0,0,0,0,0,0,0,0,0,0,0,0,0,0,0,0,0,0,0,0,0,0,0,0,0,0,0
1787,Louis Stricker,South Africa,75,Batsman ,Right Handed Bat,,13,0,0,0,24,0,0,0,344,0,0,0,446,0,0,0,48,0,0,0,14.33,0,0,0,77.14,0,0,0,21,0,0,0,0,0,0,0,5,0,0,0,0,0,0,0,0,0,0,0,0,0,0,0,174,105,3,1,3.62,0,0,0,0,0,0,0,0,0,0,0,0,0,0,0
1788,Billy Zulch,South Africa,38,Batsman ,Right Handed Bat ,Right-arm medium,16,0,0,0,32,0,0,0,983,0,0,0,837,0,0,0,150,0,0,0,32.77,0,0,0,117.45,0,0,0,54,0,0,0,1,0,0,0,0,0,0,0,4,0,0,0,2,0,0,0,0,0,0,0,24,28,0,0,7,0,0,0,0,0,0,0,0,0,0,0,0,0,0,0
1789,Claude Floquet,South Africa,79,Batsman ,Right Handed Bat ,Right-arm medium,1,0,0,0,2,0,0,0,12,0,0,0,0,0,0,0,11,0,0,0,12,0,0,0,0,0,0,0,0,0,0,0,0,0,0,0,0,0,0,0,0,0,0,0,0,0,0,0,0,0,0,0,48,24,2,0,3,0,0,0,0,0,0,0,0,0,0,0,0,0,0,0
1790,Sid Pegler,South Africa,84,Batsman ,Right Handed Bat,,16,0,0,0,28,0,0,0,356,0,0,0,172,0,0,0,35,0,0,0,15.48,0,0,0,206.98,0,0,0,10,0,0,0,1,0,0,0,6,0,0,0,0,0,0,0,0,0,0,0,0,0,0,0,2989,1572,84,47,3.16,0,0,0,0,0,0,0,0,0,0,0,0,0,0,0
1791,Pompey Norton,South Africa,87,Batsman ,Right Handed Bat ,Right-arm medium,1,0,0,0,2,0,0,0,9,0,0,0,0,0,0,0,7,0,0,0,4.5,0,0,0,0,0,0,0,0,0,0,0,0,0,0,0,0,0,0,0,0,0,0,0,0,0,0,0,0,0,0,0,90,47,4,4,3.13,0,0,0,0,0,0,0,0,0,0,0,0,0,0,0
1792,Sivert Samuelson,South Africa,74,Batsman ,Right Handed Bat,,1,0,0,0,2,0,0,0,22,0,0,0,0,0,0,0,15,0,0,0,11,0,0,0,0,0,0,0,0,0,0,0,0,0,0,0,0,0,0,0,0,0,0,0,0,0,0,0,0,0,0,0,108,64,2,0,3.56,0,0,0,0,0,0,0,0,0,0,0,0,0,0,0
1793,Ormy Pearse,South Africa,68,Batsman ,Right Handed Bat ,Right-arm medium,3,0,0,0,6,0,0,0,55,0,0,0,126,0,0,0,31,0,0,0,9.17,0,0,0,43.66,0,0,0,8,0,0,0,0,0,0,0,2,0,0,0,0,0,0,0,0,0,0,0,0,0,0,0,144,106,0,3,4.42,0,0,0,0,0,0,0,0,0,0,0,0,0,0,0
1794,Rolland Beaumont,South Africa,74,Batsman ,Right Handed Bat,,5,0,0,0,9,0,0,0,70,0,0,0,0,0,0,0,31,0,0,0,7.78,0,0,0,0,0,0,0,0,0,0,0,0,0,0,0,2,0,0,0,0,0,0,0,0,0,0,0,0,0,0,0,6,0,1,0,0,0,0,0,0,0,0,0,0,0,0,0,0,0,0,0
1795,Gerald Hartigan,South Africa,70,Batsman ,Right Handed Bat ,Right-arm fast-medium,5,0,0,0,10,0,0,0,114,0,0,0,0,0,0,0,51,0,0,0,11.4,0,0,0,0,0,0,0,0,0,0,0,0,0,0,0,3,0,0,0,1,0,0,0,0,0,0,0,0,0,0,0,252,141,7,1,3.36,0,0,0,0,0,0,0,0,0,0,0,0,0,0,0
1796,Frank Mitchell,England,63,Batsman ,Right Handed Bat ,Right-arm medium,5,0,0,0,10,0,0,0,116,0,0,0,0,0,0,0,41,0,0,0,11.6,0,0,0,0,0,0,0,0,0,0,0,0,0,0,0,1,0,0,0,0,0,0,0,0,0,0,0,0,0,0,0,0,0,0,0,0,0,0,0,0,0,0,0,0,0,0,0,0,0,0,0
1797,Herbie Taylor,South Africa,83,Batsman ,Right Handed Bat,,42,0,0,0,76,0,0,0,2936,0,0,0,6,0,0,0,176,0,0,0,40.78,0,0,0,48933.34,0,0,0,98,0,0,0,7,0,0,0,2,0,0,0,17,0,0,0,7,0,0,0,0,0,0,0,342,156,18,5,2.74,0,0,0,0,0,0,0,0,0,0,0,0,0,0,0
1798,Tommy Ward,South Africa,48,Batsman ,Right Handed Bat,,23,0,0,0,42,0,0,0,459,0,0,0,2,0,0,0,64,0,0,0,13.91,0,0,0,22950.00,0,0,0,4,0,0,0,0,0,0,0,5,0,0,0,2,0,0,0,0,0,0,0,0,0,0,0,0,0,0,0,0,0,0,0,0,0,0,0,0,0,0,0,0,0,0,0
1799,Claude Carter,South Africa,71,Batsman ,Right Handed Bat ,Left-arm orthodox,10,0,0,0,15,0,0,0,181,0,0,0,0,0,0,0,45,0,0,0,18.1,0,0,0,0,0,0,0,3,0,0,0,1,0,0,0,3,0,0,0,0,0,0,0,0,0,0,0,0,0,0,0,1475,694,47,28,2.82,0,0,0,0,0,0,0,0,0,0,0,0,0,0,0
1800,Harold Baumgartner,South Africa,54,Batsman ,Right Handed Bat ,Left-arm orthodox,1,0,0,0,2,0,0,0,19,0,0,0,0,0,0,0,16,0,0,0,9.5,0,0,0,0,0,0,0,0,0,0,0,0,0,0,0,0,0,0,0,0,0,0,0,0,0,0,0,0,0,0,0,166,99,3,2,3.58,0,0,0,0,0,0,0,0,0,0,0,0,0,0,0
1801,Jimmy Blanckenberg,South Africa,133,Batsman ,Right Handed Bat ,Right-arm medium,18,0,0,0,30,0,0,0,455,0,0,0,0,0,0,0,59,0,0,0,19.78,0,0,0,0,0,0,0,17,0,0,0,4,0,0,0,2,0,0,0,2,0,0,0,0,0,0,0,0,0,0,0,3888,1817,132,60,2.8,0,0,0,0,0,0,0,0,0,0,0,0,0,0,0
1802,Alfred Cooper,South Africa,69,Batsman ,Right Handed Bat ,Right-arm medium,1,0,0,0,2,0,0,0,6,0,0,0,0,0,0,0,6,0,0,0,3,0,0,0,0,0,0,0,0,0,0,0,0,0,0,0,1,0,0,0,0,0,0,0,0,0,0,0,0,0,0,0,0,0,0,0,0,0,0,0,0,0,0,0,0,0,0,0,0,0,0,0
1803,Joe Cox,South Africa,85,Batsman ,Right Handed Bat ,Right-arm medium,3,0,0,0,6,0,0,0,17,0,0,0,0,0,0,0,12,0,0,0,3.4,0,0,0,0,0,0,0,0,0,0,0,0,0,0,0,3,0,0,0,0,0,0,0,0,0,0,0,0,0,0,0,576,245,24,4,2.55,0,0,0,0,0,0,0,0,0,0,0,0,0,0,0
1804,Philip Hands,South Africa,61,Batsman ,Right Handed Bat,,7,0,0,0,12,0,0,0,300,0,0,0,0,0,0,0,83,0,0,0,25,0,0,0,0,0,0,0,2,0,0,0,4,0,0,0,2,0,0,0,2,0,0,0,0,0,0,0,0,0,0,0,37,18,0,0,2.92,0,0,0,0,0,0,0,0,0,0,0,0,0,0,0
1805,Plum Lewis,South Africa,91,Batsman ,Right Handed Bat,,1,0,0,0,2,0,0,0,0,0,0,0,0,0,0,0,0,0,0,0,0,0,0,0,0,0,0,0,0,0,0,0,0,0,0,0,2,0,0,0,0,0,0,0,0,0,0,0,0,0,0,0,0,0,0,0,0,0,0,0,0,0,0,0,0,0,0,0,0,0,0,0
1806,Dusty Tapscott,South Africa,51,Batsman ,Right Handed Bat ,Right-arm medium,1,0,0,0,2,0,0,0,5,0,0,0,0,0,0,0,4,0,0,0,2.5,0,0,0,0,0,0,0,0,0,0,0,0,0,0,0,0,0,0,0,0,0,0,0,0,0,0,0,0,0,0,0,0,0,0,0,0,0,0,0,0,0,0,0,0,0,0,0,0,0,0,0
1807,Claude Newberry,South Africa,11,Batsman ,Right Handed Bat,,4,0,0,0,8,0,0,0,62,0,0,0,0,0,0,0,16,0,0,0,7.75,0,0,0,0,0,0,0,0,0,0,0,0,0,0,0,1,0,0,0,0,0,0,0,0,0,0,0,0,0,0,0,558,268,15,11,2.88,0,0,0,0,0,0,0,0,0,0,0,0,0,0,0
1808,Cec Dixon,South Africa,78,Batsman ,Right Handed Bat ,Right-arm medium,1,0,0,0,2,0,0,0,0,0,0,0,0,0,0,0,0,0,0,0,0,0,0,0,0,0,0,0,0,0,0,0,0,0,0,0,2,0,0,0,0,0,0,0,0,0,0,0,0,0,0,0,240,118,6,3,2.95,0,0,0,0,0,0,0,0,0,0,0,0,0,0,0
1809,Len Tuckett,South Africa,77,Batsman ,Right Handed Bat ,Right-arm fast-medium,1,0,0,0,2,0,0,0,0,0,0,0,0,0,0,0,0,0,0,0,0,0,0,0,0,0,0,0,0,0,0,0,0,0,0,0,1,0,0,0,0,0,0,0,0,0,0,0,0,0,0,0,120,69,4,0,3.45,0,0,0,0,0,0,0,0,0,0,0,0,0,0,0
1810,Horace Chapman,South Africa,51,Batsman ,Right Handed Bat ,Right-arm legbreak,2,0,0,0,4,0,0,0,39,0,0,0,0,0,0,0,17,0,0,0,13,0,0,0,0,0,0,0,0,0,0,0,0,0,0,0,0,0,0,0,0,0,0,0,0,0,0,0,0,0,0,0,126,104,1,1,4.95,0,0,0,0,0,0,0,0,0,0,0,0,0,0,0
1811,Fred le,South Africa,81,Batsman ,Right Handed Bat ,Right-arm medium,1,0,0,0,2,0,0,0,1,0,0,0,0,0,0,0,1,0,0,0,0.5,0,0,0,0,0,0,0,0,0,0,0,0,0,0,0,1,0,0,0,0,0,0,0,0,0,0,0,0,0,0,0,54,24,3,0,2.67,0,0,0,0,0,0,0,0,0,0,0,0,0,0,0
1812,Dan Taylor,South Africa,70,Batsman ,Left Handed Bat,,2,0,0,0,4,0,0,0,85,0,0,0,0,0,0,0,36,0,0,0,21.25,0,0,0,0,0,0,0,0,0,0,0,0,0,0,0,0,0,0,0,0,0,0,0,0,0,0,0,0,0,0,0,0,0,0,0,0,0,0,0,0,0,0,0,0,0,0,0,0,0,0,0
1813,Reginald Hands,South Africa,29,Batsman ,Right Handed Bat,,1,0,0,0,2,0,0,0,7,0,0,0,0,0,0,0,7,0,0,0,3.5,0,0,0,0,0,0,0,0,0,0,0,0,0,0,0,1,0,0,0,0,0,0,0,0,0,0,0,0,0,0,0,0,0,0,0,0,0,0,0,0,0,0,0,0,0,0,0,0,0,0,0
1814,Bill Lundie,South Africa,29,Batsman ,Right Handed Bat ,Right-arm fast,1,0,0,0,2,0,0,0,1,0,0,0,0,0,0,0,1,0,0,0,1,0,0,0,0,0,0,0,0,0,0,0,0,0,0,0,0,0,0,0,0,0,0,0,0,0,0,0,0,0,0,0,286,107,9,4,2.24,0,0,0,0,0,0,0,0,0,0,0,0,0,0,0
1815,Charlie Frank,South Africa,70,Batsman ,Right Handed Bat,,3,0,0,0,6,0,0,0,236,0,0,0,0,0,0,0,152,0,0,0,39.33,0,0,0,0,0,0,0,20,0,0,0,0,0,0,0,0,0,0,0,0,0,0,0,1,0,0,0,0,0,0,0,0,0,0,0,0,0,0,0,0,0,0,0,0,0,0,0,0,0,0,0
1816,William Ling,South Africa,68,Batsman ,Right Handed Bat ,Right-arm legbreak,6,0,0,0,10,0,0,0,168,0,0,0,0,0,0,0,38,0,0,0,16.8,0,0,0,0,0,0,0,13,0,0,0,1,0,0,0,3,0,0,0,0,0,0,0,0,0,0,0,0,0,0,0,18,20,0,0,6.67,0,0,0,0,0,0,0,0,0,0,0,0,0,0,0
1817,Eric Marx,South Africa,78,Batsman ,Left Handed Bat ,Right-arm medium,3,0,0,0,6,0,0,0,125,0,0,0,0,0,0,0,36,0,0,0,20.83,0,0,0,0,0,0,0,16,0,0,0,0,0,0,0,1,0,0,0,0,0,0,0,0,0,0,0,0,0,0,0,228,144,1,4,3.79,0,0,0,0,0,0,0,0,0,0,0,0,0,0,0
1818,Buster Nupen,South Africa,75,Batsman ,Right Handed Bat ,Right-arm fast-medium,17,0,0,0,31,0,0,0,348,0,0,0,0,0,0,0,69,0,0,0,14.5,0,0,0,0,0,0,0,5,0,0,0,3,0,0,0,5,0,0,0,2,0,0,0,0,0,0,0,0,0,0,0,4159,1788,133,50,2.58,0,0,0,0,0,0,0,0,0,0,0,0,0,0,0
1819,Neville Lindsay,South Africa,89,Batsman ,Right Handed Bat,,1,0,0,0,2,0,0,0,35,0,0,0,0,0,0,0,29,0,0,0,17.5,0,0,0,0,0,0,0,4,0,0,0,0,0,0,0,0,0,0,0,0,0,0,0,0,0,0,0,0,0,0,0,0,0,0,0,0,0,0,0,0,0,0,0,0,0,0,0,0,0,0,0
1820,Norman Reid,South Africa,56,Batsman ,Right Handed Bat,,1,0,0,0,2,0,0,0,17,0,0,0,0,0,0,0,11,0,0,0,8.5,0,0,0,0,0,0,0,2,0,0,0,0,0,0,0,0,0,0,0,0,0,0,0,0,0,0,0,0,0,0,0,126,63,3,2,3,0,0,0,0,0,0,0,0,0,0,0,0,0,0,0
1821,William Brann,South Africa,54,Batsman ,Right Handed Bat,,3,0,0,0,5,0,0,0,71,0,0,0,0,0,0,0,50,0,0,0,14.2,0,0,0,0,0,0,0,0,0,0,0,0,0,0,0,1,0,0,0,1,0,0,0,0,0,0,0,0,0,0,0,0,0,0,0,0,0,0,0,0,0,0,0,0,0,0,0,0,0,0,0
1822,Izak Buys,South Africa,131,Batsman ,Right Handed Bat ,Left-arm fast-medium,1,0,0,0,2,0,0,0,4,0,0,0,0,0,0,0,4,0,0,0,4,0,0,0,0,0,0,0,0,0,0,0,0,0,0,0,1,0,0,0,0,0,0,0,0,0,0,0,0,0,0,0,144,52,4,0,2.17,0,0,0,0,0,0,0,0,0,0,0,0,0,0,0
1823,Bob Catterall,South Africa,60,Batsman ,Right Handed Bat ,Right-arm medium,24,0,0,0,43,0,0,0,1555,0,0,0,6,0,0,0,120,0,0,0,37.93,0,0,0,25916.67,0,0,0,36,0,0,0,8,0,0,0,3,0,0,0,11,0,0,0,3,0,0,0,0,0,0,0,342,162,7,7,2.84,0,0,0,0,0,0,0,0,0,0,0,0,0,0,0
1824,Cyril Francois,South Africa,46,Batsman ,Right Handed Bat ,Right-arm fast-medium,5,0,0,0,9,0,0,0,252,0,0,0,0,0,0,0,72,0,0,0,31.5,0,0,0,0,0,0,0,0,0,0,0,0,0,0,0,0,0,0,0,1,0,0,0,0,0,0,0,0,0,0,0,684,225,36,6,1.97,0,0,0,0,0,0,0,0,0,0,0,0,0,0,0
1825,George Hearne,South Africa,90,Batsman ,Right Handed Bat,,3,0,0,0,5,0,0,0,59,0,0,0,0,0,0,0,28,0,0,0,11.8,0,0,0,0,0,0,0,0,0,0,0,0,0,0,0,2,0,0,0,0,0,0,0,0,0,0,0,0,0,0,0,0,0,0,0,0,0,0,0,0,0,0,0,0,0,0,0,0,0,0,0
1826,Alf Hall,South Africa,67,Batsman ,Left Handed Bat ,Left-arm fast-medium,7,0,0,0,8,0,0,0,11,0,0,0,0,0,0,0,5,0,0,0,1.83,0,0,0,0,0,0,0,0,0,0,0,0,0,0,0,4,0,0,0,0,0,0,0,0,0,0,0,0,0,0,0,2361,886,107,40,2.25,0,0,0,0,0,0,0,0,0,0,0,0,0,0,0
1827,Doug Meintjes,South Africa,89,Batsman ,Right Handed Bat ,Right-arm fast-medium,2,0,0,0,3,0,0,0,43,0,0,0,0,0,0,0,21,0,0,0,14.33,0,0,0,0,0,0,0,0,0,0,0,0,0,0,0,0,0,0,0,0,0,0,0,0,0,0,0,0,0,0,0,246,115,7,6,2.8,0,0,0,0,0,0,0,0,0,0,0,0,0,0,0
1828,Doodles Tapscott,South Africa,40,Batsman ,Right Handed Bat,,2,0,0,0,3,0,0,0,58,0,0,0,0,0,0,0,50,0,0,0,29,0,0,0,0,0,0,0,0,0,0,0,1,0,0,0,0,0,0,0,1,0,0,0,0,0,0,0,0,0,0,0,12,2,1,0,1,0,0,0,0,0,0,0,0,0,0,0,0,0,0,0
1829,Conky Conyngham,South Africa,82,Batsman ,Right Handed Bat ,Right-arm medium,1,0,0,0,2,0,0,0,6,0,0,0,0,0,0,0,3,0,0,0,0,0,0,0,0,0,0,0,0,0,0,0,0,0,0,0,0,0,0,0,0,0,0,0,0,0,0,0,0,0,0,0,366,103,22,2,1.69,0,0,0,0,0,0,0,0,0,0,0,0,0,0,0
1830,Nummy Deane,South Africa,44,Batsman ,Right Handed Bat,,17,0,0,0,27,0,0,0,628,0,0,0,0,0,0,0,93,0,0,0,25.12,0,0,0,0,0,0,0,0,0,0,0,1,0,0,0,1,0,0,0,3,0,0,0,0,0,0,0,0,0,0,0,0,0,0,0,0,0,0,0,0,0,0,0,0,0,0,0,0,0,0,0
1831,George Parker,South Africa,69,Batsman ,Right Handed Bat ,Right-arm fast,2,0,0,0,4,0,0,0,3,0,0,0,1,0,0,0,2,0,0,0,1.5,0,0,0,300.00,0,0,0,0,0,0,0,0,0,0,0,2,0,0,0,0,0,0,0,0,0,0,0,0,0,0,0,366,273,2,8,4.48,0,0,0,0,0,0,0,0,0,0,0,0,0,0,0
1832,Fred Susskind,South Africa,66,Batsman ,Right Handed Bat,,5,0,0,0,8,0,0,0,268,0,0,0,0,0,0,0,65,0,0,0,33.5,0,0,0,0,0,0,0,0,0,0,0,0,0,0,0,0,0,0,0,4,0,0,0,0,0,0,0,0,0,0,0,0,0,0,0,0,0,0,0,0,0,0,0,0,0,0,0,0,0,0,0
1833,Jock Cameron,South Africa,30,Batsman ,Right Handed Bat,,26,0,0,0,45,0,0,0,1239,0,0,0,0,0,0,0,90,0,0,0,29.5,0,0,0,0,0,0,0,43,0,0,0,11,0,0,0,4,0,0,0,10,0,0,0,0,0,0,0,0,0,0,0,0,0,0,0,0,0,0,0,0,0,0,0,0,0,0,0,0,0,0,0
1834,Shunter Coen,South Africa,64,Batsman ,Right Handed Bat,,2,0,0,0,4,0,0,0,101,0,0,0,0,0,0,0,41,0,0,0,50.5,0,0,0,0,0,0,0,0,0,0,0,0,0,0,0,0,0,0,0,0,0,0,0,0,0,0,0,0,0,0,0,12,7,0,0,3.5,0,0,0,0,0,0,0,0,0,0,0,0,0,0,0
1835,Jacobus Duminy,South Africa,82,Batsman ,Left Handed Bat ,Left-arm orthodox,3,0,0,0,6,0,0,0,30,0,0,0,0,0,0,0,12,0,0,0,5,0,0,0,0,0,0,0,0,0,0,0,0,0,0,0,1,0,0,0,0,0,0,0,0,0,0,0,0,0,0,0,60,39,0,1,3.9,0,0,0,0,0,0,0,0,0,0,0,0,0,0,0
1836,Denys Morkel,South Africa,74,Batsman ,Right Handed Bat ,Right-arm fast-medium,16,0,0,0,28,0,0,0,663,0,0,0,3,0,0,0,88,0,0,0,24.56,0,0,0,22100.00,0,0,0,8,0,0,0,3,0,0,0,3,0,0,0,4,0,0,0,0,0,0,0,0,0,0,0,1704,821,55,18,2.89,0,0,0,0,0,0,0,0,0,0,0,0,0,0,0
1837,Henry Promnitz,South Africa,79,Batsman ,Right Handed Bat,,2,0,0,0,4,0,0,0,14,0,0,0,0,0,0,0,5,0,0,0,3.5,0,0,0,0,0,0,0,0,0,0,0,0,0,0,0,0,0,0,0,0,0,0,0,0,0,0,0,0,0,0,0,528,161,30,8,1.83,0,0,0,0,0,0,0,0,0,0,0,0,0,0,0
1838,Cyril Vincent,South Africa,66,Batsman ,Left Handed Bat ,Left-arm orthodox,25,0,0,0,38,0,0,0,526,0,0,0,2,0,0,0,60,0,0,0,20.23,0,0,0,26300.00,0,0,0,20,0,0,0,8,0,0,0,4,0,0,0,2,0,0,0,0,0,0,0,0,0,0,0,5851,2631,194,84,2.7,0,0,0,0,0,0,0,0,0,0,0,0,0,0,0
1839,George Finlay,South Africa,60,Batsman ,Right Handed Bat ,Right-arm fast,4,0,0,0,4,0,0,0,38,0,0,0,0,0,0,0,23,0,0,0,19,0,0,0,0,0,0,0,0,0,0,0,0,0,0,0,0,0,0,0,0,0,0,0,0,0,0,0,0,0,0,0,989,469,28,25,2.85,0,0,0,0,0,0,0,0,0,0,0,0,0,0,0
1840,Archibald Palm,South Africa,65,Batsman ,Right Handed Bat,,1,0,0,0,2,0,0,0,15,0,0,0,0,0,0,0,13,0,0,0,7.5,0,0,0,0,0,0,0,0,0,0,0,0,0,0,0,0,0,0,0,0,0,0,0,0,0,0,0,0,0,0,0,0,0,0,0,0,0,0,0,0,0,0,0,0,0,0,0,0,0,0,0
1841,John Nicolson,South Africa,36,Batsman ,Left Handed Bat,,3,0,0,0,5,0,0,0,179,0,0,0,0,0,0,0,78,0,0,0,35.8,0,0,0,0,0,0,0,0,0,0,0,0,0,0,0,0,0,0,0,1,0,0,0,0,0,0,0,0,0,0,0,24,17,0,0,4.25,0,0,0,0,0,0,0,0,0,0,0,0,0,0,0
1842,Arthur Ochse,South Africa,49,Batsman ,Right Handed Bat ,Right-arm fast,3,0,0,0,4,0,0,0,11,0,0,0,0,0,0,0,4,0,0,0,3.67,0,0,0,0,0,0,0,0,0,0,0,0,0,0,0,0,0,0,0,0,0,0,0,0,0,0,0,0,0,0,0,649,362,10,10,3.35,0,0,0,0,0,0,0,0,0,0,0,0,0,0,0
1843,Jack Siedle,South Africa,79,Batsman ,Right Handed Bat,,18,0,0,0,34,0,0,0,977,0,0,0,1,0,0,0,141,0,0,0,28.74,0,0,0,97700.00,0,0,0,38,0,0,0,1,0,0,0,3,0,0,0,5,0,0,0,1,0,0,0,0,0,0,0,19,7,1,1,2.21,0,0,0,0,0,0,0,0,0,0,0,0,0,0,0
1844,Jim Christy,South Africa,66,Batsman ,Right Handed Bat ,Right-arm medium,10,0,0,0,18,0,0,0,618,0,0,0,1,0,0,0,103,0,0,0,34.33,0,0,0,61800.00,0,0,0,24,0,0,0,3,0,0,0,1,0,0,0,5,0,0,0,1,0,0,0,0,0,0,0,138,92,4,2,4,0,0,0,0,0,0,0,0,0,0,0,0,0,0,0
1845,Bruce Mitchell,South Africa,86,Batsman ,Right Handed Bat ,Right-arm legbreak,42,0,0,0,80,0,0,0,3471,0,0,0,0,0,0,0,189,0,0,0,48.89,0,0,0,0,0,0,0,101,0,0,0,1,0,0,0,3,0,0,0,21,0,0,0,8,0,0,0,0,0,0,0,2175,1380,26,27,3.81,0,0,0,0,0,0,0,0,0,0,0,0,0,0,0
1846,Tuppy Owen,South Africa,81,Batsman ,Right Handed Bat ,Right-arm legbreak,5,0,0,0,8,0,0,0,252,0,0,0,0,0,0,0,129,0,0,0,42,0,0,0,0,0,0,0,0,0,0,0,2,0,0,0,0,0,0,0,1,0,0,0,1,0,0,0,0,0,0,0,156,113,0,0,4.35,0,0,0,0,0,0,0,0,0,0,0,0,0,0,0
1847,Neville Quinn,South Africa,26,Batsman ,Left Handed Bat ,Left-arm fast-medium,12,0,0,0,18,0,0,0,90,0,0,0,1,0,0,0,28,0,0,0,6,0,0,0,9000.00,0,0,0,0,0,0,0,1,0,0,0,1,0,0,0,0,0,0,0,0,0,0,0,0,0,0,0,2922,1145,103,35,2.35,0,0,0,0,0,0,0,0,0,0,0,0,0,0,0
1848,Sandy Bell,South Africa,79,Batsman ,Right Handed Bat ,Right-arm fast-medium,16,0,0,0,23,0,0,0,69,0,0,0,2,0,0,0,26,0,0,0,6.27,0,0,0,3450.00,0,0,0,0,0,0,0,0,0,0,0,6,0,0,0,0,0,0,0,0,0,0,0,0,0,0,0,3342,1567,89,48,2.81,0,0,0,0,0,0,0,0,0,0,0,0,0,0,0
1849,Eric Dalton,South Africa,74,Batsman ,Right Handed Bat,,15,0,0,0,24,0,0,0,698,0,0,0,0,0,0,0,117,0,0,0,31.73,0,0,0,0,0,0,0,38,0,0,0,2,0,0,0,1,0,0,0,3,0,0,0,2,0,0,0,0,0,0,0,710,490,7,12,4.14,0,0,0,0,0,0,0,0,0,0,0,0,0,0,0
1850,Quintin McMillan,South Africa,44,Batsman ,Right Handed Bat ,Right-arm legbreak,13,0,0,0,21,0,0,0,306,0,0,0,2,0,0,0,50,0,0,0,18,0,0,0,15300.00,0,0,0,15,0,0,0,3,0,0,0,4,0,0,0,1,0,0,0,0,0,0,0,0,0,0,0,2021,1243,38,36,3.69,0,0,0,0,0,0,0,0,0,0,0,0,0,0,0
1851,Edward van,South Africa,67,Batsman ,Right Handed Bat,,2,0,0,0,4,0,0,0,27,0,0,0,0,0,0,0,19,0,0,0,9,0,0,0,0,0,0,0,0,0,0,0,0,0,0,0,1,0,0,0,0,0,0,0,0,0,0,0,0,0,0,0,0,0,0,0,0,0,0,0,0,0,0,0,0,0,0,0,0,0,0,0
1852,Xen Balaskas,South Africa,83,Batsman ,Right Handed Bat ,Right-arm legbreak,9,0,0,0,13,0,0,0,174,0,0,0,0,0,0,0,122,0,0,0,14.5,0,0,0,0,0,0,0,0,0,0,0,0,0,0,0,5,0,0,0,0,0,0,0,1,0,0,0,0,0,0,0,1524,806,28,22,3.17,0,0,0,0,0,0,0,0,0,0,0,0,0,0,0
1853,Syd Curnow,South Africa,78,Batsman ,Right Handed Bat,,7,0,0,0,14,0,0,0,168,0,0,0,0,0,0,0,47,0,0,0,12,0,0,0,0,0,0,0,12,0,0,0,0,0,0,0,0,0,0,0,0,0,0,0,0,0,0,0,0,0,0,0,0,0,0,0,0,0,0,0,0,0,0,0,0,0,0,0,0,0,0,0
1854,Bob Newson,South Africa,77,Batsman ,Right Handed Bat ,Right-arm fast,3,0,0,0,5,0,0,0,30,0,0,0,0,0,0,0,16,0,0,0,7.5,0,0,0,0,0,0,0,1,0,0,0,0,0,0,0,0,0,0,0,0,0,0,0,0,0,0,0,0,0,0,0,690,265,15,4,2.3,0,0,0,0,0,0,0,0,0,0,0,0,0,0,0
1855,Ken Viljoen,South Africa,63,Batsman ,Right Handed Bat,,27,0,0,0,50,0,0,0,1365,0,0,0,0,0,0,0,124,0,0,0,28.44,0,0,0,0,0,0,0,52,0,0,0,0,0,0,0,5,0,0,0,9,0,0,0,2,0,0,0,0,0,0,0,48,23,1,0,2.88,0,0,0,0,0,0,0,0,0,0,0,0,0,0,0
1856,John Cochran,South Africa,77,Batsman ,Right Handed Bat ,Right-arm fast-medium,1,0,0,0,1,0,0,0,4,0,0,0,0,0,0,0,4,0,0,0,4,0,0,0,0,0,0,0,1,0,0,0,0,0,0,0,0,0,0,0,0,0,0,0,0,0,0,0,0,0,0,0,138,47,5,0,2.04,0,0,0,0,0,0,0,0,0,0,0,0,0,0,0
1857,Lennox Brown,South Africa,72,Batsman ,Right Handed Bat,,2,0,0,0,3,0,0,0,17,0,0,0,0,0,0,0,8,0,0,0,5.67,0,0,0,0,0,0,0,0,0,0,0,0,0,0,0,0,0,0,0,0,0,0,0,0,0,0,0,0,0,0,0,318,189,7,3,3.57,0,0,0,0,0,0,0,0,0,0,0,0,0,0,0
1858,Bob Crisp,South Africa,82,Batsman ,Right Handed Bat ,Right-arm fast,9,0,0,0,13,0,0,0,123,0,0,0,2,0,0,0,35,0,0,0,10.25,0,0,0,6150.00,0,0,0,8,0,0,0,1,0,0,0,5,0,0,0,0,0,0,0,0,0,0,0,0,0,0,0,1428,747,30,20,3.14,0,0,0,0,0,0,0,0,0,0,0,0,0,0,0
1859,Chud Langton,South Africa,30,Batsman ,Right Handed Bat,,15,0,0,0,23,0,0,0,298,0,0,0,1,0,0,0,73,0,0,0,15.68,0,0,0,29800.00,0,0,0,0,0,0,0,4,0,0,0,5,0,0,0,2,0,0,0,0,0,0,0,0,0,0,0,3763,1827,104,40,2.91,0,0,0,0,0,0,0,0,0,0,0,0,0,0,0
1860,Dudley Nourse,South Africa,70,Batsman ,Right Handed Bat,,34,0,0,0,62,0,0,0,2960,0,0,0,0,0,0,0,231,0,0,0,53.82,0,0,0,0,0,0,0,152,0,0,0,6,0,0,0,3,0,0,0,14,0,0,0,9,0,0,0,2,0,0,0,18,9,1,0,3,0,0,0,0,0,0,0,0,0,0,0,0,0,0,0
1861,Eric Rowan,South Africa,83,Batsman ,Right Handed Bat ,Right-arm legbreak,26,0,0,0,50,0,0,0,1965,0,0,0,4,0,0,0,236,0,0,0,43.67,0,0,0,49125.00,0,0,0,41,0,0,0,0,0,0,0,4,0,0,0,12,0,0,0,3,0,0,0,1,0,0,0,17,7,1,0,2.47,0,0,0,0,0,0,0,0,0,0,0,0,0,0,0
1862,Denis Tomlinson,South Africa,82,Batsman ,Right Handed Bat ,Right-arm legbreak,1,0,0,0,1,0,0,0,9,0,0,0,0,0,0,0,9,0,0,0,9,0,0,0,0,0,0,0,2,0,0,0,0,0,0,0,0,0,0,0,0,0,0,0,0,0,0,0,0,0,0,0,60,38,0,0,3.8,0,0,0,0,0,0,0,0,0,0,0,0,0,0,0
1863,Herby Wade,South Africa,75,Batsman ,Right Handed Bat,,10,0,0,0,18,0,0,0,327,0,0,0,0,0,0,0,40,0,0,0,20.44,0,0,0,0,0,0,0,5,0,0,0,0,0,0,0,4,0,0,0,0,0,0,0,0,0,0,0,0,0,0,0,0,0,0,0,0,0,0,0,0,0,0,0,0,0,0,0,0,0,0,0
1864,Nipper Nicholson,South Africa,72,Batsman ,Right Handed Bat,,4,0,0,0,8,0,0,0,76,0,0,0,0,0,0,0,29,0,0,0,10.86,0,0,0,0,0,0,0,2,0,0,0,1,0,0,0,4,0,0,0,0,0,0,0,0,0,0,0,0,0,0,0,0,0,0,0,0,0,0,0,0,0,0,0,0,0,0,0,0,0,0,0
1865,Jack Robertson,South Africa,79,Batsman ,Right Handed Bat,,3,0,0,0,6,0,0,0,51,0,0,0,0,0,0,0,17,0,0,0,10.2,0,0,0,0,0,0,0,3,0,0,0,0,0,0,0,0,0,0,0,0,0,0,0,0,0,0,0,0,0,0,0,738,321,26,6,2.61,0,0,0,0,0,0,0,0,0,0,0,0,0,0,0
1866,Ernest Bock,South Africa,52,Batsman ,Right Handed Bat ,Right-arm medium,1,0,0,0,2,0,0,0,11,0,0,0,0,0,0,0,9,0,0,0,0,0,0,0,0,0,0,0,0,0,0,0,0,0,0,0,0,0,0,0,0,0,0,0,0,0,0,0,0,0,0,0,138,91,2,0,3.96,0,0,0,0,0,0,0,0,0,0,0,0,0,0,0
1867,Dooley Briscoe,South Africa,30,Batsman ,Right Handed Bat,,2,0,0,0,3,0,0,0,33,0,0,0,0,0,0,0,16,0,0,0,11,0,0,0,0,0,0,0,0,0,0,0,0,0,0,0,0,0,0,0,0,0,0,0,0,0,0,0,0,0,0,0,0,0,0,0,0,0,0,0,0,0,0,0,0,0,0,0,0,0,0,0
1868,Eric Davies,South Africa,67,Batsman ,Left Handed Bat ,Right-arm fast,5,0,0,0,8,0,0,0,9,0,0,0,0,0,0,0,3,0,0,0,1.8,0,0,0,0,0,0,0,0,0,0,0,0,0,0,0,2,0,0,0,0,0,0,0,0,0,0,0,0,0,0,0,640,481,7,7,4.51,0,0,0,0,0,0,0,0,0,0,0,0,0,0,0
1869,Robert Harvey,South Africa,88,Batsman ,Right Handed Bat ,Right-arm medium,2,0,0,0,4,0,0,0,51,0,0,0,0,0,0,0,28,0,0,0,12.75,0,0,0,0,0,0,0,0,0,0,0,1,0,0,0,0,0,0,0,0,0,0,0,0,0,0,0,0,0,0,0,0,0,0,0,0,0,0,0,0,0,0,0,0,0,0,0,0,0,0,0
1870,Gerald Bond,South Africa,56,Batsman ,Right Handed Bat ,Right-arm medium,1,0,0,0,1,0,0,0,0,0,0,0,1,0,0,0,0,0,0,0,0,0,0,0,0.00,0,0,0,0,0,0,0,0,0,0,0,1,0,0,0,0,0,0,0,0,0,0,0,0,0,0,0,12,16,0,0,8,0,0,0,0,0,0,0,0,0,0,0,0,0,0,0
1871,Norman Gordon,South Africa,114,Batsman ,Right Handed Bat ,Right-arm fast,5,0,0,0,6,0,0,0,8,0,0,0,1,0,0,0,7,0,0,0,2,0,0,0,800.00,0,0,0,0,0,0,0,0,0,0,0,3,0,0,0,0,0,0,0,0,0,0,0,0,0,0,0,1476,807,28,20,3.28,0,0,0,0,0,0,0,0,0,0,0,0,0,0,0
1872,Alan Melville,South Africa,72,Batsman ,Right Handed Bat,,11,0,0,0,19,0,0,0,894,0,0,0,0,0,0,0,189,0,0,0,52.59,0,0,0,0,0,0,0,71,0,0,0,1,0,0,0,2,0,0,0,3,0,0,0,4,0,0,0,0,0,0,0,0,0,0,0,0,0,0,0,0,0,0,0,0,0,0,0,0,0,0,0
1873,Pieter van,South Africa,65,Batsman ,Right Handed Bat,,5,0,0,0,9,0,0,0,460,0,0,0,0,0,0,0,125,0,0,0,51.11,0,0,0,0,0,0,0,33,0,0,0,3,0,0,0,0,0,0,0,2,0,0,0,1,0,0,0,0,0,0,0,0,0,0,0,0,0,0,0,0,0,0,0,0,0,0,0,0,0,0,0
1874,Billy Wade,South Africa,88,Batsman ,Right Handed Bat,,11,0,0,0,19,0,0,0,511,0,0,0,1,0,0,0,125,0,0,0,28.39,0,0,0,51100.00,0,0,0,0,0,0,0,1,0,0,0,3,0,0,0,3,0,0,0,1,0,0,0,0,0,0,0,0,0,0,0,0,0,0,0,0,0,0,0,0,0,0,0,0,0,0,0
1875,Ronnie Grieveson,South Africa,88,Batsman ,Right Handed Bat,,2,0,0,0,2,0,0,0,114,0,0,0,0,0,0,0,75,0,0,0,57,0,0,0,0,0,0,0,3,0,0,0,0,0,0,0,0,0,0,0,1,0,0,0,0,0,0,0,0,0,0,0,0,0,0,0,0,0,0,0,0,0,0,0,0,0,0,0,0,0,0,0
1876,Ossie Dawson,South Africa,89,Batsman ,Right Handed Bat ,Right-arm medium,9,0,0,0,15,0,0,0,293,0,0,0,0,0,0,0,55,0,0,0,20.93,0,0,0,0,0,0,0,0,0,0,0,0,0,0,0,1,0,0,0,1,0,0,0,0,0,0,0,0,0,0,0,1210,578,41,10,2.87,0,0,0,0,0,0,0,0,0,0,0,0,0,0,0
1877,Tony Harris,South Africa,76,Batsman ,Right Handed Bat,,3,0,0,0,5,0,0,0,100,0,0,0,0,0,0,0,60,0,0,0,25,0,0,0,0,0,0,0,9,0,0,0,0,0,0,0,0,0,0,0,1,0,0,0,0,0,0,0,0,0,0,0,0,0,0,0,0,0,0,0,0,0,0,0,0,0,0,0,0,0,0,0
1878,Johnny Lindsay,South Africa,81,Batsman ,Right Handed Bat,,3,0,0,0,5,0,0,0,21,0,0,0,0,0,0,0,9,0,0,0,7,0,0,0,0,0,0,0,0,0,0,0,0,0,0,0,2,0,0,0,0,0,0,0,0,0,0,0,0,0,0,0,0,0,0,0,0,0,0,0,0,0,0,0,0,0,0,0,0,0,0,0
1879,Tufty Mann,South Africa,31,Batsman ,Right Handed Bat ,Left-arm orthodox,19,0,0,0,31,0,0,0,400,0,0,0,2,0,0,0,52,0,0,0,13.33,0,0,0,20000.00,0,0,0,1,0,0,0,3,0,0,0,4,0,0,0,1,0,0,0,0,0,0,0,0,0,0,0,5080,1920,260,58,2.27,0,0,0,0,0,0,0,0,0,0,0,0,0,0,0
1880,Athol Rowan,South Africa,77,Batsman ,Right Handed Bat ,Right-arm offbreak,15,0,0,0,23,0,0,0,290,0,0,0,0,0,0,0,41,0,0,0,17.06,0,0,0,0,0,0,0,0,0,0,0,1,0,0,0,3,0,0,0,0,0,0,0,0,0,0,0,0,0,0,0,4639,2084,136,54,2.7,0,0,0,0,0,0,0,0,0,0,0,0,0,0,0
1881,Ian Smith,South Africa,101,Batsman ,Right Handed Bat ,Right-arm legbreak,9,0,0,0,16,0,0,0,39,0,0,0,1,0,0,0,11,0,0,0,3.9,0,0,0,3900.00,0,0,0,0,0,0,0,0,0,0,0,4,0,0,0,0,0,0,0,0,0,0,0,0,0,0,0,1519,769,55,12,3.04,0,0,0,0,0,0,0,0,0,0,0,0,0,0,0
1882,Lindsay Tuckett,South Africa,107,Batsman ,Right Handed Bat ,Right-arm fast-medium,9,0,0,0,14,0,0,0,131,0,0,0,2,0,0,0,40,0,0,0,11.91,0,0,0,6550.00,0,0,0,0,0,0,0,0,0,0,0,3,0,0,0,0,0,0,0,0,0,0,0,0,0,0,0,1956,980,47,19,3.01,0,0,0,0,0,0,0,0,0,0,0,0,0,0,0
1883,Dennis Dyer,South Africa,76,Batsman ,Right Handed Bat ,Left-arm orthodox,3,0,0,0,6,0,0,0,96,0,0,0,0,0,0,0,62,0,0,0,16,0,0,0,0,0,0,0,0,0,0,0,0,0,0,0,0,0,0,0,1,0,0,0,0,0,0,0,0,0,0,0,0,0,0,0,0,0,0,0,0,0,0,0,0,0,0,0,0,0,0,0
1884,Jack Plimsoll,South Africa,82,Batsman ,Right Handed Bat ,Left-arm fast-medium,1,0,0,0,2,0,0,0,16,0,0,0,0,0,0,0,8,0,0,0,16,0,0,0,0,0,0,0,0,0,0,0,0,0,0,0,0,0,0,0,0,0,0,0,0,0,0,0,0,0,0,0,237,143,9,3,3.62,0,0,0,0,0,0,0,0,0,0,0,0,0,0,0
1885,George Fullerton,South Africa,79,Batsman ,Right Handed Bat ,Right-arm medium,7,0,0,0,13,0,0,0,325,0,0,0,0,0,0,0,88,0,0,0,25,0,0,0,0,0,0,0,14,0,0,0,1,0,0,0,1,0,0,0,3,0,0,0,0,0,0,0,0,0,0,0,0,0,0,0,0,0,0,0,0,0,0,0,0,0,0,0,0,0,0,0
1886,Denis Begbie,South Africa,94,Batsman ,Right Handed Bat,,5,0,0,0,7,0,0,0,138,0,0,0,0,0,0,0,48,0,0,0,19.71,0,0,0,0,0,0,0,0,0,0,0,1,0,0,0,0,0,0,0,0,0,0,0,0,0,0,0,0,0,0,0,120,130,0,1,6.5,0,0,0,0,0,0,0,0,0,0,0,0,0,0,0
1887,Cuan McCarthy,South Africa,71,Batsman ,Right Handed Bat ,Right-arm fast,15,0,0,0,24,0,0,0,28,0,0,0,0,0,0,0,5,0,0,0,3.11,0,0,0,0,0,0,0,0,0,0,0,0,0,0,0,6,0,0,0,0,0,0,0,0,0,0,0,0,0,0,0,2893,1510,64,36,3.13,0,0,0,0,0,0,0,0,0,0,0,0,0,0,0
1888,Owen Wynne,South Africa,56,Batsman ,Right Handed Bat,,6,0,0,0,12,0,0,0,219,0,0,0,0,0,0,0,50,0,0,0,18.25,0,0,0,0,0,0,0,0,0,0,0,0,0,0,0,0,0,0,0,1,0,0,0,0,0,0,0,0,0,0,0,0,0,0,0,0,0,0,0,0,0,0,0,0,0,0,0,0,0,0,0
1889,Martin Hanley,South Africa,81,Batsman ,Right Handed Bat ,Right-arm offbreak,1,0,0,0,1,0,0,0,0,0,0,0,0,0,0,0,0,0,0,0,0,0,0,0,0,0,0,0,0,0,0,0,0,0,0,0,1,0,0,0,0,0,0,0,0,0,0,0,0,0,0,0,174,88,7,1,3.03,0,0,0,0,0,0,0,0,0,0,0,0,0,0,0
1890,Fish Markham,South Africa,75,Batsman ,Right Handed Bat ,Right-arm legbreak,1,0,0,0,1,0,0,0,20,0,0,0,0,0,0,0,20,0,0,0,20,0,0,0,0,0,0,0,0,0,0,0,0,0,0,0,0,0,0,0,0,0,0,0,0,0,0,0,0,0,0,0,78,72,1,1,5.54,0,0,0,0,0,0,0,0,0,0,0,0,0,0,0
1891,Jack Cheetham,South Africa,60,Batsman ,Right Handed Bat ,Right-arm legbreak,24,0,0,0,43,0,0,0,883,0,0,0,0,0,0,0,89,0,0,0,23.24,0,0,0,0,0,0,0,52,0,0,0,3,0,0,0,1,0,0,0,5,0,0,0,0,0,0,0,0,0,0,0,6,2,0,0,2,0,0,0,0,0,0,0,0,0,0,0,0,0,0,0
1892,Jack Nel,South Africa,97,Batsman ,Right Handed Bat,,6,0,0,0,11,0,0,0,150,0,0,0,0,0,0,0,38,0,0,0,13.64,0,0,0,0,0,0,0,0,0,0,0,0,0,0,0,1,0,0,0,0,0,0,0,0,0,0,0,0,0,0,0,0,0,0,0,0,0,0,0,0,0,0,0,0,0,0,0,0,0,0,0
1893,Hugh Tayfield,South Africa,65,Batsman ,Right Handed Bat ,Right-arm offbreak,37,0,0,0,60,0,0,0,862,0,0,0,1,0,0,0,75,0,0,0,16.9,0,0,0,86200.00,0,0,0,26,0,0,0,5,0,0,0,5,0,0,0,2,0,0,0,0,0,0,0,0,0,0,0,11116,4405,602,170,2.38,0,0,0,0,0,0,0,0,0,0,0,0,0,0,0
1894,John Watkins,South Africa,103,Batsman ,Right Handed Bat ,Right-arm medium,15,0,0,0,27,0,0,0,612,0,0,0,0,0,0,0,92,0,0,0,23.54,0,0,0,0,0,0,0,37,0,0,0,1,0,0,0,2,0,0,0,3,0,0,0,0,0,0,0,0,0,0,0,2249,816,134,29,2.18,0,0,0,0,0,0,0,0,0,0,0,0,0,0,0
1895,Ronald Draper,South Africa,99,Batsman ,Right Handed Bat,,2,0,0,0,3,0,0,0,25,0,0,0,0,0,0,0,15,0,0,0,8.33,0,0,0,0,0,0,0,0,0,0,0,0,0,0,0,0,0,0,0,0,0,0,0,0,0,0,0,0,0,0,0,0,0,0,0,0,0,0,0,0,0,0,0,0,0,0,0,0,0,0,0
1896,Michael Melle,South Africa,73,Batsman ,Right Handed Bat ,Right-arm fast,7,0,0,0,12,0,0,0,68,0,0,0,0,0,0,0,17,0,0,0,8.5,0,0,0,0,0,0,0,2,0,0,0,0,0,0,0,1,0,0,0,0,0,0,0,0,0,0,0,0,0,0,0,1271,851,20,26,4.02,0,0,0,0,0,0,0,0,0,0,0,0,0,0,0
1897,Paul Winslow,South Africa,97,Batsman ,Right Handed Bat ,Right-arm legbreak,5,0,0,0,9,0,0,0,186,0,0,0,8,0,0,0,108,0,0,0,20.67,0,0,0,2325.00,0,0,0,15,0,0,0,5,0,0,0,1,0,0,0,0,0,0,0,1,0,0,0,0,0,0,0,0,0,0,0,0,0,0,0,0,0,0,0,0,0,0,0,0,0,0,0
1898,Geoff Chubb,South Africa,71,Batsman ,Right Handed Bat ,Right-arm fast-medium,5,0,0,0,9,0,0,0,63,0,0,0,0,0,0,0,15,0,0,0,10.5,0,0,0,0,0,0,0,1,0,0,0,0,0,0,0,0,0,0,0,0,0,0,0,0,0,0,0,0,0,0,0,1425,577,63,21,2.43,0,0,0,0,0,0,0,0,0,0,0,0,0,0,0
1899,Jackie McGlew,South Africa,69,Batsman ,Right Handed Bat ,Right-arm legbreak,34,0,0,0,64,0,0,0,2440,0,0,0,3,0,0,0,255,0,0,0,42.07,0,0,0,81333.34,0,0,0,154,0,0,0,2,0,0,0,4,0,0,0,10,0,0,0,7,0,0,0,1,0,0,0,24,23,0,0,5.75,0,0,0,0,0,0,0,0,0,0,0,0,0,0,0
1900,Clive van,South Africa,98,Batsman ,Right Handed Bat ,Right-arm legbreak,19,0,0,0,33,0,0,0,724,0,0,0,0,0,0,0,83,0,0,0,26.81,0,0,0,0,0,0,0,25,0,0,0,0,0,0,0,2,0,0,0,3,0,0,0,0,0,0,0,0,0,0,0,1198,671,27,17,3.36,0,0,0,0,0,0,0,0,0,0,0,0,0,0,0
1901,John Waite,South Africa,96,Batsman ,Right Handed Bat,,50,0,0,0,86,0,0,0,2405,0,0,0,289,0,0,0,134,0,0,0,30.44,0,0,0,832.18,0,0,0,137,0,0,0,1,0,0,0,9,0,0,0,16,0,0,0,4,0,0,0,0,0,0,0,0,0,0,0,0,0,0,0,0,0,0,0,0,0,0,0,0,0,0,0
1902,Roy McLean,South Africa,77,Batsman ,Right Handed Bat,,40,0,0,0,73,0,0,0,2120,0,0,0,171,0,0,0,142,0,0,0,30.29,0,0,0,1239.77,0,0,0,225,0,0,0,12,0,0,0,11,0,0,0,10,0,0,0,5,0,0,0,0,0,0,0,4,1,0,0,0,0,0,0,0,0,0,0,0,0,0,0,0,0,0,0
1903,Percy Mansell,South Africa,75,Batsman ,Right Handed Bat ,Right-arm legbreak,13,0,0,0,22,0,0,0,355,0,0,0,0,0,0,0,90,0,0,0,17.75,0,0,0,0,0,0,0,44,0,0,0,0,0,0,0,3,0,0,0,2,0,0,0,0,0,0,0,0,0,0,0,1272,736,31,11,3.47,0,0,0,0,0,0,0,0,0,0,0,0,0,0,0
1904,Russell Endean,South Africa,79,Batsman ,Right Handed Bat,,28,0,0,0,52,0,0,0,1630,0,0,0,0,0,0,0,162,0,0,0,33.96,0,0,0,0,0,0,0,90,0,0,0,1,0,0,0,3,0,0,0,8,0,0,0,3,0,0,0,0,0,0,0,0,0,0,0,0,0,0,0,0,0,0,0,0,0,0,0,0,0,0,0
1905,Ken Funston,South Africa,79,Batsman ,Right Handed Bat,,18,0,0,0,33,0,0,0,824,0,0,0,0,0,0,0,92,0,0,0,25.75,0,0,0,0,0,0,0,32,0,0,0,3,0,0,0,2,0,0,0,5,0,0,0,0,0,0,0,0,0,0,0,0,0,0,0,0,0,0,0,0,0,0,0,0,0,0,0,0,0,0,0
1906,Anton Murray,South Africa,72,Batsman ,Right Handed Bat,,10,0,0,0,14,0,0,0,289,0,0,0,0,0,0,0,109,0,0,0,22.23,0,0,0,0,0,0,0,23,0,0,0,0,0,0,0,1,0,0,0,1,0,0,0,1,0,0,0,0,0,0,0,1904,710,111,18,2.24,0,0,0,0,0,0,0,0,0,0,0,0,0,0,0
1907,Eddie Fuller,South Africa,76,Batsman ,Right Handed Bat ,Right-arm fast-medium,7,0,0,0,9,0,0,0,64,0,0,0,0,0,0,0,17,0,0,0,8,0,0,0,0,0,0,0,5,0,0,0,1,0,0,0,2,0,0,0,0,0,0,0,0,0,0,0,0,0,0,0,1676,668,61,22,2.39,0,0,0,0,0,0,0,0,0,0,0,0,0,0,0
1908,Headley Keith,South Africa,70,Batsman ,Left Handed Bat ,Left-arm orthodox,8,0,0,0,16,0,0,0,318,0,0,0,0,0,0,0,73,0,0,0,21.2,0,0,0,0,0,0,0,36,0,0,0,0,0,0,0,3,0,0,0,2,0,0,0,0,0,0,0,0,0,0,0,90,63,2,0,4.2,0,0,0,0,0,0,0,0,0,0,0,0,0,0,0
1909,Neil Adcock,South Africa,95,Batsman ,Right Handed Bat ,Right-arm fast,26,0,0,0,39,0,0,0,146,0,0,0,1,0,0,0,24,0,0,0,5.41,0,0,0,14600.00,0,0,0,7,0,0,0,1,0,0,0,9,0,0,0,0,0,0,0,0,0,0,0,0,0,0,0,5507,2195,218,104,2.39,0,0,0,0,0,0,0,0,0,0,0,0,0,0,0
1910,David Ironside,South Africa,80,Batsman ,Right Handed Bat ,Right-arm fast-medium,3,0,0,0,4,0,0,0,37,0,0,0,0,0,0,0,13,0,0,0,18.5,0,0,0,0,0,0,0,0,0,0,0,0,0,0,0,0,0,0,0,0,0,0,0,0,0,0,0,0,0,0,0,742,275,41,15,2.22,0,0,0,0,0,0,0,0,0,0,0,0,0,0,0
1911,Dick Westcott,South Africa,98,Batsman ,Right Handed Bat ,Right-arm medium,5,0,0,0,9,0,0,0,166,0,0,0,0,0,0,0,62,0,0,0,18.44,0,0,0,0,0,0,0,10,0,0,0,0,0,0,0,2,0,0,0,1,0,0,0,0,0,0,0,0,0,0,0,24,22,0,0,5.5,0,0,0,0,0,0,0,0,0,0,0,0,0,0,0
1912,Trevor Goddard,South Africa,94,Batsman ,Left Handed Bat ,Left-arm medium,41,0,0,0,78,0,0,0,2516,0,0,0,1067,0,0,0,112,0,0,0,34.47,0,0,0,235.81,0,0,0,154,0,0,0,6,0,0,0,4,0,0,0,18,0,0,0,1,0,0,0,0,0,0,0,10612,3226,706,123,1.82,0,0,0,0,0,0,0,0,0,0,0,0,0,0,0
1913,Peter Heine,South Africa,76,Batsman ,Right Handed Bat ,Right-arm fast,14,0,0,0,24,0,0,0,209,0,0,0,3,0,0,0,31,0,0,0,9.95,0,0,0,6966.67,0,0,0,12,0,0,0,4,0,0,0,3,0,0,0,0,0,0,0,0,0,0,0,0,0,0,0,3274,1455,106,58,2.67,0,0,0,0,0,0,0,0,0,0,0,0,0,0,0
1914,Scotch Taylor,South Africa,78,Batsman ,Right Handed Bat ,Right-arm legbreak,1,0,0,0,2,0,0,0,18,0,0,0,0,0,0,0,12,0,0,0,9,0,0,0,0,0,0,0,0,0,0,0,0,0,0,0,0,0,0,0,0,0,0,0,0,0,0,0,0,0,0,0,0,0,0,0,0,0,0,0,0,0,0,0,0,0,0,0,0,0,0,0
1915,Tony Pithey,South Africa,73,Batsman ,Right Handed Bat ,Right-arm offbreak,17,0,0,0,27,0,0,0,819,0,0,0,1203,0,0,0,154,0,0,0,31.5,0,0,0,68.08,0,0,0,67,0,0,0,2,0,0,0,2,0,0,0,4,0,0,0,1,0,0,0,0,0,0,0,12,5,0,0,2.5,0,0,0,0,0,0,0,0,0,0,0,0,0,0,0
1916,Chris Duckworth,South Africa,93,Batsman ,Right Handed Bat,,2,0,0,0,4,0,0,0,28,0,0,0,0,0,0,0,13,0,0,0,7,0,0,0,0,0,0,0,2,0,0,0,0,0,0,0,0,0,0,0,0,0,0,0,0,0,0,0,0,0,0,0,0,0,0,0,0,0,0,0,0,0,0,0,0,0,0,0,0,0,0,0
1917,Chris Burger,South Africa,90,Batsman ,Right Handed Bat ,Right-arm medium,2,0,0,0,4,0,0,0,62,0,0,0,0,0,0,0,37,0,0,0,20.67,0,0,0,0,0,0,0,0,0,0,0,1,0,0,0,0,0,0,0,0,0,0,0,0,0,0,0,0,0,0,0,0,0,0,0,0,0,0,0,0,0,0,0,0,0,0,0,0,0,0,0
1918,Peter Carlstein,South Africa,87,Batsman ,Right Handed Bat ,Right-arm legbreak,8,0,0,0,14,0,0,0,190,0,0,0,0,0,0,0,42,0,0,0,14.62,0,0,0,0,0,0,0,14,0,0,0,0,0,0,0,1,0,0,0,0,0,0,0,0,0,0,0,0,0,0,0,0,0,0,0,0,0,0,0,0,0,0,0,0,0,0,0,0,0,0,0
1919,Pom Pom,South Africa,94,Batsman ,Right Handed Bat ,Right-arm medium,4,0,0,0,8,0,0,0,166,0,0,0,0,0,0,0,35,0,0,0,27.67,0,0,0,0,0,0,0,14,0,0,0,0,0,0,0,0,0,0,0,0,0,0,0,0,0,0,0,0,0,0,0,114,61,1,0,3.21,0,0,0,0,0,0,0,0,0,0,0,0,0,0,0
1920,Geoff Griffin,South Africa,67,Batsman ,Right Handed Bat ,Right-arm fast,2,0,0,0,4,0,0,0,25,0,0,0,0,0,0,0,14,0,0,0,6.25,0,0,0,0,0,0,0,0,0,0,0,1,0,0,0,1,0,0,0,0,0,0,0,0,0,0,0,0,0,0,0,432,192,14,8,2.67,0,0,0,0,0,0,0,0,0,0,0,0,0,0,0
1921,Sid OLinn,South Africa,99,Batsman ,Left Handed Bat,,7,0,0,0,12,0,0,0,297,0,0,0,125,0,0,0,98,0,0,0,27,0,0,0,237.60,0,0,0,23,0,0,0,1,0,0,0,0,0,0,0,2,0,0,0,0,0,0,0,0,0,0,0,0,0,0,0,0,0,0,0,0,0,0,0,0,0,0,0,0,0,0,0
1922,Tich Wesley,South Africa,88,Batsman ,Left Handed Bat ,Left-arm orthodox,3,0,0,0,5,0,0,0,49,0,0,0,2,0,0,0,35,0,0,0,9.8,0,0,0,2450.00,0,0,0,0,0,0,0,0,0,0,0,2,0,0,0,0,0,0,0,0,0,0,0,0,0,0,0,0,0,0,0,0,0,0,0,0,0,0,0,0,0,0,0,0,0,0,0
1923,Jim Pothecary,South Africa,92,Batsman ,Right Handed Bat ,Right-arm medium,3,0,0,0,4,0,0,0,26,0,0,0,0,0,0,0,12,0,0,0,6.5,0,0,0,0,0,0,0,2,0,0,0,0,0,0,0,0,0,0,0,0,0,0,0,0,0,0,0,0,0,0,0,828,354,32,9,2.57,0,0,0,0,0,0,0,0,0,0,0,0,0,0,0
1924,Atholl McKinnon,South Africa,51,Batsman ,Right Handed Bat ,Left-arm orthodox,8,0,0,0,13,0,0,0,107,0,0,0,0,0,0,0,27,0,0,0,17.83,0,0,0,0,0,0,0,9,0,0,0,1,0,0,0,0,0,0,0,0,0,0,0,0,0,0,0,0,0,0,0,2546,925,153,26,2.18,0,0,0,0,0,0,0,0,0,0,0,0,0,0,0
1925,Eddie Barlow,South Africa,65,Batsman ,Right Handed Bat ,Right-arm medium,30,0,0,0,57,0,0,0,2516,0,0,0,1822,0,0,0,201,0,0,0,45.75,0,0,0,138.10,0,0,0,274,0,0,0,5,0,0,0,3,0,0,0,15,0,0,0,6,0,0,0,1,0,0,0,2931,1362,115,40,2.79,0,0,0,0,0,0,0,0,0,0,0,0,0,0,0
1926,Colin Bland,South Africa,88,Batsman ,Right Handed Bat ,Right-arm medium,21,0,0,0,39,0,0,0,1669,0,0,0,1002,0,0,0,144,0,0,0,49.09,0,0,0,166.57,0,0,0,137,0,0,0,20,0,0,0,2,0,0,0,9,0,0,0,3,0,0,0,0,0,0,0,360,125,18,2,2.08,0,0,0,0,0,0,0,0,0,0,0,0,0,0,0
1927,Harry Bromfield,South Africa,93,Batsman ,Right Handed Bat ,Right-arm offbreak,9,0,0,0,12,0,0,0,59,0,0,0,0,0,0,0,21,0,0,0,11.8,0,0,0,0,0,0,0,3,0,0,0,0,0,0,0,3,0,0,0,0,0,0,0,0,0,0,0,0,0,0,0,1810,599,101,17,1.99,0,0,0,0,0,0,0,0,0,0,0,0,0,0,0
1928,Kim Elgie,South Africa,93,Batsman ,Right Handed Bat ,Left-arm orthodox,3,0,0,0,6,0,0,0,75,0,0,0,2,0,0,0,56,0,0,0,12.5,0,0,0,3750.00,0,0,0,8,0,0,0,0,0,0,0,2,0,0,0,1,0,0,0,0,0,0,0,0,0,0,0,66,46,2,0,4.18,0,0,0,0,0,0,0,0,0,0,0,0,0,0,0
1929,Goofy Lawrence,South Africa,94,Batsman ,Right Handed Bat ,Right-arm fast-medium,5,0,0,0,8,0,0,0,141,0,0,0,0,0,0,0,43,0,0,0,17.63,0,0,0,0,0,0,0,14,0,0,0,0,0,0,0,2,0,0,0,0,0,0,0,0,0,0,0,0,0,0,0,1334,512,62,28,2.3,0,0,0,0,0,0,0,0,0,0,0,0,0,0,0
1930,Peter Pollock,South Africa,84,Batsman ,Right Handed Bat ,Right-arm fast,28,0,0,0,41,0,0,0,607,0,0,0,361,0,0,0,75,0,0,0,21.68,0,0,0,168.15,0,0,0,27,0,0,0,1,0,0,0,3,0,0,0,2,0,0,0,0,0,0,0,0,0,0,0,6206,2806,270,116,2.71,0,0,0,0,0,0,0,0,0,0,0,0,0,0,0
1931,Kenneth Walter,South Africa,63,Batsman ,Right Handed Bat ,Right-arm fast,2,0,0,0,3,0,0,0,11,0,0,0,0,0,0,0,10,0,0,0,3.67,0,0,0,0,0,0,0,0,0,0,0,0,0,0,0,1,0,0,0,0,0,0,0,0,0,0,0,0,0,0,0,495,197,20,6,2.39,0,0,0,0,0,0,0,0,0,0,0,0,0,0,0
1932,Sydney Burke,South Africa,92,Batsman ,Right Handed Bat ,Right-arm fast-medium,2,0,0,0,4,0,0,0,42,0,0,0,0,0,0,0,20,0,0,0,14,0,0,0,0,0,0,0,1,0,0,0,1,0,0,0,1,0,0,0,0,0,0,0,0,0,0,0,0,0,0,0,660,257,37,11,2.34,0,0,0,0,0,0,0,0,0,0,0,0,0,0,0
1933,Buster Farrer,South Africa,89,Batsman ,Right Handed Bat ,Right-arm offbreak,6,0,0,0,10,0,0,0,221,0,0,0,0,0,0,0,40,0,0,0,27.63,0,0,0,0,0,0,0,19,0,0,0,0,0,0,0,0,0,0,0,0,0,0,0,0,0,0,0,0,0,0,0,0,0,0,0,0,0,0,0,0,0,0,0,0,0,0,0,0,0,0,0
1934,Tiger Lance,South Africa,85,Batsman ,Right Handed Bat ,Right-arm medium,13,0,0,0,22,0,0,0,591,0,0,0,489,0,0,0,70,0,0,0,28.14,0,0,0,120.86,0,0,0,42,0,0,0,6,0,0,0,1,0,0,0,5,0,0,0,0,0,0,0,0,0,0,0,948,479,38,12,3.03,0,0,0,0,0,0,0,0,0,0,0,0,0,0,0
1935,Denis Lindsay,South Africa,66,Batsman ,Right Handed Bat,,19,0,0,0,31,0,0,0,1130,0,0,0,663,0,0,0,182,0,0,0,37.67,0,0,0,170.44,0,0,0,122,0,0,0,13,0,0,0,2,0,0,0,5,0,0,0,3,0,0,0,0,0,0,0,0,0,0,0,0,0,0,0,0,0,0,0,0,0,0,0,0,0,0,0
1936,Joe Partridge,South Africa,55,Batsman ,Right Handed Bat ,Right-arm fast-medium,11,0,0,0,12,0,0,0,73,0,0,0,116,0,0,0,13,0,0,0,10.43,0,0,0,62.94,0,0,0,4,0,0,0,0,0,0,0,0,0,0,0,0,0,0,0,0,0,0,0,0,0,0,0,3192,1373,136,44,2.58,0,0,0,0,0,0,0,0,0,0,0,0,0,0,0
1937,David Pithey,South Africa,89,Batsman ,Right Handed Bat ,Right-arm offbreak,8,0,0,0,12,0,0,0,138,0,0,0,109,0,0,0,55,0,0,0,12.55,0,0,0,126.61,0,0,0,3,0,0,0,0,0,0,0,1,0,0,0,1,0,0,0,0,0,0,0,0,0,0,0,1314,577,67,12,2.63,0,0,0,0,0,0,0,0,0,0,0,0,0,0,0
1938,Graeme Pollock,South Africa,82,Batsman ,Left Handed Bat ,Right-arm legbreak,23,0,0,0,41,0,0,0,2256,0,0,0,2008,0,0,0,274,0,0,0,60.97,0,0,0,112.36,0,0,0,289,0,0,0,11,0,0,0,1,0,0,0,11,0,0,0,7,0,0,0,2,0,0,0,414,204,17,4,2.96,0,0,0,0,0,0,0,0,0,0,0,0,0,0,0
1939,Kelly Seymour,South Africa,89,Batsman ,Right Handed Bat ,Right-arm offbreak,7,0,0,0,10,0,0,0,84,0,0,0,81,0,0,0,36,0,0,0,12,0,0,0,103.71,0,0,0,7,0,0,0,0,0,0,0,3,0,0,0,0,0,0,0,0,0,0,0,0,0,0,0,1260,588,36,9,2.8,0,0,0,0,0,0,0,0,0,0,0,0,0,0,0
1940,Peter van,South Africa,75,Batsman ,Right Handed Bat ,Left-arm orthodox,15,0,0,0,23,0,0,0,533,0,0,0,159,0,0,0,76,0,0,0,25.38,0,0,0,335.23,0,0,0,20,0,0,0,1,0,0,0,3,0,0,0,3,0,0,0,0,0,0,0,0,0,0,0,79,22,7,1,1.67,0,0,0,0,0,0,0,0,0,0,0,0,0,0,0
1941,Clive Halse,South Africa,67,Batsman ,Right Handed Bat ,Right-arm fast,3,0,0,0,3,0,0,0,30,0,0,0,19,0,0,0,19,0,0,0,0,0,0,0,157.90,0,0,0,6,0,0,0,0,0,0,0,0,0,0,0,0,0,0,0,0,0,0,0,0,0,0,0,441,260,7,6,3.54,0,0,0,0,0,0,0,0,0,0,0,0,0,0,0
1942,Derek Varnals,South Africa,90,Batsman ,Right Handed Bat,,3,0,0,0,6,0,0,0,97,0,0,0,0,0,0,0,23,0,0,0,16.17,0,0,0,0,0,0,0,9,0,0,0,0,0,0,0,0,0,0,0,0,0,0,0,0,0,0,0,0,0,0,0,12,2,1,0,1,0,0,0,0,0,0,0,0,0,0,0,0,0,0,0
1943,Glen Hall,South Africa,49,Batsman ,Right Handed Bat ,Right-arm legbreak,1,0,0,0,1,0,0,0,0,0,0,0,0,0,0,0,0,0,0,0,0,0,0,0,0,0,0,0,0,0,0,0,0,0,0,0,1,0,0,0,0,0,0,0,0,0,0,0,0,0,0,0,186,94,7,1,3.03,0,0,0,0,0,0,0,0,0,0,0,0,0,0,0
1944,Mike Macaulay,South Africa,87,Batsman ,Right Handed Bat,,1,0,0,0,2,0,0,0,33,0,0,0,0,0,0,0,21,0,0,0,16.5,0,0,0,0,0,0,0,1,0,0,0,0,0,0,0,0,0,0,0,0,0,0,0,0,0,0,0,0,0,0,0,276,73,17,2,1.59,0,0,0,0,0,0,0,0,0,0,0,0,0,0,0
1945,Ali Bacher,South Africa,83,Batsman ,Right Handed Bat ,Right-arm legbreak,12,0,0,0,22,0,0,0,679,0,0,0,722,0,0,0,73,0,0,0,32.33,0,0,0,94.05,0,0,0,49,0,0,0,0,0,0,0,1,0,0,0,6,0,0,0,0,0,0,0,0,0,0,0,0,0,0,0,0,0,0,0,0,0,0,0,0,0,0,0,0,0,0,0
1946,Jackie Botten,South Africa,67,Batsman ,Right Handed Bat ,Right-arm fast-medium,3,0,0,0,6,0,0,0,65,0,0,0,0,0,0,0,33,0,0,0,10.83,0,0,0,0,0,0,0,3,0,0,0,0,0,0,0,2,0,0,0,0,0,0,0,0,0,0,0,0,0,0,0,828,337,37,8,2.44,0,0,0,0,0,0,0,0,0,0,0,0,0,0,0
1947,Richard Dumbrill,South Africa,87,Batsman ,Right Handed Bat ,Right-arm medium,5,0,0,0,10,0,0,0,153,0,0,0,0,0,0,0,36,0,0,0,15.3,0,0,0,0,0,0,0,9,0,0,0,0,0,0,0,0,0,0,0,0,0,0,0,0,0,0,0,0,0,0,0,816,336,40,9,2.47,0,0,0,0,0,0,0,0,0,0,0,0,0,0,0
1948,Mike Procter,South Africa,79,Batsman ,Right Handed Bat ,Right-arm fast,7,0,0,0,10,0,0,0,226,0,0,0,382,0,0,0,48,0,0,0,25.11,0,0,0,59.17,0,0,0,21,0,0,0,3,0,0,0,1,0,0,0,0,0,0,0,0,0,0,0,0,0,0,0,1514,616,80,41,2.44,0,0,0,0,0,0,0,0,0,0,0,0,0,0,0
1949,Pat Trimborn,South Africa,86,Batsman ,Right Handed Bat ,Right-arm fast-medium,4,0,0,0,4,0,0,0,13,0,0,0,3,0,0,0,11,0,0,0,6.5,0,0,0,433.34,0,0,0,0,0,0,0,0,0,0,0,1,0,0,0,0,0,0,0,0,0,0,0,0,0,0,0,747,257,31,11,2.06,0,0,0,0,0,0,0,0,0,0,0,0,0,0,0
1950,Jackie du,South Africa,83,Batsman ,Right Handed Bat ,Right-arm legbreak,2,0,0,0,2,0,0,0,0,0,0,0,0,0,0,0,0,0,0,0,0,0,0,0,0,0,0,0,0,0,0,0,0,0,0,0,2,0,0,0,0,0,0,0,0,0,0,0,0,0,0,0,144,51,12,3,2.13,0,0,0,0,0,0,0,0,0,0,0,0,0,0,0
1951,Grahame Chevalier,South Africa,89,Batsman ,Right Handed Bat ,Left-arm orthodox,1,0,0,0,2,0,0,0,0,0,0,0,12,0,0,0,0,0,0,0,0,0,0,0,0.00,0,0,0,0,0,0,0,0,0,0,0,1,0,0,0,0,0,0,0,0,0,0,0,0,0,0,0,253,100,11,5,2.37,0,0,0,0,0,0,0,0,0,0,0,0,0,0,0
1952,Dennis Gamsy,South Africa,86,Batsman ,Right Handed Bat,,2,0,0,0,3,0,0,0,39,0,0,0,138,0,0,0,30,0,0,0,19.5,0,0,0,28.27,0,0,0,2,0,0,0,0,0,0,0,0,0,0,0,0,0,0,0,0,0,0,0,0,0,0,0,0,0,0,0,0,0,0,0,0,0,0,0,0,0,0,0,0,0,0,0
1953,Lee Irvine,South Africa,82,Batsman ,Left Handed Bat ,Right-arm medium,4,0,0,0,7,0,0,0,353,0,0,0,650,0,0,0,102,0,0,0,50.43,0,0,0,54.31,0,0,0,33,0,0,0,6,0,0,0,0,0,0,0,2,0,0,0,1,0,0,0,0,0,0,0,0,0,0,0,0,0,0,0,0,0,0,0,0,0,0,0,0,0,0,0
1954,Barry Richards,South Africa,80,Batsman ,Right Handed Bat ,Right-arm offbreak,4,0,0,0,7,0,0,0,508,0,0,0,854,0,0,0,140,0,0,0,72.57,0,0,0,59.49,0,0,0,70,0,0,0,5,0,0,0,0,0,0,0,2,0,0,0,2,0,0,0,0,0,0,0,72,26,3,1,2.17,0,0,0,0,0,0,0,0,0,0,0,0,0,0,0
1955,Tertius Bosch,South Africa,33,Batsman ,Right Handed Bat ,Right-arm fast,1,2,0,0,2,0,0,0,5,0,0,0,10,0,0,0,5,0,0,0,0,0,0,0,50.00,0,0,0,1,0,0,0,0,0,0,0,0,0,0,0,0,0,0,0,0,0,0,0,0,0,0,0,237,104,9,3,2.63,51,66,0,0,7.76,0,0,0,0,0,0,0,0,0,0
1956,Hansie Cronje,South Africa,32,Batting Allrounder ,Right Handed Bat ,Right-arm medium,68,188,0,0,111,175,0,0,3714,5565,0,0,8320,7277,0,0,135,112,0,0,36.41,38.65,0,0,44.64,76.48,0,0,409,366,0,0,33,94,0,0,11,8,0,0,23,39,0,0,6,2,0,0,0,0,0,0,3800,1288,243,43,2.03,5357,3966,33,114,4.44,0,0,0,0,0,0,0,0,0,0
1957,Allan Donald,South Africa,59,Batsman ,Right Handed Bat ,Right-arm fast,72,164,0,0,94,40,0,0,652,95,0,0,1856,279,0,0,37,13,0,0,10.69,4.32,0,0,35.13,34.06,0,0,66,2,0,0,0,0,0,0,17,12,0,0,0,0,0,0,0,0,0,0,0,0,0,0,15519,7344,661,330,2.84,8561,5926,101,272,4.15,0,0,0,0,0,0,0,0,0,0
1958,Andrew Hudson,South Africa,61,Batsman ,Right Handed Bat ,Right-arm medium,35,89,0,0,63,88,0,0,2007,2559,0,0,5129,3960,0,0,163,161,0,0,32.37,29.41,0,0,39.14,64.63,0,0,254,278,0,0,5,15,0,0,7,6,0,0,13,18,0,0,4,2,0,0,0,0,0,0,0,0,0,0,0,6,3,0,0,3,0,0,0,0,0,0,0,0,0,0
1959,Peter Kirsten,South Africa,71,Batsman ,Right Handed Bat ,Right-arm offbreak,12,40,0,0,22,40,0,0,626,1293,0,0,2084,2308,0,0,104,97,0,0,31.3,36.94,0,0,30.04,56.03,0,0,67,90,0,0,0,8,0,0,2,0,0,0,4,9,0,0,1,0,0,0,0,0,0,0,54,30,1,0,3.33,183,152,1,6,4.98,0,0,0,0,0,0,0,0,0,0
1960,Adrian Kuiper,South Africa,66,Batsman ,Right Handed Bat,,1,25,0,0,2,23,0,0,34,539,0,0,175,662,0,0,34,63,0,0,17,33.69,0,0,19.43,81.42,0,0,4,37,0,0,0,11,0,0,1,0,0,0,0,3,0,0,0,0,0,0,0,0,0,0,0,0,0,0,0,588,518,0,18,5.29,0,0,0,0,0,0,0,0,0,0
1961,Meyrick Pringle,South Africa,59,Batsman ,Right Handed Bat ,Right-arm fast-medium,4,17,0,0,6,8,0,0,67,48,0,0,101,56,0,0,33,13,0,0,13.4,9.6,0,0,66.34,85.72,0,0,5,2,0,0,2,0,0,0,0,1,0,0,0,0,0,0,0,0,0,0,0,0,0,0,652,270,21,5,2.48,870,604,12,22,4.17,0,0,0,0,0,0,0,0,0,0
1962,Dave Richardson,South Africa,66,Batsman ,Right Handed Bat,,42,122,0,0,64,77,0,0,1359,868,0,0,3241,1298,0,0,109,53,0,0,24.27,19.73,0,0,41.94,66.88,0,0,144,33,0,0,2,1,0,0,7,6,0,0,8,1,0,0,1,0,0,0,0,0,0,0,0,0,0,0,0,0,0,0,0,0,0,0,0,0,0,0,0,0,0,0
1963,Mark Rushmere,South Africa,61,Batsman ,Right Handed Bat ,Right-arm medium,1,4,0,0,2,4,0,0,6,78,0,0,56,174,0,0,3,35,0,0,3,19.5,0,0,10.72,44.83,0,0,0,4,0,0,0,0,0,0,0,0,0,0,0,0,0,0,0,0,0,0,0,0,0,0,0,0,0,0,0,0,0,0,0,0,0,0,0,0,0,0,0,0,0,0
1964,Richard Snell,South Africa,57,Batsman ,Right Handed Bat ,Right-arm fast-medium,5,42,0,0,8,28,0,0,95,322,0,0,200,330,0,0,48,63,0,0,13.57,16.1,0,0,47.50,97.58,0,0,14,20,0,0,0,4,0,0,1,1,0,0,0,2,0,0,0,0,0,0,0,0,0,0,1025,538,42,19,3.15,2095,1574,25,44,4.51,0,0,0,0,0,0,0,0,0,0
1965,Kepler Wessels,Australia,68,Batsman ,Left Handed Bat,,40,109,0,0,71,105,0,0,2788,3367,0,0,5998,6088,0,0,179,107,0,0,41,34.36,0,0,46.49,55.31,0,0,304,263,0,0,3,2,0,0,5,0,0,0,15,26,0,0,6,1,0,0,0,0,0,0,90,42,3,0,2.8,749,666,2,18,5.34,0,0,0,0,0,0,0,0,0,0
1966,Jimmy Cook,South Africa,72,Batsman ,Right Handed Bat ,Right-arm offbreak,3,4,0,0,6,4,0,0,107,67,0,0,373,118,0,0,43,35,0,0,17.83,16.75,0,0,28.69,56.78,0,0,10,4,0,0,0,0,0,0,1,1,0,0,0,0,0,0,0,0,0,0,0,0,0,0,0,0,0,0,0,0,0,0,0,0,0,0,0,0,0,0,0,0,0,0
1967,Omar Henry,South Africa,74,Batsman ,Left Handed Bat ,Left-arm orthodox,3,3,0,0,3,3,0,0,53,20,0,0,173,26,0,0,34,11,0,0,17.67,10,0,0,30.64,76.93,0,0,5,2,0,0,1,0,0,0,0,0,0,0,0,0,0,0,0,0,0,0,0,0,0,0,427,189,15,3,2.66,149,125,0,2,5.03,0,0,0,0,0,0,0,0,0,0
1968,Brian McMillan,South Africa,62,Batsman ,Right Handed Bat ,Right-arm fast-medium,38,78,0,0,62,52,0,0,1968,841,0,0,4592,1147,0,0,113,127,0,0,39.36,23.36,0,0,42.86,73.33,0,0,206,55,0,0,11,7,0,0,3,3,0,0,13,0,0,0,3,1,0,0,0,0,0,0,6048,2537,255,75,2.52,3623,2589,33,70,4.29,0,0,0,0,0,0,0,0,0,0
1969,Jonty Rhodes,South Africa,56,Batsman ,Right Handed Bat ,Right-arm medium,52,245,0,0,80,220,0,0,2532,5935,0,0,5467,7336,0,0,117,121,0,0,35.17,35.12,0,0,46.32,80.91,0,0,256,392,0,0,22,47,0,0,4,12,0,0,17,33,0,0,3,2,0,0,0,0,0,0,12,5,1,0,2.5,14,4,0,0,1.71,0,0,0,0,0,0,0,0,0,0
1970,Brett Schultz,South Africa,55,Batsman ,Left Handed Bat ,Left-arm fast,9,1,0,0,8,0,0,0,9,0,0,0,58,0,0,0,6,0,0,0,1.5,0,0,0,15.52,0,0,0,1,0,0,0,0,0,0,0,3,0,0,0,0,0,0,0,0,0,0,0,0,0,0,0,1733,749,82,37,2.59,54,35,1,1,3.89,0,0,0,0,0,0,0,0,0,0
1971,Craig Matthews,South Africa,61,Batsman ,Right Handed Bat ,Right-arm fast-medium,18,56,0,0,25,22,0,0,348,141,0,0,776,202,0,0,62,26,0,0,18.32,10.85,0,0,44.85,69.81,0,0,47,5,0,0,2,2,0,0,4,3,0,0,1,0,0,0,0,0,0,0,0,0,0,0,3980,1502,231,52,2.26,3003,1975,53,79,3.95,0,0,0,0,0,0,0,0,0,0
1972,Daryll Cullinan,South Africa,59,Batsman ,Right Handed Bat ,Right-arm offbreak,70,138,0,0,115,133,0,0,4554,3860,0,0,9300,5492,0,0,275,124,0,0,44.21,32.71,0,0,48.97,70.29,0,0,548,298,0,0,25,33,0,0,10,10,0,0,20,23,0,0,14,3,0,0,1,0,0,0,120,71,3,2,3.55,174,124,0,5,4.28,0,0,0,0,0,0,0,0,0,0
1973,Clive Eksteen,South Africa,59,Batsman ,Right Handed Bat ,Left-arm orthodox,7,6,0,0,11,2,0,0,91,6,0,0,571,25,0,0,22,6,0,0,10.11,0,0,0,15.94,24.00,0,0,6,0,0,0,0,0,0,0,1,0,0,0,0,0,0,0,0,0,0,0,0,0,0,0,1536,494,97,8,1.93,222,181,3,2,4.89,0,0,0,0,0,0,0,0,0,0
1974,Pat Symcox,South Africa,66,Batsman ,Right Handed Bat ,Right-arm offbreak,20,80,0,0,27,54,0,0,741,694,0,0,1321,830,0,0,108,61,0,0,28.5,16.93,0,0,56.10,83.62,0,0,80,48,0,0,12,22,0,0,1,6,0,0,4,3,0,0,1,0,0,0,0,0,0,0,3561,1603,135,37,2.7,3991,2762,25,72,4.15,0,0,0,0,0,0,0,0,0,0
1975,Fanie de,South Africa,61,Batsman ,Right Handed Bat ,Right-arm fast-medium,18,83,0,0,26,36,0,0,359,170,0,0,991,218,0,0,67,20,0,0,18.89,8.1,0,0,36.23,77.99,0,0,36,13,0,0,5,2,0,0,3,7,0,0,2,0,0,0,0,0,0,0,0,0,0,0,4805,2063,221,85,2.58,4422,2636,86,95,3.58,0,0,0,0,0,0,0,0,0,0
1976,Gary Kirsten,South Africa,58,Batsman ,Left Handed Bat ,Right-arm offbreak,101,185,0,0,176,185,0,0,7289,6798,0,0,16783,9436,0,0,275,188,0,0,44.99,40.71,0,0,43.44,72.05,0,0,922,659,0,0,12,20,0,0,13,11,0,0,34,45,0,0,21,13,0,0,3,0,0,0,349,142,19,2,2.44,30,23,1,0,4.6,0,0,0,0,0,0,0,0,0,0
1977,John Commins,South Africa,61,Batsman ,Right Handed Bat ,Right-arm medium,3,0,0,0,6,0,0,0,125,0,0,0,398,0,0,0,45,0,0,0,25,0,0,0,31.41,0,0,0,12,0,0,0,0,0,0,0,1,0,0,0,0,0,0,0,0,0,0,0,0,0,0,0,0,0,0,0,0,0,0,0,0,0,0,0,0,0,0,0,0,0,0,0
1978,Steven Jack,South Africa,55,Batsman ,Right Handed Bat ,Right-arm fast,2,2,0,0,2,2,0,0,7,7,0,0,34,8,0,0,7,6,0,0,3.5,3.5,0,0,20.59,87.50,0,0,0,0,0,0,0,0,0,0,1,0,0,0,0,0,0,0,0,0,0,0,0,0,0,0,462,196,24,8,2.55,108,86,0,3,4.78,0,0,0,0,0,0,0,0,0,0
1979,Rudi Steyn,South Africa,58,Batsman ,Right Handed Bat ,Right-arm medium,3,1,0,0,6,1,0,0,127,4,0,0,473,14,0,0,46,4,0,0,21.17,4,0,0,26.85,28.58,0,0,16,0,0,0,0,0,0,0,0,0,0,0,0,0,0,0,0,0,0,0,0,0,0,0,0,0,0,0,0,0,0,0,0,0,0,0,0,0,0,0,0,0,0,0
1980,Paul Adams,South Africa,49,Bowler ,Right Handed Bat ,Left-arm wrist-spin,45,24,0,0,55,9,0,0,360,66,0,0,1012,124,0,0,35,33,0,0,9,16.5,0,0,35.58,53.23,0,0,32,5,0,0,4,0,0,0,8,2,0,0,0,0,0,0,0,0,0,0,0,0,0,0,8850,4405,339,134,2.99,1109,815,7,29,4.41,0,0,0,0,0,0,0,0,0,0
1981,Lance Klusener,South Africa,54,Bowling Allrounder ,Left Handed Bat ,Right-arm fast-medium,49,171,0,0,69,137,0,0,1906,3576,0,0,3187,3977,0,0,174,103,0,0,32.86,41.1,0,0,59.81,89.92,0,0,236,293,0,0,20,76,0,0,4,13,0,0,8,19,0,0,4,2,0,0,0,0,0,0,6887,3033,318,80,2.64,7336,5751,46,192,4.7,0,0,0,0,0,0,0,0,0,0
1982,Adam Bacher,South Africa,52,Batsman ,Right Handed Bat ,Right-arm medium,19,13,0,0,33,13,0,0,833,270,0,0,2058,469,0,0,96,56,0,0,26.03,20.77,0,0,40.48,57.57,0,0,108,26,0,0,3,0,0,0,3,0,0,0,5,1,0,0,0,0,0,0,0,0,0,0,6,4,0,0,4,108,64,0,3,3.56,0,0,0,0,0,0,0,0,0,0
1983,HD Ackerman,South Africa,53,Batsman ,Right Handed Bat ,Right-arm medium,4,0,0,0,8,0,0,0,161,0,0,0,475,0,0,0,57,0,0,0,20.13,0,0,0,33.90,0,0,0,15,0,0,0,0,0,0,0,0,0,0,0,1,0,0,0,0,0,0,0,0,0,0,0,0,0,0,0,0,0,0,0,0,0,0,0,0,0,0,0,0,0,0,0
1984,Gerhardus Liebenberg,South Africa,54,Batsman ,Right Handed Bat ,Right-arm fast-medium,5,4,0,0,8,4,0,0,104,94,0,0,235,199,0,0,45,39,0,0,13,23.5,0,0,44.26,47.24,0,0,14,8,0,0,0,0,0,0,2,0,0,0,0,0,0,0,0,0,0,0,0,0,0,0,0,0,0,0,0,0,0,0,0,0,0,0,0,0,0,0,0,0,0,0
1985,Steve Elworthy,South Africa,61,Batsman ,Right Handed Bat ,Right-arm fast-medium,4,39,0,0,5,16,0,0,72,100,0,0,103,160,0,0,48,23,0,0,18,12.5,0,0,69.91,62.50,0,0,10,10,0,0,0,1,0,0,0,3,0,0,0,0,0,0,0,0,0,0,0,0,0,0,867,444,35,13,3.07,1702,1235,29,44,4.35,0,0,0,0,0,0,0,0,0,0
1986,David Terbrugge,South Africa,49,Batsman ,Right Handed Bat ,Right-arm fast-medium,7,4,0,0,8,2,0,0,16,5,0,0,97,14,0,0,4,5,0,0,5.33,5,0,0,16.50,35.72,0,0,0,0,0,0,0,0,0,0,2,0,0,0,0,0,0,0,0,0,0,0,0,0,0,0,1012,517,44,20,3.07,126,105,2,4,5,0,0,0,0,0,0,0,0,0,0
1987,Nantie Hayward,South Africa,49,Batsman ,Right Handed Bat ,Right-arm fast,16,21,0,0,17,5,0,0,66,12,0,0,190,28,0,0,14,4,0,0,7.33,3,0,0,34.74,42.86,0,0,10,0,0,0,0,0,0,0,3,1,0,0,0,0,0,0,0,0,0,0,0,0,0,0,2821,1609,90,54,3.42,993,858,5,21,5.18,0,0,0,0,0,0,0,0,0,0
1988,Pieter Strydom,South Africa,56,Batsman ,Right Handed Bat ,Left-arm orthodox,2,10,0,0,3,8,0,0,35,48,0,0,62,94,0,0,30,34,0,0,11.67,9.6,0,0,56.46,51.07,0,0,5,2,0,0,0,0,0,0,0,1,0,0,0,0,0,0,0,0,0,0,0,0,0,0,36,27,0,0,4.5,252,206,0,2,4.9,0,0,0,0,0,0,0,0,0,0
1989,Mfuneko Ngam,South Africa,47,Batsman ,Right Handed Bat ,Right-arm fast,3,0,0,0,1,0,0,0,0,0,0,0,1,0,0,0,0,0,0,0,0,0,0,0,0.00,0,0,0,0,0,0,0,0,0,0,0,0,0,0,0,0,0,0,0,0,0,0,0,0,0,0,0,392,189,15,11,2.89,0,0,0,0,0,0,0,0,0,0,0,0,0,0,0
1990,Dewald Pretorius,South Africa,48,Bowler ,Right Handed Bat ,Right-arm fast,4,0,0,0,4,0,0,0,22,0,0,0,41,0,0,0,9,0,0,0,7.33,0,0,0,53.66,0,0,0,4,0,0,0,0,0,0,0,1,0,0,0,0,0,0,0,0,0,0,0,0,0,0,0,570,430,18,6,4.53,0,0,0,0,0,0,0,0,0,0,0,0,0,0,0
1991,Martin van,South Africa,51,Batsman ,Right Handed Bat ,Right-arm medium,9,11,0,0,15,7,0,0,397,124,0,0,835,169,0,0,73,45,0,0,30.54,20.67,0,0,47.55,73.38,0,0,56,16,0,0,0,0,0,0,0,1,0,0,3,0,0,0,0,0,0,0,0,0,0,0,42,28,0,0,4,31,18,1,2,3.48,0,0,0,0,0,0,0,0,0,0
1992,Alan Dawson,South Africa,,Batsman ,Right Handed Bat ,Right-arm fast-medium,2,19,0,0,1,7,0,0,10,69,0,0,42,67,0,0,10,23,0,0,10,23,0,0,23.81,102.99,0,0,1,9,0,0,0,1,0,0,0,0,0,0,0,0,0,0,0,0,0,0,0,0,0,0,252,117,14,5,2.79,901,715,11,21,4.76,0,0,0,0,0,0,0,0,0,0
1993,Thami Tsolekile,South Africa,45,WK-Batsman ,Right Handed Bat ,Right-arm offbreak,3,0,0,0,5,0,0,0,47,0,0,0,177,0,0,0,22,0,0,0,9.4,0,0,0,26.56,0,0,0,3,0,0,0,0,0,0,0,1,0,0,0,0,0,0,0,0,0,0,0,0,0,0,0,0,0,0,0,0,0,0,0,0,0,0,0,0,0,0,0,0,0,0,0
1994,Greg Chappell,Australia,77,Batsman ,Right Handed Bat ,Right-arm medium,87,74,0,0,151,72,0,0,7110,2331,0,0,13079,3079,0,0,247,138,0,0,53.86,40.19,0,0,54.37,75.71,0,0,755,195,0,0,16,7,0,0,12,7,0,0,31,14,0,0,24,3,0,0,4,0,0,0,4717,1913,208,47,2.43,3074,2097,41,72,4.09,0,0,0,0,0,0,0,0,0,0
1995,Ian Chappell,Australia,82,Batsman ,Right Handed Bat ,Right-arm legbreak,75,16,0,0,136,16,0,0,5345,673,0,0,8774,874,0,0,196,86,0,0,42.42,48.07,0,0,60.92,77.01,0,0,562,74,0,0,15,7,0,0,11,0,0,0,26,8,0,0,14,0,0,0,0,0,0,0,2443,1316,87,20,3.23,42,23,1,2,3.29,0,0,0,0,0,0,0,0,0,0
1996,Alan Connolly,Australia,86,Batsman ,Right Handed Bat ,Right-arm fast-medium,29,1,0,0,45,0,0,0,260,0,0,0,338,0,0,0,37,0,0,0,10.4,0,0,0,76.93,0,0,0,17,0,0,0,8,0,0,0,10,0,0,0,0,0,0,0,0,0,0,0,0,0,0,0,6984,2981,289,102,2.56,48,62,0,0,7.75,0,0,0,0,0,0,0,0,0,0
1997,Bill Lawry,Australia,89,Batsman ,Left Handed Bat ,Left-arm medium,67,1,0,0,123,1,0,0,5234,27,0,0,6526,49,0,0,210,27,0,0,46.32,27,0,0,80.21,55.11,0,0,456,0,0,0,15,0,0,0,6,0,0,0,27,0,0,0,13,0,0,0,2,0,0,0,12,6,1,0,3,0,0,0,0,0,0,0,0,0,0,0,0,0,0,0
1998,Garth McKenzie,Australia,84,Batsman ,Right Handed Bat ,Right-arm fast,60,1,0,0,89,0,0,0,945,0,0,0,892,0,0,0,76,0,0,0,12.12,0,0,0,105.95,0,0,0,70,0,0,0,16,0,0,0,15,0,0,0,2,0,0,0,0,0,0,0,0,0,0,0,15785,7328,547,246,2.79,46,22,0,2,2.87,0,0,0,0,0,0,0,0,0,0
1999,Ashley Mallett,Australia,80,Batsman ,Right Handed Bat ,Right-arm offbreak,38,9,0,0,50,3,0,0,430,14,0,0,1169,36,0,0,43,8,0,0,11.62,7,0,0,36.79,38.89,0,0,40,1,0,0,0,0,0,0,10,1,0,0,0,0,0,0,0,0,0,0,0,0,0,0,8784,3940,419,132,2.69,468,341,7,11,4.37,0,0,0,0,0,0,0,0,0,0
2000,Rod Marsh,Australia,78,Batsman ,Left Handed Bat ,Right-arm offbreak,96,92,0,0,150,76,0,0,3633,1225,0,0,7254,1489,0,0,132,66,0,0,26.33,20.08,0,0,50.09,82.27,0,0,381,86,0,0,24,17,0,0,12,7,0,0,16,4,0,0,3,0,0,0,0,0,0,0,72,54,1,0,4.5,0,0,0,0,0,0,0,0,0,0,0,0,0,0,0
2001,Ian Redpath,Australia,85,Batsman ,Right Handed Bat ,Right-arm medium,66,5,0,0,120,5,0,0,4737,46,0,0,8169,67,0,0,171,24,0,0,43.46,9.2,0,0,57.99,68.66,0,0,475,1,0,0,2,0,0,0,9,1,0,0,31,0,0,0,8,0,0,0,0,0,0,0,60,41,2,0,4.1,0,0,0,0,0,0,0,0,0,0,0,0,0,0,0
2002,Keith Stackpole,Australia,85,Batsman ,Right Handed Bat ,Right-arm legbreak,43,6,0,0,80,6,0,0,2807,224,0,0,3449,387,0,0,207,61,0,0,37.43,37.33,0,0,81.39,57.89,0,0,318,28,0,0,10,0,0,0,5,0,0,0,14,3,0,0,7,0,0,0,1,0,0,0,1951,1001,86,15,3.08,61,54,0,3,5.31,0,0,0,0,0,0,0,0,0,0
2003,Alan Thomson,Australia,80,Batsman ,Right Handed Bat ,Right-arm fast-medium,4,1,0,0,5,0,0,0,22,0,0,0,45,0,0,0,12,0,0,0,22,0,0,0,48.89,0,0,0,2,0,0,0,0,0,0,0,1,0,0,0,0,0,0,0,0,0,0,0,0,0,0,0,1141,654,33,12,3.44,48,22,2,1,2.75,0,0,0,0,0,0,0,0,0,0
2004,Doug Walters,Australia,80,Batsman ,Right Handed Bat ,Right-arm medium,74,28,0,0,125,24,0,0,5357,513,0,0,8662,732,0,0,250,59,0,0,48.26,28.5,0,0,61.85,70.09,0,0,515,37,0,0,23,0,0,0,4,1,0,0,33,2,0,0,15,0,0,0,2,0,0,0,2691,1425,79,49,3.18,294,273,3,4,5.57,0,0,0,0,0,0,0,0,0,0
2005,Ross Edwards,Australia,83,Batsman ,Right Handed Bat,,20,9,0,0,32,8,0,0,1171,255,0,0,2006,349,0,0,170,80,0,0,40.38,36.43,0,0,58.38,73.07,0,0,104,22,0,0,1,0,0,0,4,1,0,0,9,3,0,0,2,0,0,0,0,0,0,0,12,20,0,0,10,0,0,0,0,0,0,0,0,0,0,0,0,0,0,0
2006,Dennis Lillee,Australia,76,Batsman ,Right Handed Bat ,Right-arm fast,70,63,0,0,90,34,0,0,905,240,0,0,2331,320,0,0,73,42,0,0,13.71,9.23,0,0,38.83,75.00,0,0,96,17,0,0,8,1,0,0,10,6,0,0,1,0,0,0,0,0,0,0,0,0,0,0,17017,8493,652,355,2.99,3577,2145,80,103,3.6,0,0,0,0,0,0,0,0,0,0
2007,Bob Massie,Australia,79,Batsman ,Left Handed Bat ,Right-arm fast-medium,6,3,0,0,8,1,0,0,78,16,0,0,190,24,0,0,42,16,0,0,11.14,0,0,0,41.06,66.67,0,0,3,2,0,0,2,0,0,0,3,0,0,0,0,0,0,0,0,0,0,0,0,0,0,0,1603,647,74,31,2.42,183,129,5,3,4.23,0,0,0,0,0,0,0,0,0,0
2008,Paul Sheahan,Australia,79,Batsman ,Right Handed Bat,,31,3,0,0,53,3,0,0,1594,75,0,0,2534,124,0,0,127,50,0,0,33.91,25,0,0,62.91,60.49,0,0,156,6,0,0,2,1,0,0,3,0,0,0,7,1,0,0,2,0,0,0,0,0,0,0,0,0,0,0,0,0,0,0,0,0,0,0,0,0,0,0,0,0,0,0
2009,Graeme Watson,Australia,81,Batsman ,Right Handed Bat ,Right-arm medium,5,2,0,0,9,2,0,0,97,11,0,0,43,16,0,0,50,11,0,0,10.78,11,0,0,225.59,68.75,0,0,11,2,0,0,0,0,0,0,3,1,0,0,1,0,0,0,0,0,0,0,0,0,0,0,552,254,23,6,2.76,48,28,1,2,3.5,0,0,0,0,0,0,0,0,0,0
2010,David Colley,Australia,79,Batsman ,Right Handed Bat ,Right-arm fast-medium,3,1,0,0,4,0,0,0,84,0,0,0,160,0,0,0,54,0,0,0,21,0,0,0,52.50,0,0,0,9,0,0,0,0,0,0,0,0,0,0,0,1,0,0,0,0,0,0,0,0,0,0,0,729,312,20,6,2.57,66,72,1,0,6.55,0,0,0,0,0,0,0,0,0,0
2011,Jeff Hammond,Australia,76,Batsman ,Right Handed Bat ,Right-arm fast-medium,5,1,0,0,5,1,0,0,28,15,0,0,0,28,0,0,19,15,0,0,9.33,0,0,0,0,53.58,0,0,3,1,0,0,0,0,0,0,1,0,0,0,0,0,0,0,0,0,0,0,0,0,0,0,1031,488,47,15,2.84,54,41,1,1,4.56,0,0,0,0,0,0,0,0,0,0
2012,Ray Bright,Australia,71,Batsman ,Right Handed Bat ,Left-arm orthodox,25,11,0,0,39,8,0,0,445,66,0,0,1390,122,0,0,33,19,0,0,14.35,16.5,0,0,32.02,54.10,0,0,44,3,0,0,2,1,0,0,6,1,0,0,0,0,0,0,0,0,0,0,0,0,0,0,5541,2180,298,53,2.36,448,350,3,3,4.69,0,0,0,0,0,0,0,0,0,0
2013,Ian Davis,Australia,72,Batsman ,Right Handed Bat,,15,3,0,0,27,3,0,0,692,12,0,0,1581,35,0,0,105,11,0,0,26.62,6,0,0,43.77,34.29,0,0,67,0,0,0,2,0,0,0,3,1,0,0,4,0,0,0,1,0,0,0,0,0,0,0,0,0,0,0,0,0,0,0,0,0,0,0,0,0,0,0,0,0,0,0
2014,Geoff Dymock,Australia,80,Batsman ,Left Handed Bat ,Left-arm fast-medium,21,15,0,0,32,7,0,0,236,35,0,0,785,82,0,0,31,14,0,0,9.44,11.67,0,0,30.07,42.69,0,0,23,1,0,0,0,0,0,0,7,1,0,0,0,0,0,0,0,0,0,0,0,0,0,0,4893,2116,179,78,2.59,738,412,16,15,3.35,0,0,0,0,0,0,0,0,0,0
2015,Gary Gilmour,Australia,74,Batsman ,Left Handed Bat ,Left-arm fast-medium,15,5,0,0,22,2,0,0,483,42,0,0,708,39,0,0,101,28,0,0,23,42,0,0,68.23,107.70,0,0,67,7,0,0,6,0,0,0,3,0,0,0,3,0,0,0,1,0,0,0,0,0,0,0,2077,1406,51,54,4.06,276,165,9,16,3.59,0,0,0,0,0,0,0,0,0,0
2016,Max Walker,Australia,77,Batsman ,Right Handed Bat ,Right-arm fast-medium,34,17,0,0,43,11,0,0,586,79,0,0,1351,170,0,0,78,20,0,0,19.53,9.88,0,0,43.38,46.48,0,0,54,6,0,0,1,0,0,0,5,1,0,0,1,0,0,0,0,0,0,0,0,0,0,0,8698,3792,380,138,2.62,950,546,24,20,3.45,0,0,0,0,0,0,0,0,0,0
2017,Ashley Woodcock,Australia,79,Batsman ,Right Handed Bat,,1,1,0,0,1,1,0,0,27,53,0,0,66,67,0,0,27,53,0,0,27,53,0,0,40.91,79.11,0,0,4,5,0,0,0,1,0,0,0,0,0,0,0,1,0,0,0,0,0,0,0,0,0,0,0,0,0,0,0,0,0,0,0,0,0,0,0,0,0,0,0,0,0,0
2018,Wally Edwards,Australia,76,Batsman ,Left Handed Bat ,Right-arm legbreak,3,1,0,0,6,1,0,0,68,2,0,0,219,14,0,0,30,2,0,0,11.33,2,0,0,31.06,14.29,0,0,6,0,0,0,0,0,0,0,2,0,0,0,0,0,0,0,0,0,0,0,0,0,0,0,0,0,0,0,0,1,0,0,0,0,0,0,0,0,0,0,0,0,0,0
2019,Alan Hurst,Australia,75,Batsman ,Right Handed Bat ,Right-arm fast,12,8,0,0,20,4,0,0,102,7,0,0,196,19,0,0,26,3,0,0,6,0,0,0,52.05,36.85,0,0,10,0,0,0,1,0,0,0,10,0,0,0,0,0,0,0,0,0,0,0,0,0,0,0,2374,1200,74,43,3.03,350,203,11,12,3.48,0,0,0,0,0,0,0,0,0,0
2020,Terry Jenner,Australia,81,Batsman ,Right Handed Bat ,Right-arm legbreak,9,1,0,0,14,1,0,0,208,12,0,0,311,25,0,0,74,12,0,0,23.11,12,0,0,66.89,48.00,0,0,17,1,0,0,0,0,0,0,1,0,0,0,1,0,0,0,0,0,0,0,0,0,0,0,1619,749,62,24,2.78,48,28,1,0,3.5,0,0,0,0,0,0,0,0,0,0
2021,Jeff Thomson,Australia,75,Batsman ,Right Handed Bat ,Right-arm fast,51,50,0,0,73,30,0,0,679,181,0,0,1229,280,0,0,49,21,0,0,12.81,7.54,0,0,55.25,64.65,0,0,68,9,0,0,9,2,0,0,14,5,0,0,0,0,0,0,0,0,0,0,0,0,0,0,9545,5601,301,200,3.52,2682,1942,37,55,4.34,0,0,0,0,0,0,0,0,0,0
2022,Rick McCosker,Australia,79,Batsman ,Right Handed Bat ,Right-arm legbreak,25,14,0,0,46,14,0,0,1622,320,0,0,3833,623,0,0,127,95,0,0,39.56,22.86,0,0,42.32,51.37,0,0,143,14,0,0,3,0,0,0,5,2,0,0,9,2,0,0,4,0,0,0,0,0,0,0,0,0,0,0,0,0,0,0,0,0,0,0,0,0,0,0,0,0,0,0
2023,Alan Turner,Australia,75,Batsman ,Left Handed Bat,,14,6,0,0,27,6,0,0,768,247,0,0,1516,309,0,0,136,101,0,0,29.54,41.17,0,0,50.66,79.94,0,0,79,25,0,0,2,1,0,0,2,0,0,0,3,0,0,0,1,1,0,0,0,0,0,0,0,0,0,0,0,0,0,0,0,0,0,0,0,0,0,0,0,0,0,0
2024,Gary Cosier,Australia,73,Batsman ,Right Handed Bat ,Right-arm medium,18,9,0,0,32,7,0,0,897,154,0,0,1552,166,0,0,168,84,0,0,28.94,30.8,0,0,57.80,92.78,0,0,105,15,0,0,1,2,0,0,3,1,0,0,3,1,0,0,2,0,0,0,0,0,0,0,721,341,30,5,2.84,367,248,9,14,4.05,0,0,0,0,0,0,0,0,0,0
2025,David Hookes,Australia,48,Batsman ,Left Handed Bat,,23,39,0,0,41,36,0,0,1306,826,0,0,2202,1146,0,0,143,76,0,0,34.37,24.29,0,0,59.31,72.08,0,0,147,73,0,0,5,13,0,0,4,3,0,0,8,5,0,0,1,0,0,0,0,0,0,0,96,41,4,1,2.56,29,28,0,1,5.79,0,0,0,0,0,0,0,0,0,0
2026,Mick Malone,Australia,75,Batsman ,Right Handed Bat ,Right-arm fast-medium,1,10,0,0,1,7,0,0,46,36,0,0,81,63,0,0,46,15,0,0,46,9,0,0,56.80,57.15,0,0,6,5,0,0,0,0,0,0,0,0,0,0,0,0,0,0,0,0,0,0,0,0,0,0,342,77,24,6,1.35,612,315,16,11,3.09,0,0,0,0,0,0,0,0,0,0
2027,Kerry OKeeffe,Australia,76,Batsman ,Right Handed Bat ,Right-arm legbreak,24,2,0,0,34,2,0,0,644,16,0,0,1385,38,0,0,85,16,0,0,25.76,16,0,0,46.50,42.11,0,0,53,1,0,0,1,0,0,0,3,1,0,0,1,0,0,0,0,0,0,0,0,0,0,0,4364,2018,189,53,2.77,132,79,3,2,3.59,0,0,0,0,0,0,0,0,0,0
2028,Len Pascoe,Australia,76,Batsman ,Right Handed Bat ,Right-arm fast,14,29,0,0,19,11,0,0,106,39,0,0,263,102,0,0,30,15,0,0,10.6,9.75,0,0,40.31,38.24,0,0,12,2,0,0,0,0,0,0,3,2,0,0,0,0,0,0,0,0,0,0,0,0,0,0,3403,1668,112,64,2.94,1568,1066,21,53,4.08,0,0,0,0,0,0,0,0,0,0
2029,Craig Serjeant,Australia,74,Batsman ,Right Handed Bat,,12,3,0,0,23,3,0,0,522,73,0,0,588,158,0,0,124,46,0,0,23.73,24.33,0,0,88.78,46.21,0,0,62,7,0,0,1,1,0,0,4,0,0,0,2,0,0,0,1,0,0,0,0,0,0,0,0,0,0,0,0,0,0,0,0,0,0,0,0,0,0,0,0,0,0,0
2030,Kim Hughes,Australia,72,Batsman ,Right Handed Bat ,Right-arm medium,70,97,0,0,124,88,0,0,4415,1968,0,0,10081,2919,0,0,213,98,0,0,37.42,24,0,0,43.80,67.43,0,0,444,141,0,0,27,12,0,0,10,12,0,0,22,17,0,0,9,0,0,0,1,0,0,0,85,28,4,0,1.98,1,4,0,0,0,0,0,0,0,0,0,0,0,0,0
2031,Richie Robinson,Australia,79,Batsman ,Right Handed Bat,,3,2,0,0,6,2,0,0,100,82,0,0,246,143,0,0,34,70,0,0,16.67,41,0,0,40.66,57.35,0,0,14,7,0,0,0,1,0,0,0,0,0,0,0,1,0,0,0,0,0,0,0,0,0,0,0,0,0,0,0,0,0,0,0,0,0,0,0,0,0,0,0,0,0,0
2032,Ian Callen,Australia,71,Batsman ,Left Handed Bat ,Right-arm fast-medium,1,5,0,0,2,3,0,0,26,6,0,0,0,13,0,0,22,3,0,0,0,6,0,0,0,46.16,0,0,2,0,0,0,1,0,0,0,0,1,0,0,0,0,0,0,0,0,0,0,0,0,0,0,330,191,5,6,3.47,180,148,2,5,4.93,0,0,0,0,0,0,0,0,0,0
2033,Wayne Clark,Australia,72,Batsman ,Right Handed Bat ,Right-arm fast-medium,10,2,0,0,19,0,0,0,98,0,0,0,227,0,0,0,33,0,0,0,5.76,0,0,0,43.18,0,0,0,10,0,0,0,0,0,0,0,8,0,0,0,0,0,0,0,0,0,0,0,0,0,0,0,2323,1265,63,44,3.27,100,61,3,3,3.66,0,0,0,0,0,0,0,0,0,0
2034,Rick Darling,Australia,69,Batsman ,Right Handed Bat,,14,18,0,0,27,18,0,0,697,363,0,0,1129,679,0,0,91,74,0,0,25.81,21.35,0,0,61.74,53.47,0,0,61,26,0,0,1,0,0,0,2,0,0,0,6,1,0,0,0,0,0,0,0,0,0,0,0,0,0,0,0,0,0,0,0,0,0,0,0,0,0,0,0,0,0,0
2035,Trevor Laughlin,Australia,75,Batsman ,Left Handed Bat ,Right-arm medium,3,6,0,0,5,5,0,0,87,105,0,0,11,160,0,0,35,74,0,0,17.4,26.25,0,0,790.91,65.63,0,0,7,6,0,0,0,1,0,0,0,0,0,0,0,1,0,0,0,0,0,0,0,0,0,0,466,262,16,6,3.37,272,224,3,8,4.94,0,0,0,0,0,0,0,0,0,0
2036,Steve Rixon,Australia,72,Batsman ,Right Handed Bat,,13,6,0,0,24,6,0,0,394,40,0,0,550,98,0,0,54,20,0,0,18.76,13.33,0,0,71.64,40.82,0,0,33,1,0,0,0,0,0,0,4,1,0,0,2,0,0,0,0,0,0,0,0,0,0,0,0,0,0,0,0,0,0,0,0,0,0,0,0,0,0,0,0,0,0,0
2037,Bob Simpson,Australia,90,Batsman ,Right Handed Bat ,Right-arm legbreak,62,2,0,0,111,2,0,0,4869,36,0,0,4366,53,0,0,311,23,0,0,46.82,18,0,0,111.53,67.93,0,0,342,3,0,0,2,1,0,0,8,0,0,0,27,0,0,0,10,0,0,0,3,0,0,0,6067,3001,253,71,2.97,102,95,0,2,5.59,0,0,0,0,0,0,0,0,0,0
2038,Peter Toohey,Australia,72,Batsman ,Right Handed Bat,,15,5,0,0,29,4,0,0,893,105,0,0,1286,133,0,0,122,54,0,0,31.89,52.5,0,0,69.45,78.95,0,0,81,5,0,0,4,0,0,0,3,0,0,0,7,1,0,0,1,0,0,0,0,0,0,0,2,4,0,0,0,0,0,0,0,0,0,0,0,0,0,0,0,0,0,0
2039,Graeme Wood,Australia,69,Batsman ,Left Handed Bat ,Right-arm medium,59,83,0,0,112,77,0,0,3374,2219,0,0,7066,3725,0,0,172,114,0,0,31.83,32.63,0,0,47.75,59.58,0,0,316,172,0,0,8,4,0,0,9,4,0,0,13,11,0,0,9,3,0,0,0,0,0,0,0,0,0,0,0,0,0,0,0,0,0,0,0,0,0,0,0,0,0,0
2040,Graham Yallop,Australia,73,Batsman ,Left Handed Bat ,Left-arm medium,39,30,0,0,70,27,0,0,2756,823,0,0,5402,1288,0,0,268,66,0,0,41.13,39.19,0,0,51.02,63.90,0,0,276,64,0,0,1,3,0,0,3,1,0,0,9,7,0,0,8,0,0,0,1,0,0,0,192,116,5,1,3.63,138,119,0,3,5.17,0,0,0,0,0,0,0,0,0,0
2041,Bruce Yardley,Australia,78,Batsman ,Right Handed Bat,,33,7,0,0,54,4,0,0,978,58,0,0,1469,98,0,0,74,28,0,0,19.56,14.5,0,0,66.58,59.19,0,0,114,1,0,0,5,0,0,0,8,1,0,0,4,0,0,0,0,0,0,0,0,0,0,0,8495,3986,379,126,2.82,198,130,5,7,3.94,0,0,0,0,0,0,0,0,0,0
2042,Allan Border,Australia,70,Batsman ,Left Handed Bat ,Left-arm orthodox,156,273,0,0,265,252,0,0,11174,6524,0,0,27002,9134,0,0,205,127,0,0,50.56,30.63,0,0,41.39,71.43,0,0,1161,500,0,0,28,43,0,0,11,11,0,0,63,39,0,0,27,3,0,0,2,0,0,0,3911,1525,197,39,2.34,2659,2071,11,73,4.67,0,0,0,0,0,0,0,0,0,0
2043,Phil Carlson,Australia,74,Batsman ,Right Handed Bat ,Right-arm medium,2,4,0,0,4,2,0,0,23,11,0,0,63,30,0,0,21,11,0,0,5.75,5.5,0,0,36.51,36.67,0,0,2,2,0,0,0,0,0,0,2,1,0,0,0,0,0,0,0,0,0,0,0,0,0,0,276,99,10,2,2.15,126,70,3,2,3.33,0,0,0,0,0,0,0,0,0,0
2044,John Maclean,Australia,80,Batsman ,Right Handed Bat,,4,2,0,0,8,1,0,0,79,11,0,0,357,33,0,0,33,11,0,0,11.29,11,0,0,22.13,33.34,0,0,5,2,0,0,0,0,0,0,2,0,0,0,0,0,0,0,0,0,0,0,0,0,0,0,0,0,0,0,0,0,0,0,0,0,0,0,0,0,0,0,0,0,0,0
2045,Andrew Hilditch,Australia,70,Batsman ,Right Handed Bat ,Right-arm medium,18,8,0,0,34,8,0,0,1073,226,0,0,2359,476,0,0,119,72,0,0,31.56,28.25,0,0,45.49,47.48,0,0,103,15,0,0,4,0,0,0,3,0,0,0,6,1,0,0,2,0,0,0,0,0,0,0,0,0,0,0,0,0,0,0,0,0,0,0,0,0,0,0,0,0,0,0
2046,Rodney Hogg,Australia,75,Batsman ,Right Handed Bat ,Right-arm fast,38,71,0,0,58,35,0,0,439,137,0,0,1326,217,0,0,52,22,0,0,9.76,8.56,0,0,33.11,63.14,0,0,45,8,0,0,1,0,0,0,14,3,0,0,1,0,0,0,0,0,0,0,0,0,0,0,7053,3503,230,123,2.98,3665,2418,57,85,3.96,0,0,0,0,0,0,0,0,0,0
2047,Kevin Wright,Australia,72,Batsman ,Right Handed Bat,,10,5,0,0,18,2,0,0,219,29,0,0,586,52,0,0,55,23,0,0,16.85,14.5,0,0,37.38,55.77,0,0,21,0,0,0,0,0,0,0,2,0,0,0,1,0,0,0,0,0,0,0,0,0,0,0,0,0,0,0,0,0,0,0,0,0,0,0,0,0,0,0,0,0,0,0
2048,Jeff Moss,Australia,78,Batsman ,Left Handed Bat,,1,1,0,0,2,1,0,0,60,7,0,0,136,16,0,0,38,7,0,0,60,7,0,0,44.12,43.75,0,0,4,0,0,0,1,0,0,0,0,0,0,0,0,0,0,0,0,0,0,0,0,0,0,0,0,0,0,0,0,0,0,0,0,0,0,0,0,0,0,0,0,0,0,0
2049,Graeme Porter,Australia,71,Batsman ,Right Handed Bat ,Right-arm medium,0,2,0,0,0,1,0,0,0,3,0,0,0,9,0,0,0,3,0,0,0,3,0,0,0,33.34,0,0,0,0,0,0,0,0,0,0,0,0,0,0,0,0,0,0,0,0,0,0,0,0,0,0,0,0,0,0,0,108,33,5,3,1.83,0,0,0,0,0,0,0,0,0,0
2050,Bruce Laird,Australia,75,Batsman ,Right Handed Bat,,21,23,0,0,40,23,0,0,1341,594,0,0,3713,1105,0,0,92,117,0,0,35.29,29.7,0,0,36.12,53.76,0,0,94,52,0,0,0,0,0,0,2,0,0,0,11,2,0,0,0,1,0,0,0,0,0,0,18,12,1,0,4,0,0,0,0,0,0,0,0,0,0,0,0,0,0,0
2051,Julien Wiener,Australia,71,Batsman ,Right Handed Bat ,Right-arm offbreak,6,7,0,0,11,7,0,0,281,140,0,0,658,324,0,0,93,50,0,0,25.55,20,0,0,42.71,43.21,0,0,23,12,0,0,3,0,0,0,0,0,0,0,2,1,0,0,0,0,0,0,0,0,0,0,78,41,4,0,3.15,24,34,0,0,8.5,0,0,0,0,0,0,0,0,0,0
2052,Dav Whatmore,Australia,72,Batsman ,Right Handed Bat,,7,1,0,0,13,1,0,0,293,2,0,0,583,6,0,0,77,2,0,0,22.54,2,0,0,50.26,33.34,0,0,36,0,0,0,0,0,0,0,1,0,0,0,2,0,0,0,0,0,0,0,0,0,0,0,30,11,2,0,2.2,0,0,0,0,0,0,0,0,0,0,0,0,0,0,0
2053,John Dyson,Australia,71,Batsman ,Right Handed Bat,,30,29,0,0,58,27,0,0,1359,755,0,0,4097,1553,0,0,127,79,0,0,26.13,32.83,0,0,33.18,48.62,0,0,123,55,0,0,3,2,0,0,4,1,0,0,5,4,0,0,2,0,0,0,0,0,0,0,0,0,0,0,0,0,0,0,0,0,0,0,0,0,0,0,0,0,0,0
2054,Trevor Chappell,Australia,73,Batsman ,Right Handed Bat ,Right-arm medium,3,20,0,0,6,13,0,0,79,229,0,0,418,365,0,0,27,110,0,0,15.8,17.62,0,0,18.90,62.74,0,0,3,18,0,0,0,0,0,0,0,2,0,0,0,0,0,0,0,1,0,0,0,0,0,0,0,0,0,0,0,736,538,4,19,4.39,0,0,0,0,0,0,0,0,0,0
2055,Shaun Graf,Australia,69,Batsman ,Right Handed Bat ,Right-arm fast-medium,0,11,0,0,0,6,0,0,0,24,0,0,0,50,0,0,0,8,0,0,0,4,0,0,0,48.00,0,0,0,1,0,0,0,0,0,0,0,1,0,0,0,0,0,0,0,0,0,0,0,0,0,0,0,0,0,0,0,522,345,4,8,3.97,0,0,0,0,0,0,0,0,0,0
2056,Geoff Lawson,Australia,68,Batsman ,Right Handed Bat ,Right-arm fast,46,79,0,0,68,52,0,0,894,378,0,0,1755,500,0,0,74,33,0,0,15.68,11.12,0,0,50.95,75.60,0,0,100,19,0,0,1,4,0,0,7,9,0,0,4,0,0,0,0,0,0,0,0,0,0,0,11118,5501,386,180,2.97,4259,2592,94,88,3.65,0,0,0,0,0,0,0,0,0,0
2057,Martin Kent,Australia,72,Batsman ,Right Handed Bat,,3,5,0,0,6,5,0,0,171,78,0,0,334,133,0,0,54,33,0,0,28.5,19.5,0,0,51.20,58.65,0,0,22,6,0,0,0,0,0,0,0,0,0,0,2,0,0,0,0,0,0,0,0,0,0,0,0,0,0,0,0,0,0,0,0,0,0,0,0,0,0,0,0,0,0,0
2058,Graeme Beard,Australia,75,Batsman ,Right Handed Bat,,3,2,0,0,5,0,0,0,114,0,0,0,287,0,0,0,49,0,0,0,22.8,0,0,0,39.73,0,0,0,12,0,0,0,0,0,0,0,0,0,0,0,0,0,0,0,0,0,0,0,0,0,0,0,259,109,17,1,2.53,112,70,3,4,3.75,0,0,0,0,0,0,0,0,0,0
2059,Terry Alderman,Australia,69,Batsman ,Right Handed Bat ,Right-arm fast-medium,41,65,0,0,53,18,0,0,203,32,0,0,735,97,0,0,26,9,0,0,6.55,2.67,0,0,27.62,32.99,0,0,19,2,0,0,0,0,0,0,13,6,0,0,0,0,0,0,0,0,0,0,0,0,0,0,10181,4616,432,170,2.72,3371,2056,75,88,3.66,0,0,0,0,0,0,0,0,0,0
2060,Dirk Wellham,Australia,67,Batsman ,Right Handed Bat,,6,17,0,0,11,17,0,0,257,379,0,0,768,699,0,0,103,97,0,0,23.36,25.27,0,0,33.47,54.23,0,0,27,16,0,0,0,0,0,0,0,0,0,0,0,1,0,0,1,0,0,0,0,0,0,0,0,0,0,0,0,0,0,0,0,0,0,0,0,0,0,0,0,0,0,0
2061,Greg Ritchie,Australia,66,Batsman ,Right Handed Bat ,Right-arm medium,30,44,0,0,53,42,0,0,1690,959,0,0,4363,1479,0,0,146,84,0,0,35.21,27.4,0,0,38.74,64.85,0,0,158,55,0,0,11,6,0,0,1,2,0,0,7,6,0,0,3,0,0,0,0,0,0,0,6,10,0,0,10,0,0,0,0,0,0,0,0,0,0,0,0,0,0,0
2062,Wayne Phillips,Australia,68,Batsman ,Left Handed Bat,,27,48,0,0,48,41,0,0,1485,852,0,0,3388,994,0,0,159,75,0,0,32.28,24.34,0,0,43.84,85.72,0,0,171,76,0,0,5,5,0,0,1,1,0,0,7,6,0,0,2,0,0,0,0,0,0,0,0,0,0,0,0,0,0,0,0,0,0,0,0,0,0,0,0,0,0,0
2063,Carl Rackemann,Australia,65,Batsman ,Right Handed Bat ,Right-arm fast,12,52,0,0,14,18,0,0,53,34,0,0,280,77,0,0,15,9,0,0,5.3,2.83,0,0,18.93,44.16,0,0,3,0,0,0,0,0,0,0,5,6,0,0,0,0,0,0,0,0,0,0,0,0,0,0,2719,1137,131,39,2.51,2791,1833,51,82,3.94,0,0,0,0,0,0,0,0,0,0
2064,John Maguire,Australia,69,Batsman ,Right Handed Bat ,Right-arm fast-medium,3,23,0,0,5,11,0,0,28,42,0,0,79,71,0,0,15,14,0,0,7,7,0,0,35.45,59.16,0,0,4,1,0,0,0,0,0,0,2,1,0,0,0,0,0,0,0,0,0,0,0,0,0,0,616,323,21,10,3.15,1009,769,12,19,4.57,0,0,0,0,0,0,0,0,0,0
2065,Tom Hogan,Australia,69,Batsman ,Right Handed Bat ,Left-arm orthodox,7,16,0,0,12,12,0,0,205,72,0,0,379,95,0,0,42,27,0,0,18.64,9,0,0,54.09,75.79,0,0,22,7,0,0,0,2,0,0,1,1,0,0,0,0,0,0,0,0,0,0,0,0,0,0,1436,706,55,15,2.95,917,574,12,23,3.76,0,0,0,0,0,0,0,0,0,0
2066,Ken MacLeay,Australia,67,Batsman ,Right Handed Bat ,Right-arm medium,0,16,0,0,0,13,0,0,0,139,0,0,0,170,0,0,0,41,0,0,0,12.64,0,0,0,81.77,0,0,0,7,0,0,0,3,0,0,0,0,0,0,0,0,0,0,0,0,0,0,0,0,0,0,0,0,0,0,0,857,626,8,15,4.38,0,0,0,0,0,0,0,0,0,0
2067,S Barry,Australia,64,Batsman ,Right Handed Bat,,3,28,0,0,5,24,0,0,41,861,0,0,94,1319,0,0,12,117,0,0,8.2,39.14,0,0,43.62,65.28,0,0,6,67,0,0,0,0,0,0,0,1,0,0,0,8,0,0,0,2,0,0,0,0,0,0,0,0,0,0,0,7,5,0,0,4.29,0,0,0,0,0,0,0,0,0,0
2068,Mike Whitney,Australia,67,Batsman ,Right Handed Bat ,Left-arm fast-medium,12,38,0,0,19,13,0,0,68,40,0,0,319,90,0,0,13,9,0,0,6.18,6.67,0,0,21.32,44.45,0,0,4,2,0,0,0,0,0,0,4,1,0,0,0,0,0,0,0,0,0,0,0,0,0,0,2672,1325,90,39,2.98,2106,1249,43,46,3.56,0,0,0,0,0,0,0,0,0,0
2069,Roger Woolley,Australia,71,Batsman ,Right Handed Bat,,2,4,0,0,2,3,0,0,21,31,0,0,52,38,0,0,13,16,0,0,10.5,31,0,0,40.39,81.58,0,0,3,2,0,0,0,0,0,0,0,0,0,0,0,0,0,0,0,0,0,0,0,0,0,0,0,0,0,0,0,0,0,0,0,0,0,0,0,0,0,0,0,0,0,0
2070,Greg Matthews,Australia,66,Batsman ,Left Handed Bat ,Right-arm offbreak,33,59,0,0,53,50,0,0,1849,619,0,0,4178,911,0,0,130,54,0,0,41.09,16.73,0,0,44.26,67.95,0,0,166,23,0,0,5,3,0,0,2,5,0,0,12,1,0,0,4,0,0,0,0,0,0,0,6271,2942,256,61,2.81,2808,2004,21,57,4.28,0,0,0,0,0,0,0,0,0,0
2071,Dean Jones,Australia,65,Batsman ,Right Handed Bat ,Right-arm offbreak,52,164,0,0,89,161,0,0,3631,6068,0,0,7427,8362,0,0,216,145,0,0,46.55,44.62,0,0,48.89,72.57,0,0,361,380,0,0,10,64,0,0,11,6,0,0,14,46,0,0,11,7,0,0,2,0,0,0,198,64,15,1,1.94,106,81,0,3,4.58,0,0,0,0,0,0,0,0,0,0
2072,David Boon,Australia,65,Batsman ,Right Handed Bat ,Right-arm offbreak,107,181,0,0,190,177,0,0,7422,5964,0,0,18116,9157,0,0,200,122,0,0,43.66,37.04,0,0,40.97,65.14,0,0,822,494,0,0,2,16,0,0,16,6,0,0,32,37,0,0,21,5,0,0,1,0,0,0,36,14,3,0,2.33,82,86,0,0,6.29,0,0,0,0,0,0,0,0,0,0
2073,Murray Bennett,Australia,69,Batsman ,Right Handed Bat ,Left-arm orthodox,3,8,0,0,5,4,0,0,71,9,0,0,245,21,0,0,23,6,0,0,23.67,3,0,0,28.98,42.86,0,0,5,0,0,0,0,0,0,0,0,2,0,0,0,0,0,0,0,0,0,0,0,0,0,0,665,325,24,6,2.93,408,275,6,4,4.04,0,0,0,0,0,0,0,0,0,0
2074,Craig McDermott,Australia,61,Batsman ,Right Handed Bat ,Right-arm fast,71,138,0,0,90,78,0,0,940,432,0,0,1716,492,0,0,42,37,0,0,12.21,7.08,0,0,54.78,87.81,0,0,90,36,0,0,6,8,0,0,13,15,0,0,0,0,0,0,0,0,0,0,0,0,0,0,16586,8332,579,291,3.01,7461,5018,101,203,4.04,0,0,0,0,0,0,0,0,0,0
2075,Simon ODonnell,Australia,63,Batsman ,Right Handed Bat ,Right-arm fast-medium,6,87,0,0,10,64,0,0,206,1242,0,0,471,1534,0,0,48,74,0,0,29.43,25.35,0,0,43.74,80.97,0,0,19,72,0,0,3,28,0,0,1,5,0,0,0,9,0,0,0,0,0,0,0,0,0,0,940,504,37,6,3.22,4350,3102,49,108,4.28,0,0,0,0,0,0,0,0,0,0
2076,Bob Holland,Australia,79,Batsman ,Right Handed Bat ,Right-arm legbreak,11,2,0,0,15,0,0,0,35,0,0,0,165,0,0,0,10,0,0,0,3.18,0,0,0,21.22,0,0,0,3,0,0,0,0,0,0,0,7,0,0,0,0,0,0,0,0,0,0,0,0,0,0,0,2889,1352,124,34,2.81,126,99,2,2,4.71,0,0,0,0,0,0,0,0,0,0
2077,Rod McCurdy,Australia,66,Batsman ,Right Handed Bat ,Right-arm fast-medium,0,11,0,0,0,6,0,0,0,33,0,0,0,71,0,0,0,13,0,0,0,8.25,0,0,0,46.48,0,0,0,1,0,0,0,0,0,0,0,1,0,0,0,0,0,0,0,0,0,0,0,0,0,0,0,0,0,0,0,515,375,8,12,4.37,0,0,0,0,0,0,0,0,0,0
2078,Robbie Kerr,Australia,64,Batsman ,Right Handed Bat ,Right-arm legbreak,2,4,0,0,4,4,0,0,31,97,0,0,103,159,0,0,17,87,0,0,7.75,32.33,0,0,30.10,61.01,0,0,0,5,0,0,0,0,0,0,1,0,0,0,0,1,0,0,0,0,0,0,0,0,0,0,0,0,0,0,0,0,0,0,0,0,0,0,0,0,0,0,0,0,0,0
2079,Simon Davis,Australia,66,Batsman ,Right Handed Bat ,Right-arm fast-medium,1,39,0,0,1,11,0,0,0,20,0,0,2,34,0,0,0,6,0,0,0,5,0,0,0.00,58.83,0,0,0,0,0,0,0,0,0,0,1,1,0,0,0,0,0,0,0,0,0,0,0,0,0,0,150,70,4,0,2.8,2016,1133,46,44,3.37,0,0,0,0,0,0,0,0,0,0
2080,Dave Gilbert,Australia,65,Batsman ,Right Handed Bat ,Right-arm fast-medium,9,14,0,0,12,8,0,0,57,39,0,0,298,102,0,0,15,8,0,0,7.13,7.8,0,0,19.13,38.24,0,0,4,1,0,0,0,0,0,0,1,0,0,0,0,0,0,0,0,0,0,0,0,0,0,0,1647,843,49,16,3.07,684,552,4,18,4.84,0,0,0,0,0,0,0,0,0,0
2081,Bruce Reid,Australia,63,Batsman ,Left Handed Bat ,Left-arm fast-medium,27,61,0,0,34,21,0,0,93,49,0,0,394,117,0,0,13,10,0,0,4.65,3.77,0,0,23.61,41.89,0,0,7,2,0,0,0,0,0,0,6,1,0,0,0,0,0,0,0,0,0,0,0,0,0,0,6244,2784,244,113,2.68,3250,2203,53,63,4.07,0,0,0,0,0,0,0,0,0,0
2082,Steve Waugh,Australia,60,Batsman ,Right Handed Bat ,Right-arm medium,168,325,0,0,260,288,0,0,10927,7569,0,0,22461,9971,0,0,200,120,0,0,50.59,32.63,0,0,48.65,75.92,0,0,1175,530,0,0,20,68,0,0,22,15,0,0,50,45,0,0,32,3,0,0,1,0,0,0,7805,3445,332,92,2.65,8883,6761,56,195,4.57,0,0,0,0,0,0,0,0,0,0
2083,Geoff Marsh,Australia,67,Batsman ,Right Handed Bat,,50,117,0,0,93,115,0,0,2854,4357,0,0,8124,7790,0,0,138,126,0,0,33.19,39.97,0,0,35.14,55.94,0,0,307,302,0,0,1,22,0,0,3,4,0,0,15,22,0,0,4,9,0,0,0,0,0,0,0,0,0,0,0,6,4,0,0,4,0,0,0,0,0,0,0,0,0,0
2084,Glenn Trimble,Australia,63,Batsman ,Right Handed Bat,,0,2,0,0,0,2,0,0,0,4,0,0,0,5,0,0,0,4,0,0,0,4,0,0,0,80.00,0,0,0,1,0,0,0,0,0,0,0,0,0,0,0,0,0,0,0,0,0,0,0,0,0,0,0,0,0,0,0,24,32,0,0,8,0,0,0,0,0,0,0,0,0,0
2085,Tim Zoehrer,Australia,64,Batsman ,Right Handed Bat ,Right-arm legbreak,10,22,0,0,14,15,0,0,246,130,0,0,581,183,0,0,52,50,0,0,20.5,10.83,0,0,42.35,71.04,0,0,30,9,0,0,2,0,0,0,0,2,0,0,1,1,0,0,0,0,0,0,0,0,0,0,0,0,0,0,0,0,0,0,0,0,0,0,0,0,0,0,0,0,0,0
2086,Greg Dyer,Australia,67,Batsman ,Right Handed Bat,,6,23,0,0,6,13,0,0,131,174,0,0,307,227,0,0,60,45,0,0,21.83,15.82,0,0,42.68,76.66,0,0,11,8,0,0,0,4,0,0,1,1,0,0,1,0,0,0,0,0,0,0,0,0,0,0,0,0,0,0,0,0,0,0,0,0,0,0,0,0,0,0,0,0,0,0
2087,Glenn Bishop,Australia,66,Batsman ,Right Handed Bat,,0,2,0,0,0,2,0,0,0,13,0,0,0,44,0,0,0,7,0,0,0,6.5,0,0,0,29.55,0,0,0,1,0,0,0,0,0,0,0,0,0,0,0,0,0,0,0,0,0,0,0,0,0,0,0,0,0,0,0,0,0,0,0,0,0,0,0,0,0,0,0,0,0,0
2088,Peter Taylor,Australia,69,Batsman ,Left Handed Bat ,Right-arm offbreak,13,83,0,0,19,47,0,0,431,437,0,0,1308,583,0,0,87,54,0,0,26.94,19.86,0,0,32.96,74.96,0,0,37,23,0,0,0,0,0,0,1,4,0,0,2,1,0,0,0,0,0,0,0,0,0,0,2227,1068,101,27,2.88,3937,2740,33,97,4.18,0,0,0,0,0,0,0,0,0,0
2089,Mike Veletta,Australia,62,Batsman ,Right Handed Bat,,8,20,0,0,11,19,0,0,207,484,0,0,634,642,0,0,39,68,0,0,18.82,32.27,0,0,32.65,75.39,0,0,15,29,0,0,0,0,0,0,0,2,0,0,0,2,0,0,0,0,0,0,0,0,0,0,0,0,0,0,0,0,0,0,0,0,0,0,0,0,0,0,0,0,0,0
2090,Tom Moody,Australia,60,Batsman ,Right Handed Bat ,Right-arm medium,8,76,0,0,14,64,0,0,456,1211,0,0,982,1747,0,0,106,89,0,0,32.57,23.29,0,0,46.44,69.32,0,0,49,74,0,0,0,18,0,0,1,6,0,0,3,10,0,0,2,0,0,0,0,0,0,0,432,147,19,2,2.04,2797,2014,31,52,4.32,0,0,0,0,0,0,0,0,0,0
2091,Tim May,Australia,64,Batsman ,Right Handed Bat ,Right-arm offbreak,24,47,0,0,28,12,0,0,225,39,0,0,873,52,0,0,42,15,0,0,14.06,9.75,0,0,25.78,75.00,0,0,14,1,0,0,0,0,0,0,3,0,0,0,0,0,0,0,0,0,0,0,0,0,0,0,6577,2606,321,75,2.38,2504,1772,17,39,4.25,0,0,0,0,0,0,0,0,0,0
2092,Andrew Zesers,Australia,59,Batsman ,Right Handed Bat ,Right-arm fast-medium,0,2,0,0,0,2,0,0,0,10,0,0,0,14,0,0,0,8,0,0,0,0,0,0,0,71.43,0,0,0,1,0,0,0,0,0,0,0,0,0,0,0,0,0,0,0,0,0,0,0,0,0,0,0,0,0,0,0,90,74,1,1,4.93,0,0,0,0,0,0,0,0,0,0
2093,Tony Dodemaide,Australia,62,Batsman ,Right Handed Bat ,Right-arm fast-medium,10,24,0,0,15,16,0,0,202,124,0,0,851,159,0,0,50,30,0,0,22.44,13.78,0,0,23.74,77.99,0,0,14,4,0,0,0,0,0,0,0,1,0,0,1,0,0,0,0,0,0,0,0,0,0,0,2184,953,92,34,2.62,1327,753,30,36,3.4,0,0,0,0,0,0,0,0,0,0
2094,Ian Healy,Australia,62,Batsman ,Right Handed Bat,,119,168,0,0,182,120,0,0,4356,1764,0,0,8760,2104,0,0,161,56,0,0,27.4,21,0,0,49.73,83.85,0,0,425,77,0,0,5,5,0,0,18,9,0,0,22,4,0,0,4,0,0,0,0,0,0,0,0,0,0,0,0,0,0,0,0,0,0,0,0,0,0,0,0,0,0,0
2095,Jamie Siddons,Australia,62,Batsman ,Right Handed Bat ,Right-arm legbreak,0,1,0,0,0,1,0,0,0,32,0,0,0,37,0,0,0,32,0,0,0,32,0,0,0,86.49,0,0,0,3,0,0,0,0,0,0,0,0,0,0,0,0,0,0,0,0,0,0,0,0,0,0,0,0,0,0,0,0,0,0,0,0,0,0,0,0,0,0,0,0,0,0
2096,Merv Hughes,Australia,64,Batsman ,Right Handed Bat ,Right-arm fast,53,33,0,0,70,17,0,0,1032,100,0,0,2233,134,0,0,72,20,0,0,16.65,11.11,0,0,46.22,74.63,0,0,96,6,0,0,17,4,0,0,10,3,0,0,2,0,0,0,0,0,0,0,0,0,0,0,12285,6017,499,212,2.94,1639,1115,22,38,4.08,0,0,0,0,0,0,0,0,0,0
2097,Mark Waugh,Australia,60,Batsman ,Right Handed Bat ,Right-arm offbreak,128,244,0,0,209,236,0,0,8029,8500,0,0,15360,11053,0,0,153,173,0,0,41.82,39.35,0,0,52.28,76.91,0,0,844,651,0,0,41,57,0,0,19,16,0,0,47,50,0,0,20,18,0,0,0,0,0,0,4853,2429,171,59,3,3687,2938,11,85,4.78,0,0,0,0,0,0,0,0,0,0
2098,Greg Campbell,Australia,62,Batsman ,Right Handed Bat ,Right-arm fast-medium,4,12,0,0,4,3,0,0,10,6,0,0,64,19,0,0,6,4,0,0,2.5,3,0,0,15.63,31.58,0,0,0,0,0,0,0,0,0,0,2,1,0,0,0,0,0,0,0,0,0,0,0,0,0,0,951,503,29,13,3.17,613,404,9,18,3.95,0,0,0,0,0,0,0,0,0,0
2099,Mark Taylor,Australia,61,Batsman ,Left Handed Bat ,Right-arm medium,104,113,0,0,186,110,0,0,7525,3514,0,0,18140,5909,0,0,334,105,0,0,43.5,32.24,0,0,41.49,59.47,0,0,727,273,0,0,9,7,0,0,5,4,0,0,40,28,0,0,19,1,0,0,2,0,0,0,42,26,3,1,3.71,0,0,0,0,0,0,0,0,0,0,0,0,0,0,0
2100,Paul Reiffel,Australia,60,Bowler ,Right Handed Bat ,Right-arm fast-medium,35,92,0,0,50,57,0,0,955,503,0,0,2042,709,0,0,79,58,0,0,26.53,13.97,0,0,46.77,70.95,0,0,103,26,0,0,0,1,0,0,5,5,0,0,6,1,0,0,0,0,0,0,0,0,0,0,6403,2804,279,104,2.63,4732,3096,85,106,3.93,0,0,0,0,0,0,0,0,0,0
2101,Brendon Julian,Australia,55,Batsman ,Right Handed Bat ,Left-arm fast-medium,7,25,0,0,9,17,0,0,128,224,0,0,268,250,0,0,56,35,0,0,16,13.18,0,0,47.77,89.60,0,0,14,17,0,0,1,6,0,0,3,4,0,0,1,0,0,0,0,0,0,0,0,0,0,0,1098,599,43,15,3.27,1146,997,11,22,5.22,0,0,0,0,0,0,0,0,0,0
2102,Michael Slater,Australia,56,Batsman ,Right Handed Bat ,Right-arm medium,74,42,0,0,131,42,0,0,5312,987,0,0,9967,1634,0,0,219,73,0,0,42.84,24.07,0,0,53.30,60.41,0,0,598,95,0,0,30,2,0,0,9,3,0,0,21,9,0,0,14,0,0,0,1,0,0,0,25,10,1,1,2.4,12,11,1,0,5.5,0,0,0,0,0,0,0,0,0,0
2103,Damien Fleming,Australia,56,Batsman ,Right Handed Bat ,Right-arm fast-medium,20,88,0,0,19,31,0,0,305,152,0,0,583,221,0,0,71,29,0,0,19.06,11.69,0,0,52.32,68.78,0,0,39,9,0,0,0,1,0,0,7,5,0,0,2,0,0,0,0,0,0,0,0,0,0,0,4129,1942,153,75,2.82,4619,3402,62,134,4.42,0,0,0,0,0,0,0,0,0,0
2104,Michael Bevan,Australia,56,Batsman ,Left Handed Bat ,Left-arm wrist-spin,18,232,0,0,30,196,0,0,785,6912,0,0,1972,9320,0,0,91,108,0,0,29.07,53.17,0,0,39.81,74.17,0,0,89,450,0,0,1,21,0,0,4,5,0,0,6,46,0,0,0,6,0,0,0,0,0,0,1285,703,30,29,3.28,1966,1655,4,36,5.05,0,0,0,0,0,0,0,0,0,0
2105,Jo Angel,Australia,58,Batsman ,Left Handed Bat ,Right-arm fast,4,3,0,0,7,1,0,0,35,0,0,0,122,3,0,0,11,0,0,0,5.83,0,0,0,28.69,0.00,0,0,6,0,0,0,0,0,0,0,2,1,0,0,0,0,0,0,0,0,0,0,0,0,0,0,748,463,24,10,3.71,162,113,3,4,4.19,0,0,0,0,0,0,0,0,0,0
2106,Gavin Robertson,Australia,59,Batsman ,Right Handed Bat ,Right-arm offbreak,4,13,0,0,7,7,0,0,140,45,0,0,415,55,0,0,57,15,0,0,20,15,0,0,33.74,81.82,0,0,15,2,0,0,1,0,0,0,2,0,0,0,1,0,0,0,0,0,0,0,0,0,0,0,898,515,19,13,3.44,597,430,1,8,4.32,0,0,0,0,0,0,0,0,0,0
2107,Phil Emery,Australia,61,Batsman ,Left Handed Bat,,1,1,0,0,1,1,0,0,8,11,0,0,26,13,0,0,8,11,0,0,0,0,0,0,30.77,84.62,0,0,1,1,0,0,0,0,0,0,0,0,0,0,0,0,0,0,0,0,0,0,0,0,0,0,0,0,0,0,0,0,0,0,0,0,0,0,0,0,0,0,0,0,0,0
2108,Stuart Law,Australia,57,Batsman ,Right Handed Bat,,1,54,0,0,1,51,0,0,54,1237,0,0,118,1643,0,0,54,110,0,0,0,26.89,0,0,45.77,75.29,0,0,1,72,0,0,0,8,0,0,0,3,0,0,1,7,0,0,0,1,0,0,0,0,0,0,18,9,1,0,3,807,635,3,12,4.72,0,0,0,0,0,0,0,0,0,0
2109,Greg Blewett,Australia,54,Batsman ,Right Handed Bat ,Right-arm medium,46,32,0,0,79,30,0,0,2552,551,0,0,6184,889,0,0,214,57,0,0,34.03,20.41,0,0,41.27,61.98,0,0,276,35,0,0,4,3,0,0,6,3,0,0,15,2,0,0,4,0,0,0,1,0,0,0,1436,720,60,14,3.01,749,646,3,14,5.17,0,0,0,0,0,0,0,0,0,0
2110,Shane Lee,Australia,52,Bowling Allrounder ,Right Handed Bat ,Right-arm medium,0,45,0,0,0,35,0,0,0,477,0,0,0,500,0,0,0,47,0,0,0,17.67,0,0,0,95.40,0,0,0,31,0,0,0,7,0,0,0,3,0,0,0,0,0,0,0,0,0,0,0,0,0,0,0,0,0,0,0,1706,1245,14,48,4.38,0,0,0,0,0,0,0,0,0,0
2111,Andy Bichel,Australia,55,Batsman ,Right Handed Bat ,Right-arm fast-medium,19,67,0,0,22,36,0,0,355,471,0,0,552,600,0,0,71,64,0,0,16.9,20.48,0,0,64.32,78.50,0,0,51,33,0,0,2,10,0,0,3,5,0,0,1,1,0,0,0,0,0,0,0,0,0,0,3337,1870,111,58,3.36,3257,2463,28,78,4.54,0,0,0,0,0,0,0,0,0,0
2112,Anthony Stuart,Australia,56,Batsman ,Right Handed Bat ,Right-arm fast-medium,0,3,0,0,0,1,0,0,0,1,0,0,0,7,0,0,0,1,0,0,0,1,0,0,0,14.29,0,0,0,0,0,0,0,0,0,0,0,0,0,0,0,0,0,0,0,0,0,0,0,0,0,0,0,0,0,0,0,180,109,2,8,3.63,0,0,0,0,0,0,0,0,0,0
2113,Adam Dale,Australia,57,Batsman ,Left Handed Bat ,Right-arm fast-medium,2,30,0,0,3,12,0,0,6,78,0,0,19,136,0,0,5,15,0,0,2,19.5,0,0,31.58,57.36,0,0,0,3,0,0,0,0,0,0,1,1,0,0,0,0,0,0,0,0,0,0,0,0,0,0,348,187,19,6,3.22,1596,979,34,32,3.68,0,0,0,0,0,0,0,0,0,0
2114,Michael Di,Australia,52,Batsman ,Left Handed Bat ,Right-arm medium,0,9,0,0,0,9,0,0,0,241,0,0,0,281,0,0,0,89,0,0,0,26.78,0,0,0,85.77,0,0,0,28,0,0,0,0,0,0,0,0,0,0,0,2,0,0,0,0,0,0,0,0,0,0,0,0,0,0,0,0,0,0,0,0,0,0,0,0,0,0,0,0,0,0
2115,Matthew Elliott,Australia,54,Batsman ,Left Handed Bat ,Left-arm medium,21,1,0,0,36,1,0,0,1172,1,0,0,2637,6,0,0,199,1,0,0,32.56,1,0,0,44.45,16.67,0,0,155,0,0,0,4,0,0,0,5,0,0,0,4,0,0,0,3,0,0,0,0,0,0,0,12,4,1,0,2,0,0,0,0,0,0,0,0,0,0,0,0,0,0,0
2116,Ian Harvey,Australia,54,Batting Allrounder ,Right Handed Bat ,Right-arm medium,0,73,0,0,0,51,0,0,0,715,0,0,0,811,0,0,0,48,0,0,0,17.88,0,0,0,88.17,0,0,0,65,0,0,0,8,0,0,0,2,0,0,0,0,0,0,0,0,0,0,0,0,0,0,0,0,0,0,0,3279,2577,29,85,4.72,0,0,0,0,0,0,0,0,0,0
2117,Paul Wilson,Australia,54,Batsman ,Right Handed Bat ,Right-arm fast-medium,1,11,0,0,2,5,0,0,0,4,0,0,4,13,0,0,0,2,0,0,0,1.33,0,0,0.00,30.77,0,0,0,0,0,0,0,0,0,0,0,2,0,0,0,0,0,0,0,0,0,0,0,0,0,0,72,50,2,0,4.17,562,450,6,13,4.8,0,0,0,0,0,0,0,0,0,0
2118,Jimmy Maher,Australia,52,Batsman ,Left Handed Bat ,Right-arm medium,0,26,0,0,0,20,0,0,0,438,0,0,0,673,0,0,0,95,0,0,0,25.76,0,0,0,65.09,0,0,0,40,0,0,0,7,0,0,0,1,0,0,0,1,0,0,0,0,0,0,0,0,0,0,0,0,0,0,0,0,0,0,0,0,0,0,0,0,0,0,0,0,0,0
2119,Brad Young,Australia,53,Batsman ,Right Handed Bat ,Left-arm orthodox,0,6,0,0,0,3,0,0,0,31,0,0,0,47,0,0,0,18,0,0,0,15.5,0,0,0,65.96,0,0,0,2,0,0,0,0,0,0,0,0,0,0,0,0,0,0,0,0,0,0,0,0,0,0,0,0,0,0,0,234,251,0,1,6.44,0,0,0,0,0,0,0,0,0,0
2120,Brad Williams,Australia,51,Batsman ,Right Handed Bat ,Right-arm fast,4,25,0,0,6,6,0,0,23,27,0,0,41,46,0,0,10,13,0,0,7.67,13.5,0,0,56.10,58.70,0,0,0,2,0,0,1,0,0,0,1,2,0,0,0,0,0,0,0,0,0,0,0,0,0,0,852,406,43,9,2.86,1203,814,19,35,4.06,0,0,0,0,0,0,0,0,0,0
2121,Ryan Campbell,Australia,54,WK-Batsman ,Right Handed Bat ,Right-arm offbreak,0,2,3,0,0,2,3,0,0,54,36,0,0,70,47,0,0,38,27,0,0,27,12,0,0,77.15,76.60,0,0,6,6,0,0,0,0,0,0,0,1,0,0,0,0,0,0,0,0,0,0,0,0,0,0,0,0,0,0,0,0,0,0,0,60,68,0,2,6.8,0,0,0,0,0
2122,Michael Hussey,Australia,50,Batsman ,Left Handed Bat ,Right-arm medium,79,185,38,59,137,157,30,58,6235,5442,721,1977,12439,6243,529,1612,195,109,60,116,51.53,48.16,37.95,38.76,50.13,87.17,136.30,122.65,685,383,58,198,39,80,25,52,12,3,1,1,29,39,4,15,19,3,0,1,0,0,0,0,588,306,11,7,3.12,240,235,1,2,5.88,6,5,0,0,5,0,0,0,0,0
2123,Matt Prior,England,44,WK-Batsman ,Right Handed Bat,,79,68,10,0,123,62,8,0,4099,1282,127,0,6647,1670,100,0,131,87,32,0,40.19,24.19,21.17,0,61.67,76.77,127.00,0,492,141,11,0,16,6,5,0,13,5,1,0,28,3,0,0,7,0,0,0,0,0,0,0,0,0,0,0,0,0,0,0,0,0,0,0,0,0,0,0,0,0,0,0
2124,Tom Armitage,England,74,Batsman ,Right Handed Bat ,Right-arm medium,2,0,0,0,3,0,0,0,33,0,0,0,63,0,0,0,21,0,0,0,11,0,0,0,52.39,0,0,0,1,0,0,0,0,0,0,0,0,0,0,0,0,0,0,0,0,0,0,0,0,0,0,0,18,15,0,0,5,0,0,0,0,0,0,0,0,0,0,0,0,0,0,0
2125,Harry Charlwood,England,41,Batsman ,Right Handed Bat,,2,0,0,0,4,0,0,0,63,0,0,0,79,0,0,0,36,0,0,0,15.75,0,0,0,79.75,0,0,0,3,0,0,0,0,0,0,0,1,0,0,0,0,0,0,0,0,0,0,0,0,0,0,0,0,0,0,0,0,0,0,0,0,0,0,0,0,0,0,0,0,0,0,0
2126,Tom Emmett,England,62,Batsman ,Left Handed Bat,,7,0,0,0,13,0,0,0,160,0,0,0,60,0,0,0,48,0,0,0,13.33,0,0,0,266.67,0,0,0,8,0,0,0,1,0,0,0,1,0,0,0,0,0,0,0,0,0,0,0,0,0,0,0,1092,284,92,9,1.56,0,0,0,0,0,0,0,0,0,0,0,0,0,0,0
2127,Andrew Greenwood,England,41,Batsman ,Right Handed Bat,,2,0,0,0,4,0,0,0,77,0,0,0,31,0,0,0,49,0,0,0,19.25,0,0,0,248.39,0,0,0,0,0,0,0,0,0,0,0,0,0,0,0,0,0,0,0,0,0,0,0,0,0,0,0,0,0,0,0,0,0,0,0,0,0,0,0,0,0,0,0,0,0,0,0
2128,Allen Hill,England,66,Batsman ,Right Handed Bat,,2,0,0,0,4,0,0,0,101,0,0,0,49,0,0,0,49,0,0,0,50.5,0,0,0,206.13,0,0,0,3,0,0,0,0,0,0,0,1,0,0,0,0,0,0,0,0,0,0,0,0,0,0,0,510,130,37,7,1.53,0,0,0,0,0,0,0,0,0,0,0,0,0,0,0
2129,Harry Jupp,England,47,Batsman ,Right Handed Bat,,2,0,0,0,4,0,0,0,68,0,0,0,262,0,0,0,63,0,0,0,17,0,0,0,25.96,0,0,0,2,0,0,0,0,0,0,0,1,0,0,0,1,0,0,0,0,0,0,0,0,0,0,0,0,0,0,0,0,0,0,0,0,0,0,0,0,0,0,0,0,0,0,0
2130,James Lillywhite,England,87,Batsman ,Left Handed Bat ,Left-arm orthodox,2,0,0,0,3,0,0,0,16,0,0,0,21,0,0,0,10,0,0,0,8,0,0,0,76.20,0,0,0,1,0,0,0,0,0,0,0,0,0,0,0,0,0,0,0,0,0,0,0,0,0,0,0,510,126,37,8,1.48,0,0,0,0,0,0,0,0,0,0,0,0,0,0,0
2131,John Selby,England,44,Batsman ,Right Handed Bat ,Right-arm medium,6,0,0,0,12,0,0,0,256,0,0,0,99,0,0,0,70,0,0,0,23.27,0,0,0,258.59,0,0,0,16,0,0,0,0,0,0,0,0,0,0,0,2,0,0,0,0,0,0,0,0,0,0,0,0,0,0,0,0,0,0,0,0,0,0,0,0,0,0,0,0,0,0,0
2132,Alfred Shaw,England,64,Batsman ,Right Handed Bat,,7,0,0,0,12,0,0,0,111,0,0,0,41,0,0,0,40,0,0,0,10.09,0,0,0,270.74,0,0,0,7,0,0,0,0,0,0,0,1,0,0,0,0,0,0,0,0,0,0,0,0,0,0,0,1642,285,155,12,1.04,0,0,0,0,0,0,0,0,0,0,0,0,0,0,0
2133,James Southerton,England,52,Batsman ,Right Handed Bat,,2,0,0,0,3,0,0,0,7,0,0,0,28,0,0,0,6,0,0,0,3.5,0,0,0,25.00,0,0,0,0,0,0,0,0,0,0,0,1,0,0,0,0,0,0,0,0,0,0,0,0,0,0,0,393,107,30,7,1.63,0,0,0,0,0,0,0,0,0,0,0,0,0,0,0
2134,George Ulyett,England,46,Batsman ,Right Handed Bat,,25,0,0,0,39,0,0,0,949,0,0,0,223,0,0,0,149,0,0,0,24.33,0,0,0,425.57,0,0,0,63,0,0,0,5,0,0,0,6,0,0,0,7,0,0,0,1,0,0,0,0,0,0,0,3922,1020,299,50,1.56,0,0,0,0,0,0,0,0,0,0,0,0,0,0,0
2135,Charlie Absolom,England,43,Batsman ,Right Handed Bat ,Right-arm medium,1,0,0,0,2,0,0,0,58,0,0,0,0,0,0,0,52,0,0,0,29,0,0,0,0,0,0,0,5,0,0,0,0,0,0,0,0,0,0,0,1,0,0,0,0,0,0,0,0,0,0,0,0,0,0,0,0,0,0,0,0,0,0,0,0,0,0,0,0,0,0,0
2136,Lord Harris,England,81,Batsman ,Right Handed Bat,,4,0,0,0,6,0,0,0,145,0,0,0,144,0,0,0,52,0,0,0,29,0,0,0,100.70,0,0,0,15,0,0,0,0,0,0,0,0,0,0,0,1,0,0,0,0,0,0,0,0,0,0,0,48,29,1,0,3.63,0,0,0,0,0,0,0,0,0,0,0,0,0,0,0
2137,Leland Hone,England,43,Batsman ,Right Handed Bat,,1,0,0,0,2,0,0,0,13,0,0,0,0,0,0,0,7,0,0,0,6.5,0,0,0,0,0,0,0,0,0,0,0,0,0,0,0,0,0,0,0,0,0,0,0,0,0,0,0,0,0,0,0,0,0,0,0,0,0,0,0,0,0,0,0,0,0,0,0,0,0,0,0
2138,Monkey Hornby,England,78,Batsman ,Right Handed Bat,,3,0,0,0,6,0,0,0,21,0,0,0,24,0,0,0,9,0,0,0,3.5,0,0,0,87.50,0,0,0,1,0,0,0,0,0,0,0,1,0,0,0,0,0,0,0,0,0,0,0,0,0,0,0,42,0,7,1,0,0,0,0,0,0,0,0,0,0,0,0,0,0,0,0
2139,Bunny Lucas,England,66,Batsman ,Right Handed Bat,,5,0,0,0,9,0,0,0,157,0,0,0,258,0,0,0,55,0,0,0,19.63,0,0,0,60.86,0,0,0,7,0,0,0,0,0,0,0,0,0,0,0,1,0,0,0,0,0,0,0,0,0,0,0,180,54,13,0,1.8,0,0,0,0,0,0,0,0,0,0,0,0,0,0,0
2140,Francis MacKinnon,England,98,Batsman ,Right Handed Bat,,1,0,0,0,2,0,0,0,5,0,0,0,1,0,0,0,5,0,0,0,2.5,0,0,0,500.00,0,0,0,0,0,0,0,0,0,0,0,1,0,0,0,0,0,0,0,0,0,0,0,0,0,0,0,0,0,0,0,0,0,0,0,0,0,0,0,0,0,0,0,0,0,0,0
2141,Vernon Royle,England,75,Batsman ,Right Handed Bat,,1,0,0,0,2,0,0,0,21,0,0,0,0,0,0,0,18,0,0,0,10.5,0,0,0,0,0,0,0,0,0,0,0,0,0,0,0,0,0,0,0,0,0,0,0,0,0,0,0,0,0,0,0,24,6,1,0,1.5,0,0,0,0,0,0,0,0,0,0,0,0,0,0,0
2142,Sandford Schultz,England,80,Batsman ,Right Handed Bat,,1,0,0,0,2,0,0,0,20,0,0,0,0,0,0,0,20,0,0,0,20,0,0,0,0,0,0,0,0,0,0,0,0,0,0,0,0,0,0,0,0,0,0,0,0,0,0,0,0,0,0,0,48,26,3,1,3.25,0,0,0,0,0,0,0,0,0,0,0,0,0,0,0
2143,Alexander Webbe,England,86,Batsman ,Right Handed Bat ,Right-arm fast,1,0,0,0,2,0,0,0,4,0,0,0,0,0,0,0,4,0,0,0,2,0,0,0,0,0,0,0,0,0,0,0,0,0,0,0,1,0,0,0,0,0,0,0,0,0,0,0,0,0,0,0,0,0,0,0,0,0,0,0,0,0,0,0,0,0,0,0,0,0,0,0
2144,Billy Barnes,England,46,Batsman ,Right Handed Bat ,Right-arm fast-medium,21,0,0,0,33,0,0,0,725,0,0,0,134,0,0,0,134,0,0,0,23.39,0,0,0,541.05,0,0,0,36,0,0,0,0,0,0,0,3,0,0,0,5,0,0,0,1,0,0,0,0,0,0,0,3409,793,271,51,1.4,0,0,0,0,0,0,0,0,0,0,0,0,0,0,0
2145,Edward Grace,England,69,Batsman ,Right Handed Bat,,1,0,0,0,2,0,0,0,36,0,0,0,96,0,0,0,36,0,0,0,18,0,0,0,37.50,0,0,0,4,0,0,0,0,0,0,0,1,0,0,0,0,0,0,0,0,0,0,0,0,0,0,0,0,0,0,0,0,0,0,0,0,0,0,0,0,0,0,0,0,0,0,0
2146,Fred Grace,England,29,Batsman ,Right Handed Bat,,1,0,0,0,2,0,0,0,0,0,0,0,4,0,0,0,0,0,0,0,0,0,0,0,0.00,0,0,0,0,0,0,0,0,0,0,0,2,0,0,0,0,0,0,0,0,0,0,0,0,0,0,0,0,0,0,0,0,0,0,0,0,0,0,0,0,0,0,0,0,0,0,0
2147,W,England,67,Batsman ,Right Handed Bat,,22,0,0,0,36,0,0,0,1098,0,0,0,424,0,0,0,170,0,0,0,32.29,0,0,0,258.97,0,0,0,55,0,0,0,1,0,0,0,2,0,0,0,5,0,0,0,2,0,0,0,0,0,0,0,877,236,65,9,1.61,0,0,0,0,0,0,0,0,0,0,0,0,0,0,0
2148,Alfred Lyttelton,England,56,Batsman ,Right Handed Bat,,4,0,0,0,7,0,0,0,94,0,0,0,183,0,0,0,31,0,0,0,15.67,0,0,0,51.37,0,0,0,4,0,0,0,0,0,0,0,0,0,0,0,0,0,0,0,0,0,0,0,0,0,0,0,72,19,5,4,1.58,0,0,0,0,0,0,0,0,0,0,0,0,0,0,0
2149,Fred Morley,England,33,Batsman ,Left Handed Bat ,Left-arm fast,4,0,0,0,6,0,0,0,6,0,0,0,9,0,0,0,2,0,0,0,1.5,0,0,0,66.67,0,0,0,0,0,0,0,0,0,0,0,2,0,0,0,0,0,0,0,0,0,0,0,0,0,0,0,1458,296,124,16,1.22,0,0,0,0,0,0,0,0,0,0,0,0,0,0,0
2150,Frank Penn,England,65,Batsman ,Right Handed Bat,,1,0,0,0,2,0,0,0,50,0,0,0,91,0,0,0,27,0,0,0,50,0,0,0,54.95,0,0,0,6,0,0,0,0,0,0,0,0,0,0,0,0,0,0,0,0,0,0,0,0,0,0,0,18,2,1,0,0.67,0,0,0,0,0,0,0,0,0,0,0,0,0,0,0
2151,Allan Steel,England,55,Batsman ,Right Handed Bat,,13,0,0,0,20,0,0,0,600,0,0,0,168,0,0,0,148,0,0,0,35.29,0,0,0,357.15,0,0,0,51,0,0,0,0,0,0,0,1,0,0,0,0,0,0,0,2,0,0,0,0,0,0,0,2038,605,108,29,1.78,0,0,0,0,0,0,0,0,0,0,0,0,0,0,0
2152,Dick Barlow,England,68,Batsman ,Right Handed Bat ,Left-arm medium,17,0,0,0,30,0,0,0,591,0,0,0,73,0,0,0,62,0,0,0,22.73,0,0,0,809.59,0,0,0,31,0,0,0,0,0,0,0,3,0,0,0,2,0,0,0,0,0,0,0,0,0,0,0,3682,767,325,34,1.25,0,0,0,0,0,0,0,0,0,0,0,0,0,0,0
2153,Billy Bates,England,44,Batsman ,Right Handed Bat ,Right-arm offbreak,15,0,0,0,26,0,0,0,656,0,0,0,18,0,0,0,64,0,0,0,27.33,0,0,0,3644.45,0,0,0,53,0,0,0,4,0,0,0,0,0,0,0,5,0,0,0,0,0,0,0,0,0,0,0,3542,821,282,50,1.39,0,0,0,0,0,0,0,0,0,0,0,0,0,0,0
2154,Billy Midwinter,Australia,39,Batsman ,Right Handed Bat,,12,0,0,0,21,0,0,0,269,0,0,0,173,0,0,0,37,0,0,0,13.45,0,0,0,155.50,0,0,0,14,0,0,0,1,0,0,0,1,0,0,0,0,0,0,0,0,0,0,0,0,0,0,0,2587,605,183,24,1.4,0,0,0,0,0,0,0,0,0,0,0,0,0,0,0
2155,Ted Peate,England,45,Batsman ,Left Handed Bat ,Left-arm orthodox,9,0,0,0,14,0,0,0,70,0,0,0,7,0,0,0,13,0,0,0,11.67,0,0,0,1000.00,0,0,0,5,0,0,0,0,0,0,0,1,0,0,0,0,0,0,0,0,0,0,0,0,0,0,0,3144,683,250,31,1.3,0,0,0,0,0,0,0,0,0,0,0,0,0,0,0
2156,Dick Pilling,England,35,Batsman ,Right Handed Bat,,8,0,0,0,13,0,0,0,91,0,0,0,15,0,0,0,23,0,0,0,7.58,0,0,0,606.67,0,0,0,5,0,0,0,0,0,0,0,1,0,0,0,0,0,0,0,0,0,0,0,0,0,0,0,0,0,0,0,0,0,0,0,0,0,0,0,0,0,0,0,0,0,0,0
2157,William Scotton,England,37,Batsman ,Left Handed Bat ,Left-arm fast-medium,15,0,0,0,25,0,0,0,510,0,0,0,390,0,0,0,90,0,0,0,22.17,0,0,0,130.77,0,0,0,26,0,0,0,0,0,0,0,2,0,0,0,3,0,0,0,0,0,0,0,0,0,0,0,30,20,1,0,4,0,0,0,0,0,0,0,0,0,0,0,0,0,0,0
2158,Arthur Shrewsbury,England,47,Batsman ,Right Handed Bat,,23,0,0,0,40,0,0,0,1277,0,0,0,245,0,0,0,164,0,0,0,35.47,0,0,0,521.23,0,0,0,90,0,0,0,0,0,0,0,1,0,0,0,4,0,0,0,3,0,0,0,0,0,0,0,18,2,2,0,0.67,0,0,0,0,0,0,0,0,0,0,0,0,0,0,0
2159,Maurice Read,England,70,Batsman ,Right Handed Bat ,Right-arm fast-medium,17,0,0,0,29,0,0,0,461,0,0,0,118,0,0,0,57,0,0,0,17.07,0,0,0,390.68,0,0,0,38,0,0,0,1,0,0,0,3,0,0,0,2,0,0,0,0,0,0,0,0,0,0,0,0,0,0,0,0,0,0,0,0,0,0,0,0,0,0,0,0,0,0,0
2160,Charles Studd,England,70,Batsman ,Right Handed Bat ,Right-arm fast-medium,5,0,0,0,9,0,0,0,160,0,0,0,3,0,0,0,48,0,0,0,20,0,0,0,5333.34,0,0,0,11,0,0,0,0,0,0,0,2,0,0,0,0,0,0,0,0,0,0,0,0,0,0,0,576,98,60,3,1.02,0,0,0,0,0,0,0,0,0,0,0,0,0,0,0
2161,Ivo Bligh,England,68,Batsman ,Right Handed Bat,,4,0,0,0,7,0,0,0,62,0,0,0,0,0,0,0,19,0,0,0,10.33,0,0,0,0,0,0,0,6,0,0,0,0,0,0,0,2,0,0,0,0,0,0,0,0,0,0,0,0,0,0,0,0,0,0,0,0,0,0,0,0,0,0,0,0,0,0,0,0,0,0,0
2162,Charles Leslie,England,59,Batsman ,Right Handed Bat ,Right-arm fast,4,0,0,0,7,0,0,0,106,0,0,0,0,0,0,0,54,0,0,0,15.14,0,0,0,0,0,0,0,6,0,0,0,0,0,0,0,1,0,0,0,1,0,0,0,0,0,0,0,0,0,0,0,144,44,10,4,1.83,0,0,0,0,0,0,0,0,0,0,0,0,0,0,0
2163,Walter Read,England,51,Batsman ,Right Handed Bat,,18,0,0,0,27,0,0,0,720,0,0,0,247,0,0,0,117,0,0,0,27.69,0,0,0,291.50,0,0,0,62,0,0,0,0,0,0,0,0,0,0,0,5,0,0,0,1,0,0,0,0,0,0,0,90,63,2,0,4.2,0,0,0,0,0,0,0,0,0,0,0,0,0,0,0
2164,George Studd,England,85,Batsman ,Right Handed Bat,,4,0,0,0,7,0,0,0,31,0,0,0,0,0,0,0,9,0,0,0,4.43,0,0,0,0,0,0,0,2,0,0,0,0,0,0,0,1,0,0,0,0,0,0,0,0,0,0,0,0,0,0,0,0,0,0,0,0,0,0,0,0,0,0,0,0,0,0,0,0,0,0,0
2165,Edmund Tylecote,England,88,Batsman ,Right Handed Bat,,6,0,0,0,9,0,0,0,152,0,0,0,0,0,0,0,66,0,0,0,19,0,0,0,0,0,0,0,13,0,0,0,0,0,0,0,4,0,0,0,1,0,0,0,0,0,0,0,0,0,0,0,0,0,0,0,0,0,0,0,0,0,0,0,0,0,0,0,0,0,0,0
2166,George Vernon,England,46,Batsman ,Right Handed Bat,,1,0,0,0,2,0,0,0,14,0,0,0,0,0,0,0,11,0,0,0,14,0,0,0,0,0,0,0,0,0,0,0,0,0,0,0,0,0,0,0,0,0,0,0,0,0,0,0,0,0,0,0,0,0,0,0,0,0,0,0,0,0,0,0,0,0,0,0,0,0,0,0
2167,Tim O,England,87,Batsman ,Right Handed Bat,,5,0,0,0,8,0,0,0,59,0,0,0,0,0,0,0,20,0,0,0,7.38,0,0,0,0,0,0,0,0,0,0,0,0,0,0,0,3,0,0,0,0,0,0,0,0,0,0,0,0,0,0,0,0,0,0,0,0,0,0,0,0,0,0,0,0,0,0,0,0,0,0,0
2168,Stanley Christopherson,England,87,Batsman ,Right Handed Bat ,Right-arm fast,1,0,0,0,1,0,0,0,17,0,0,0,0,0,0,0,17,0,0,0,17,0,0,0,0,0,0,0,0,0,0,0,0,0,0,0,0,0,0,0,0,0,0,0,0,0,0,0,0,0,0,0,204,69,13,1,2.03,0,0,0,0,0,0,0,0,0,0,0,0,0,0,0
2169,William Attewell,England,65,Batsman ,Right Handed Bat ,Right-arm medium,10,0,0,0,15,0,0,0,150,0,0,0,52,0,0,0,43,0,0,0,16.67,0,0,0,288.47,0,0,0,13,0,0,0,0,0,0,0,4,0,0,0,0,0,0,0,0,0,0,0,0,0,0,0,3582,626,326,28,1.05,0,0,0,0,0,0,0,0,0,0,0,0,0,0,0
2170,Johnny Briggs,England,39,Batsman ,Right Handed Bat ,Left-arm orthodox,33,0,0,0,50,0,0,0,815,0,0,0,64,0,0,0,121,0,0,0,18.11,0,0,0,1273.44,0,0,0,68,0,0,0,0,0,0,0,10,0,0,0,2,0,0,0,1,0,0,0,0,0,0,0,6311,2095,386,118,1.99,0,0,0,0,0,0,0,0,0,0,0,0,0,0,0
2171,Wilf Flowers,England,69,Batsman ,Right Handed Bat ,Right-arm offbreak,8,0,0,0,14,0,0,0,254,0,0,0,11,0,0,0,56,0,0,0,18.14,0,0,0,2309.10,0,0,0,13,0,0,0,0,0,0,0,0,0,0,0,1,0,0,0,0,0,0,0,0,0,0,0,1269,296,92,14,1.4,0,0,0,0,0,0,0,0,0,0,0,0,0,0,0
2172,Joe Hunter,England,35,Batsman ,Right Handed Bat,,5,0,0,0,7,0,0,0,93,0,0,0,0,0,0,0,39,0,0,0,18.6,0,0,0,0,0,0,0,8,0,0,0,1,0,0,0,0,0,0,0,0,0,0,0,0,0,0,0,0,0,0,0,0,0,0,0,0,0,0,0,0,0,0,0,0,0,0,0,0,0,0,0
2173,Bobby Peel,England,84,Batsman ,Left Handed Bat ,Left-arm orthodox,20,0,0,0,33,0,0,0,427,0,0,0,38,0,0,0,83,0,0,0,14.72,0,0,0,1123.69,0,0,0,25,0,0,0,0,0,0,0,8,0,0,0,3,0,0,0,0,0,0,0,0,0,0,0,6437,1715,444,101,1.6,0,0,0,0,0,0,0,0,0,0,0,0,0,0,0
2174,George Lohmann,England,36,Batsman ,Right Handed Bat ,Right-arm fast-medium,18,0,0,0,26,0,0,0,213,0,0,0,59,0,0,0,62,0,0,0,8.88,0,0,0,361.02,0,0,0,13,0,0,0,1,0,0,0,7,0,0,0,1,0,0,0,0,0,0,0,0,0,0,0,4814,1205,364,112,1.5,0,0,0,0,0,0,0,0,0,0,0,0,0,0,0
2175,Billy Gunn,England,62,Batsman ,Right Handed Bat,,11,0,0,0,20,0,0,0,392,0,0,0,4,0,0,0,102,0,0,0,21.78,0,0,0,9800.00,0,0,0,9,0,0,0,0,0,0,0,1,0,0,0,1,0,0,0,1,0,0,0,0,0,0,0,0,0,0,0,0,0,0,0,0,0,0,0,0,0,0,0,0,0,0,0
2176,Mordecai Sherwin,England,59,Batsman ,Right Handed Bat ,Right-arm fast,3,0,0,0,6,0,0,0,30,0,0,0,6,0,0,0,21,0,0,0,15,0,0,0,500.00,0,0,0,1,0,0,0,0,0,0,0,1,0,0,0,0,0,0,0,0,0,0,0,0,0,0,0,0,0,0,0,0,0,0,0,0,0,0,0,0,0,0,0,0,0,0,0
2177,Reg Wood,England,54,Batsman ,Left Handed Bat ,Left-arm medium,1,0,0,0,2,0,0,0,6,0,0,0,0,0,0,0,6,0,0,0,3,0,0,0,0,0,0,0,0,0,0,0,0,0,0,0,1,0,0,0,0,0,0,0,0,0,0,0,0,0,0,0,0,0,0,0,0,0,0,0,0,0,0,0,0,0,0,0,0,0,0,0
2178,Billy Newham,England,83,Batsman ,Right Handed Bat,,1,0,0,0,2,0,0,0,26,0,0,0,137,0,0,0,17,0,0,0,13,0,0,0,18.98,0,0,0,2,0,0,0,0,0,0,0,0,0,0,0,0,0,0,0,0,0,0,0,0,0,0,0,0,0,0,0,0,0,0,0,0,0,0,0,0,0,0,0,0,0,0,0
2179,Andrew Stoddart,England,52,Batsman ,Right Handed Bat ,Right-arm medium,16,0,0,0,30,0,0,0,996,0,0,0,64,0,0,0,173,0,0,0,35.57,0,0,0,1556.25,0,0,0,58,0,0,0,5,0,0,0,3,0,0,0,3,0,0,0,2,0,0,0,0,0,0,0,168,94,7,2,3.36,0,0,0,0,0,0,0,0,0,0,0,0,0,0,0
2180,Bobby Abel,England,79,Batsman ,Right Handed Bat ,Right-arm offbreak,13,0,0,0,22,0,0,0,744,0,0,0,0,0,0,0,132,0,0,0,37.2,0,0,0,0,0,0,0,55,0,0,0,0,0,0,0,1,0,0,0,2,0,0,0,2,0,0,0,0,0,0,0,0,0,0,0,0,0,0,0,0,0,0,0,0,0,0,0,0,0,0,0
2181,John Shuter,England,65,Batsman ,Right Handed Bat,,1,0,0,0,1,0,0,0,28,0,0,0,0,0,0,0,28,0,0,0,28,0,0,0,0,0,0,0,0,0,0,0,0,0,0,0,0,0,0,0,0,0,0,0,0,0,0,0,0,0,0,0,0,0,0,0,0,0,0,0,0,0,0,0,0,0,0,0,0,0,0,0
2182,Frank Sugg,England,71,Batsman ,Right Handed Bat,,2,0,0,0,2,0,0,0,55,0,0,0,0,0,0,0,31,0,0,0,27.5,0,0,0,0,0,0,0,0,0,0,0,0,0,0,0,0,0,0,0,0,0,0,0,0,0,0,0,0,0,0,0,0,0,0,0,0,0,0,0,0,0,0,0,0,0,0,0,0,0,0,0
2183,Henry Wood,England,65,Batsman ,Right Handed Bat,,4,0,0,0,4,0,0,0,204,0,0,0,0,0,0,0,134,0,0,0,68,0,0,0,0,0,0,0,11,0,0,0,0,0,0,0,0,0,0,0,1,0,0,0,1,0,0,0,0,0,0,0,0,0,0,0,0,0,0,0,0,0,0,0,0,0,0,0,0,0,0,0
2184,Monty Bowden,England,26,Batsman ,Right Handed Bat,,2,0,0,0,2,0,0,0,25,0,0,0,0,0,0,0,25,0,0,0,12.5,0,0,0,0,0,0,0,5,0,0,0,0,0,0,0,1,0,0,0,0,0,0,0,0,0,0,0,0,0,0,0,0,0,0,0,0,0,0,0,0,0,0,0,0,0,0,0,0,0,0,0
2185,Charles John,England,62,Batsman ,Right Handed Bat,,2,0,0,0,2,0,0,0,13,0,0,0,0,0,0,0,12,0,0,0,13,0,0,0,0,0,0,0,2,0,0,0,0,0,0,0,0,0,0,0,0,0,0,0,0,0,0,0,0,0,0,0,0,0,0,0,0,0,0,0,0,0,0,0,0,0,0,0,0,0,0,0
2186,Arnold Fothergill,England,77,Batsman ,Left Handed Bat ,Left-arm fast-medium,2,0,0,0,2,0,0,0,33,0,0,0,0,0,0,0,32,0,0,0,16.5,0,0,0,0,0,0,0,3,0,0,0,1,0,0,0,0,0,0,0,0,0,0,0,0,0,0,0,0,0,0,0,481,90,42,8,1.12,0,0,0,0,0,0,0,0,0,0,0,0,0,0,0
2187,Basil Grieve,England,53,Batsman ,Right Handed Bat ,Right-arm fast-medium,2,0,0,0,3,0,0,0,40,0,0,0,0,0,0,0,14,0,0,0,40,0,0,0,0,0,0,0,5,0,0,0,0,0,0,0,0,0,0,0,0,0,0,0,0,0,0,0,0,0,0,0,0,0,0,0,0,0,0,0,0,0,0,0,0,0,0,0,0,0,0,0
2188,Sir Aubrey,England,85,Batsman ,Right Handed Bat ,Right-arm fast,1,0,0,0,1,0,0,0,3,0,0,0,0,0,0,0,3,0,0,0,3,0,0,0,0,0,0,0,0,0,0,0,0,0,0,0,0,0,0,0,0,0,0,0,0,0,0,0,0,0,0,0,230,61,16,7,1.59,0,0,0,0,0,0,0,0,0,0,0,0,0,0,0
2189,Joe McMaster,England,68,Batsman ,Right Handed Bat,,1,0,0,0,1,0,0,0,0,0,0,0,1,0,0,0,0,0,0,0,0,0,0,0,0.00,0,0,0,0,0,0,0,0,0,0,0,1,0,0,0,0,0,0,0,0,0,0,0,0,0,0,0,0,0,0,0,0,0,0,0,0,0,0,0,0,0,0,0,0,0,0,0
2190,Gregor MacGregor,England,49,Batsman ,Right Handed Bat,,8,0,0,0,11,0,0,0,96,0,0,0,0,0,0,0,31,0,0,0,12,0,0,0,0,0,0,0,2,0,0,0,0,0,0,0,1,0,0,0,0,0,0,0,0,0,0,0,0,0,0,0,0,0,0,0,0,0,0,0,0,0,0,0,0,0,0,0,0,0,0,0
2191,James Cranston,England,45,Batsman ,Left Handed Bat,,1,0,0,0,2,0,0,0,31,0,0,0,0,0,0,0,16,0,0,0,15.5,0,0,0,0,0,0,0,0,0,0,0,0,0,0,0,0,0,0,0,0,0,0,0,0,0,0,0,0,0,0,0,0,0,0,0,0,0,0,0,0,0,0,0,0,0,0,0,0,0,0,0
2192,Fred Martin,England,60,Batsman ,Left Handed Bat ,Left-arm medium,2,0,0,0,2,0,0,0,14,0,0,0,0,0,0,0,13,0,0,0,7,0,0,0,0,0,0,0,0,0,0,0,0,0,0,0,0,0,0,0,0,0,0,0,0,0,0,0,0,0,0,0,491,141,30,14,1.72,0,0,0,0,0,0,0,0,0,0,0,0,0,0,0
2193,John Sharpe,England,69,Batsman ,Right Handed Bat ,Right-arm fast-medium,3,0,0,0,6,0,0,0,44,0,0,0,0,0,0,0,26,0,0,0,22,0,0,0,0,0,0,0,0,0,0,0,0,0,0,0,0,0,0,0,0,0,0,0,0,0,0,0,0,0,0,0,990,305,61,11,1.85,0,0,0,0,0,0,0,0,0,0,0,0,0,0,0
2194,George Bean,England,59,Batsman ,Right Handed Bat ,Right-arm medium,3,0,0,0,5,0,0,0,92,0,0,0,0,0,0,0,50,0,0,0,18.4,0,0,0,0,0,0,0,7,0,0,0,0,0,0,0,0,0,0,0,1,0,0,0,0,0,0,0,0,0,0,0,0,0,0,0,0,0,0,0,0,0,0,0,0,0,0,0,0,0,0,0
2195,Victor Barton,England,38,Batsman ,Right Handed Bat ,Right-arm medium,1,0,0,0,1,0,0,0,23,0,0,0,0,0,0,0,23,0,0,0,23,0,0,0,0,0,0,0,0,0,0,0,1,0,0,0,0,0,0,0,0,0,0,0,0,0,0,0,0,0,0,0,0,0,0,0,0,0,0,0,0,0,0,0,0,0,0,0,0,0,0,0
2196,William Chatterton,England,51,Batsman ,Right Handed Bat,,1,0,0,0,1,0,0,0,48,0,0,0,0,0,0,0,48,0,0,0,48,0,0,0,0,0,0,0,0,0,0,0,0,0,0,0,0,0,0,0,0,0,0,0,0,0,0,0,0,0,0,0,0,0,0,0,0,0,0,0,0,0,0,0,0,0,0,0,0,0,0,0
2197,J,Australia,33,Batsman ,Left Handed Bat,,9,0,0,0,17,0,0,0,114,0,0,0,43,0,0,0,20,0,0,0,8.77,0,0,0,265.12,0,0,0,1,0,0,0,0,0,0,0,1,0,0,0,0,0,0,0,0,0,0,0,0,0,0,0,3199,775,251,61,1.45,0,0,0,0,0,0,0,0,0,0,0,0,0,0,0
2198,Alec Hearne,England,88,Batsman ,Right Handed Bat,,1,0,0,0,1,0,0,0,9,0,0,0,0,0,0,0,9,0,0,0,9,0,0,0,0,0,0,0,0,0,0,0,0,0,0,0,0,0,0,0,0,0,0,0,0,0,0,0,0,0,0,0,0,0,0,0,0,0,0,0,0,0,0,0,0,0,0,0,0,0,0,0
2199,George Hearne,England,75,Batsman ,Left Handed Bat,,1,0,0,0,1,0,0,0,0,0,0,0,0,0,0,0,0,0,0,0,0,0,0,0,0,0,0,0,0,0,0,0,0,0,0,0,1,0,0,0,0,0,0,0,0,0,0,0,0,0,0,0,0,0,0,0,0,0,0,0,0,0,0,0,0,0,0,0,0,0,0,0
2200,Jack Hearne,England,76,Batsman ,Right Handed Bat ,Right-arm medium,12,0,0,0,18,0,0,0,126,0,0,0,3,0,0,0,40,0,0,0,9,0,0,0,4200.00,0,0,0,1,0,0,0,2,0,0,0,3,0,0,0,0,0,0,0,0,0,0,0,0,0,0,0,3310,1082,211,49,1.96,0,0,0,0,0,0,0,0,0,0,0,0,0,0,0
2201,Billy Murdoch,Australia,56,Batsman ,Right Handed Bat,,19,0,0,0,34,0,0,0,908,0,0,0,1021,0,0,0,211,0,0,0,31.31,0,0,0,88.94,0,0,0,69,0,0,0,0,0,0,0,3,0,0,0,1,0,0,0,2,0,0,0,1,0,0,0,0,0,0,0,0,0,0,0,0,0,0,0,0,0,0,0,0,0,0,0
2202,Dick Pougher,England,61,Batsman ,Right Handed Bat ,Right-arm fast-medium,1,0,0,0,1,0,0,0,17,0,0,0,0,0,0,0,17,0,0,0,17,0,0,0,0,0,0,0,0,0,0,0,0,0,0,0,0,0,0,0,0,0,0,0,0,0,0,0,0,0,0,0,126,26,8,3,1.24,0,0,0,0,0,0,0,0,0,0,0,0,0,0,0
2203,Punch Philipson,England,69,Batsman ,Right Handed Bat,,5,0,0,0,8,0,0,0,63,0,0,0,0,0,0,0,30,0,0,0,9,0,0,0,0,0,0,0,1,0,0,0,0,0,0,0,0,0,0,0,0,0,0,0,0,0,0,0,0,0,0,0,0,0,0,0,0,0,0,0,0,0,0,0,0,0,0,0,0,0,0,0
2204,Stanley Jackson,England,76,Batsman ,Right Handed Bat ,Right-arm fast-medium,20,0,0,0,33,0,0,0,1415,0,0,0,1,0,0,0,144,0,0,0,48.79,0,0,0,141500.00,0,0,0,118,0,0,0,0,0,0,0,3,0,0,0,6,0,0,0,5,0,0,0,0,0,0,0,1749,799,77,24,2.74,0,0,0,0,0,0,0,0,0,0,0,0,0,0,0
2205,Bill Lockwood,England,64,Batsman ,Right Handed Bat ,Right-arm fast,12,0,0,0,16,0,0,0,231,0,0,0,0,0,0,0,52,0,0,0,17.77,0,0,0,0,0,0,0,7,0,0,0,0,0,0,0,3,0,0,0,1,0,0,0,0,0,0,0,0,0,0,0,2121,883,100,43,2.5,0,0,0,0,0,0,0,0,0,0,0,0,0,0,0
2206,Arthur Mold,England,57,Batsman ,Right Handed Bat ,Right-arm fast,3,0,0,0,3,0,0,0,0,0,0,0,0,0,0,0,0,0,0,0,0,0,0,0,0,0,0,0,0,0,0,0,0,0,0,0,2,0,0,0,0,0,0,0,0,0,0,0,0,0,0,0,589,234,32,7,2.38,0,0,0,0,0,0,0,0,0,0,0,0,0,0,0
2207,Ted Wainwright,England,54,Batsman ,Right Handed Bat,,5,0,0,0,9,0,0,0,132,0,0,0,0,0,0,0,49,0,0,0,14.67,0,0,0,0,0,0,0,2,0,0,0,0,0,0,0,0,0,0,0,0,0,0,0,0,0,0,0,0,0,0,0,138,73,6,0,3.17,0,0,0,0,0,0,0,0,0,0,0,0,0,0,0
2208,Albert Ward,England,73,Batsman ,Right Handed Bat,,7,0,0,0,13,0,0,0,487,0,0,0,0,0,0,0,117,0,0,0,37.46,0,0,0,0,0,0,0,30,0,0,0,1,0,0,0,1,0,0,0,3,0,0,0,1,0,0,0,0,0,0,0,0,0,0,0,0,0,0,0,0,0,0,0,0,0,0,0,0,0,0,0
2209,Bill Brockwell,England,70,Batsman ,Right Handed Bat ,Right-arm fast-medium,7,0,0,0,12,0,0,0,202,0,0,0,0,0,0,0,49,0,0,0,16.83,0,0,0,0,0,0,0,10,0,0,0,0,0,0,0,1,0,0,0,0,0,0,0,0,0,0,0,0,0,0,0,606,309,31,5,3.06,0,0,0,0,0,0,0,0,0,0,0,0,0,0,0
2210,Tom Richardson,England,41,Batsman ,Right Handed Bat ,Right-arm fast,14,0,0,0,24,0,0,0,177,0,0,0,1,0,0,0,25,0,0,0,11.06,0,0,0,17700.00,0,0,0,7,0,0,0,0,0,0,0,3,0,0,0,0,0,0,0,0,0,0,0,0,0,0,0,4739,2220,191,88,2.81,0,0,0,0,0,0,0,0,0,0,0,0,0,0,0
2211,Jack Brown,England,35,Batsman ,Right Handed Bat ,Right-arm legbreak,8,0,0,0,16,0,0,0,470,0,0,0,0,0,0,0,140,0,0,0,36.15,0,0,0,0,0,0,0,27,0,0,0,0,0,0,0,2,0,0,0,1,0,0,0,1,0,0,0,0,0,0,0,42,22,0,0,3.14,0,0,0,0,0,0,0,0,0,0,0,0,0,0,0
2212,Francis Ford,England,73,Batsman ,Left Handed Bat ,Left-arm orthodox,5,0,0,0,9,0,0,0,168,0,0,0,0,0,0,0,48,0,0,0,18.67,0,0,0,0,0,0,0,7,0,0,0,2,0,0,0,1,0,0,0,0,0,0,0,0,0,0,0,0,0,0,0,204,129,6,1,3.79,0,0,0,0,0,0,0,0,0,0,0,0,0,0,0
2213,Leslie Gay,England,78,Batsman ,Right Handed Bat,,1,0,0,0,2,0,0,0,37,0,0,0,0,0,0,0,33,0,0,0,18.5,0,0,0,0,0,0,0,3,0,0,0,0,0,0,0,0,0,0,0,0,0,0,0,0,0,0,0,0,0,0,0,0,0,0,0,0,0,0,0,0,0,0,0,0,0,0,0,0,0,0,0
2214,Archie MacLaren,England,72,Batsman ,Right Handed Bat ,Right-arm fast,35,0,0,0,61,0,0,0,1931,0,0,0,2,0,0,0,140,0,0,0,33.88,0,0,0,96550.00,0,0,0,148,0,0,0,0,0,0,0,4,0,0,0,8,0,0,0,5,0,0,0,0,0,0,0,0,0,0,0,0,0,0,0,0,0,0,0,0,0,0,0,0,0,0,0
2215,Hugh Bromley,England,83,Batsman ,Right Handed Bat ,Left-arm fast,4,0,0,0,6,0,0,0,128,0,0,0,0,0,0,0,84,0,0,0,21.33,0,0,0,0,0,0,0,0,0,0,0,0,0,0,0,1,0,0,0,1,0,0,0,0,0,0,0,0,0,0,0,186,98,6,4,3.16,0,0,0,0,0,0,0,0,0,0,0,0,0,0,0
2216,Harry Butt,England,62,Batsman ,Right Handed Bat,,3,0,0,0,4,0,0,0,22,0,0,0,0,0,0,0,13,0,0,0,7.33,0,0,0,0,0,0,0,0,0,0,0,0,0,0,0,1,0,0,0,0,0,0,0,0,0,0,0,0,0,0,0,0,0,0,0,0,0,0,0,0,0,0,0,0,0,0,0,0,0,0,0
2217,C,England,84,Batsman ,Right Handed Bat ,Right-arm fast-medium,26,0,0,0,41,0,0,0,1223,0,0,0,1,0,0,0,144,0,0,0,32.18,0,0,0,122300.00,0,0,0,45,0,0,0,0,0,0,0,3,0,0,0,7,0,0,0,2,0,0,0,0,0,0,0,12,3,1,0,1.5,0,0,0,0,0,0,0,0,0,0,0,0,0,0,0
2218,Lord Hawke,England,78,Batsman ,Right Handed Bat,,5,0,0,0,8,0,0,0,55,0,0,0,0,0,0,0,30,0,0,0,7.86,0,0,0,0,0,0,0,0,0,0,0,0,0,0,0,2,0,0,0,0,0,0,0,0,0,0,0,0,0,0,0,0,0,0,0,0,0,0,0,0,0,0,0,0,0,0,0,0,0,0,0
2219,Tom Hayward,England,68,Batsman ,Right Handed Bat ,Right-arm medium,35,0,0,0,60,0,0,0,1999,0,0,0,7,0,0,0,137,0,0,0,34.47,0,0,0,28557.15,0,0,0,143,0,0,0,0,0,0,0,7,0,0,0,12,0,0,0,3,0,0,0,0,0,0,0,954,514,42,14,3.23,0,0,0,0,0,0,0,0,0,0,0,0,0,0,0
2220,Arthur Hill,England,79,Batsman ,Right Handed Bat,,3,0,0,0,4,0,0,0,251,0,0,0,0,0,0,0,124,0,0,0,62.75,0,0,0,0,0,0,0,0,0,0,0,0,0,0,0,0,0,0,0,1,0,0,0,1,0,0,0,0,0,0,0,48,8,4,4,1,0,0,0,0,0,0,0,0,0,0,0,0,0,0,0
2221,Audley Miller,England,89,Batsman ,Right Handed Bat ,Right-arm fast-medium,1,0,0,0,2,0,0,0,24,0,0,0,0,0,0,0,20,0,0,0,0,0,0,0,0,0,0,0,0,0,0,0,0,0,0,0,0,0,0,0,0,0,0,0,0,0,0,0,0,0,0,0,0,0,0,0,0,0,0,0,0,0,0,0,0,0,0,0,0,0,0,0
2222,Sammy Woods,England,64,Batsman ,Right Handed Bat ,Right-arm fast-medium,6,0,0,0,10,0,0,0,154,0,0,0,1,0,0,0,53,0,0,0,15.4,0,0,0,15400.00,0,0,0,0,0,0,0,0,0,0,0,2,0,0,0,1,0,0,0,0,0,0,0,0,0,0,0,559,250,26,10,2.68,0,0,0,0,0,0,0,0,0,0,0,0,0,0,0
2223,Charles Wright,England,72,Batsman ,Right Handed Bat,,3,0,0,0,4,0,0,0,125,0,0,0,0,0,0,0,71,0,0,0,31.25,0,0,0,0,0,0,0,0,0,0,0,0,0,0,0,0,0,0,0,1,0,0,0,0,0,0,0,0,0,0,0,0,0,0,0,0,0,0,0,0,0,0,0,0,0,0,0,0,0,0,0
2224,Christopher Heseltine,England,74,Batsman ,Right Handed Bat ,Right-arm fast,2,0,0,0,2,0,0,0,18,0,0,0,0,0,0,0,18,0,0,0,9,0,0,0,0,0,0,0,0,0,0,0,0,0,0,0,1,0,0,0,0,0,0,0,0,0,0,0,0,0,0,0,188,84,3,5,2.68,0,0,0,0,0,0,0,0,0,0,0,0,0,0,0
2225,Ted Tyler,England,52,Batsman ,Left Handed Bat ,Left-arm orthodox,1,0,0,0,1,0,0,0,0,0,0,0,0,0,0,0,0,0,0,0,0,0,0,0,0,0,0,0,0,0,0,0,0,0,0,0,1,0,0,0,0,0,0,0,0,0,0,0,0,0,0,0,174,65,6,4,2.24,0,0,0,0,0,0,0,0,0,0,0,0,0,0,0
2226,Dick Lilley,England,62,Batsman ,Right Handed Bat ,Right-arm medium,35,0,0,0,52,0,0,0,903,0,0,0,1,0,0,0,84,0,0,0,20.52,0,0,0,90300.00,0,0,0,35,0,0,0,0,0,0,0,10,0,0,0,4,0,0,0,0,0,0,0,0,0,0,0,30,23,1,1,4.6,0,0,0,0,0,0,0,0,0,0,0,0,0,0,0
2227,Ranji,England,60,Batsman ,Right Handed Bat,,15,0,0,0,26,0,0,0,989,0,0,0,0,0,0,0,175,0,0,0,44.95,0,0,0,0,0,0,0,79,0,0,0,0,0,0,0,2,0,0,0,6,0,0,0,2,0,0,0,0,0,0,0,112,39,6,1,2.09,0,0,0,0,0,0,0,0,0,0,0,0,0,0,0
2228,Teddy Wynyard,England,75,Batsman ,Right Handed Bat,,3,0,0,0,6,0,0,0,72,0,0,0,0,0,0,0,30,0,0,0,12,0,0,0,0,0,0,0,4,0,0,0,0,0,0,0,2,0,0,0,0,0,0,0,0,0,0,0,0,0,0,0,24,17,0,0,4.25,0,0,0,0,0,0,0,0,0,0,0,0,0,0,0
2229,Frank Druce,England,79,Batsman ,Right Handed Bat,,5,0,0,0,9,0,0,0,252,0,0,0,0,0,0,0,64,0,0,0,28,0,0,0,0,0,0,0,21,0,0,0,0,0,0,0,0,0,0,0,1,0,0,0,0,0,0,0,0,0,0,0,0,0,0,0,0,0,0,0,0,0,0,0,0,0,0,0,0,0,0,0
2230,Jack Mason,England,84,Batsman ,Right Handed Bat ,Right-arm fast-medium,5,0,0,0,10,0,0,0,129,0,0,0,0,0,0,0,32,0,0,0,12.9,0,0,0,0,0,0,0,3,0,0,0,0,0,0,0,1,0,0,0,0,0,0,0,0,0,0,0,0,0,0,0,324,149,13,2,2.76,0,0,0,0,0,0,0,0,0,0,0,0,0,0,0
2231,Bill Storer,England,45,Batsman ,Right Handed Bat ,Right-arm legbreak,6,0,0,0,11,0,0,0,215,0,0,0,0,0,0,0,51,0,0,0,19.55,0,0,0,0,0,0,0,20,0,0,0,1,0,0,0,0,0,0,0,1,0,0,0,0,0,0,0,0,0,0,0,168,108,5,2,3.86,0,0,0,0,0,0,0,0,0,0,0,0,0,0,0
2232,Jack Board,England,57,Batsman ,Right Handed Bat,,6,0,0,0,12,0,0,0,108,0,0,0,0,0,0,0,29,0,0,0,10.8,0,0,0,0,0,0,0,4,0,0,0,0,0,0,0,3,0,0,0,0,0,0,0,0,0,0,0,0,0,0,0,0,0,0,0,0,0,0,0,0,0,0,0,0,0,0,0,0,0,0,0
2233,Willis Cuttell,England,66,Batsman ,Right Handed Bat,,2,0,0,0,4,0,0,0,65,0,0,0,0,0,0,0,21,0,0,0,16.25,0,0,0,0,0,0,0,0,0,0,0,0,0,0,0,0,0,0,0,0,0,0,0,0,0,0,0,0,0,0,0,342,73,32,6,1.28,0,0,0,0,0,0,0,0,0,0,0,0,0,0,0
2234,Schofield Haigh,England,49,Batsman ,Right Handed Bat ,Right-arm fast-medium,11,0,0,0,18,0,0,0,113,0,0,0,0,0,0,0,25,0,0,0,7.53,0,0,0,0,0,0,0,6,0,0,0,0,0,0,0,4,0,0,0,0,0,0,0,0,0,0,0,0,0,0,0,1374,622,61,24,2.72,0,0,0,0,0,0,0,0,0,0,0,0,0,0,0
2235,Frank Milligan,England,30,Batsman ,Right Handed Bat ,Right-arm fast,2,0,0,0,4,0,0,0,58,0,0,0,0,0,0,0,38,0,0,0,14.5,0,0,0,0,0,0,0,0,0,0,0,0,0,0,0,0,0,0,0,0,0,0,0,0,0,0,0,0,0,0,0,54,29,2,0,3.22,0,0,0,0,0,0,0,0,0,0,0,0,0,0,0
2236,Albert Trott,England,41,Batsman ,Right Handed Bat,,5,0,0,0,9,0,0,0,228,0,0,0,0,0,0,0,85,0,0,0,38,0,0,0,0,0,0,0,22,0,0,0,1,0,0,0,2,0,0,0,2,0,0,0,0,0,0,0,0,0,0,0,1042,390,54,26,2.25,0,0,0,0,0,0,0,0,0,0,0,0,0,0,0
2237,Johnny Tyldesley,England,57,Batsman ,Right Handed Bat,,31,0,0,0,55,0,0,0,1661,0,0,0,0,0,0,0,138,0,0,0,30.76,0,0,0,0,0,0,0,123,0,0,0,3,0,0,0,4,0,0,0,9,0,0,0,4,0,0,0,0,0,0,0,0,0,0,0,0,0,0,0,0,0,0,0,0,0,0,0,0,0,0,0
2238,Sir Pelham,England,89,Batsman ,Right Handed Bat,,15,0,0,0,28,0,0,0,622,0,0,0,1,0,0,0,132,0,0,0,23.92,0,0,0,62200.00,0,0,0,36,0,0,0,0,0,0,0,4,0,0,0,3,0,0,0,1,0,0,0,0,0,0,0,0,0,0,0,0,0,0,0,0,0,0,0,0,0,0,0,0,0,0,0
2239,Clem Wilson,England,68,Batsman ,Right Handed Bat,,2,0,0,0,4,0,0,0,42,0,0,0,0,0,0,0,18,0,0,0,14,0,0,0,0,0,0,0,0,0,0,0,0,0,0,0,0,0,0,0,0,0,0,0,0,0,0,0,0,0,0,0,0,0,0,0,0,0,0,0,0,0,0,0,0,0,0,0,0,0,0,0
2240,Alfred Archer,England,63,Batsman ,Right Handed Bat,,1,0,0,0,2,0,0,0,31,0,0,0,0,0,0,0,24,0,0,0,31,0,0,0,0,0,0,0,0,0,0,0,0,0,0,0,0,0,0,0,0,0,0,0,0,0,0,0,0,0,0,0,0,0,0,0,0,0,0,0,0,0,0,0,0,0,0,0,0,0,0,0
2241,Wilfred Rhodes,England,95,Batsman ,Right Handed Bat ,Left-arm orthodox,58,0,0,0,98,0,0,0,2325,0,0,0,1776,0,0,0,179,0,0,0,30.19,0,0,0,130.92,0,0,0,109,0,0,0,1,0,0,0,6,0,0,0,11,0,0,0,2,0,0,0,0,0,0,0,8371,3425,365,127,2.45,0,0,0,0,0,0,0,0,0,0,0,0,0,0,0
2242,Gilbert Jessop,England,80,Batsman ,Right Handed Bat ,Right-arm fast,18,0,0,0,26,0,0,0,569,0,0,0,16,0,0,0,104,0,0,0,21.88,0,0,0,3556.25,0,0,0,61,0,0,0,3,0,0,0,3,0,0,0,3,0,0,0,1,0,0,0,0,0,0,0,775,354,28,10,2.74,0,0,0,0,0,0,0,0,0,0,0,0,0,0,0
2243,Walter Mead,England,85,Batsman ,Right Handed Bat,,1,0,0,0,2,0,0,0,7,0,0,0,0,0,0,0,7,0,0,0,3.5,0,0,0,0,0,0,0,0,0,0,0,0,0,0,0,1,0,0,0,0,0,0,0,0,0,0,0,0,0,0,0,318,91,24,1,1.72,0,0,0,0,0,0,0,0,0,0,0,0,0,0,0
2244,Charlie Townsend,England,81,Batsman ,Left Handed Bat ,Right-arm legbreak,2,0,0,0,3,0,0,0,51,0,0,0,0,0,0,0,38,0,0,0,17,0,0,0,0,0,0,0,0,0,0,0,0,0,0,0,0,0,0,0,0,0,0,0,0,0,0,0,0,0,0,0,168,75,5,3,2.68,0,0,0,0,0,0,0,0,0,0,0,0,0,0,0
2245,Willie Quaife,England,79,Batsman ,Right Handed Bat ,Right-arm legbreak,7,0,0,0,13,0,0,0,228,0,0,0,0,0,0,0,68,0,0,0,19,0,0,0,0,0,0,0,10,0,0,0,0,0,0,0,1,0,0,0,1,0,0,0,0,0,0,0,0,0,0,0,18,6,1,0,2,0,0,0,0,0,0,0,0,0,0,0,0,0,0,0
2246,Sailor Young,England,88,Batsman ,Right Handed Bat ,Left-arm medium,2,0,0,0,2,0,0,0,43,0,0,0,0,0,0,0,43,0,0,0,21.5,0,0,0,0,0,0,0,0,0,0,0,0,0,0,0,1,0,0,0,0,0,0,0,0,0,0,0,0,0,0,0,667,262,38,12,2.36,0,0,0,0,0,0,0,0,0,0,0,0,0,0,0
2247,George Hirst,England,82,Batsman ,Right Handed Bat ,Left-arm fast-medium,24,0,0,0,38,0,0,0,790,0,0,0,0,0,0,0,85,0,0,0,22.57,0,0,0,0,0,0,0,58,0,0,0,3,0,0,0,5,0,0,0,5,0,0,0,0,0,0,0,0,0,0,0,4045,1770,146,59,2.63,0,0,0,0,0,0,0,0,0,0,0,0,0,0,0
2248,Bill Bradley,England,69,Batsman ,Right Handed Bat ,Right-arm fast,2,0,0,0,2,0,0,0,23,0,0,0,0,0,0,0,23,0,0,0,23,0,0,0,0,0,0,0,0,0,0,0,0,0,0,0,1,0,0,0,0,0,0,0,0,0,0,0,0,0,0,0,750,233,49,6,1.86,0,0,0,0,0,0,0,0,0,0,0,0,0,0,0
2249,Arthur Jones,England,42,Batsman ,Right Handed Bat ,Right-arm legbreak,12,0,0,0,21,0,0,0,291,0,0,0,0,0,0,0,34,0,0,0,13.86,0,0,0,0,0,0,0,7,0,0,0,0,0,0,0,2,0,0,0,0,0,0,0,0,0,0,0,0,0,0,0,270,133,14,3,2.96,0,0,0,0,0,0,0,0,0,0,0,0,0,0,0
2250,Sydney Barnes,England,94,Batsman ,Right Handed Bat,,27,0,0,0,39,0,0,0,242,0,0,0,83,0,0,0,38,0,0,0,8.07,0,0,0,291.57,0,0,0,6,0,0,0,0,0,0,0,8,0,0,0,0,0,0,0,0,0,0,0,0,0,0,0,7873,3106,356,189,2.37,0,0,0,0,0,0,0,0,0,0,0,0,0,0,0
2251,Charlie Blythe,England,38,Batsman ,Right Handed Bat ,Left-arm orthodox,19,0,0,0,31,0,0,0,183,0,0,0,1,0,0,0,27,0,0,0,9.63,0,0,0,18300.00,0,0,0,12,0,0,0,0,0,0,0,4,0,0,0,0,0,0,0,0,0,0,0,0,0,0,0,4546,1863,231,100,2.46,0,0,0,0,0,0,0,0,0,0,0,0,0,0,0
2252,Len Braund,England,80,Batsman ,Right Handed Bat ,Right-arm legbreak,23,0,0,0,41,0,0,0,987,0,0,0,2,0,0,0,104,0,0,0,25.97,0,0,0,49350.00,0,0,0,93,0,0,0,2,0,0,0,7,0,0,0,2,0,0,0,3,0,0,0,0,0,0,0,3805,1810,144,47,2.85,0,0,0,0,0,0,0,0,0,0,0,0,0,0,0
2253,John Gunn,England,87,Batsman ,Left Handed Bat,,6,0,0,0,10,0,0,0,85,0,0,0,0,0,0,0,24,0,0,0,10.63,0,0,0,0,0,0,0,8,0,0,0,0,0,0,0,1,0,0,0,0,0,0,0,0,0,0,0,0,0,0,0,999,387,54,18,2.32,0,0,0,0,0,0,0,0,0,0,0,0,0,0,0
2254,Charlie McGahey,England,63,Batsman ,Right Handed Bat ,Right-arm legbreak,2,0,0,0,4,0,0,0,38,0,0,0,0,0,0,0,18,0,0,0,9.5,0,0,0,0,0,0,0,0,0,0,0,0,0,0,0,1,0,0,0,0,0,0,0,0,0,0,0,0,0,0,0,0,0,0,0,0,0,0,0,0,0,0,0,0,0,0,0,0,0,0,0
2255,Lionel Palairet,England,62,Batsman ,Right Handed Bat,,2,0,0,0,4,0,0,0,49,0,0,0,0,0,0,0,20,0,0,0,12.25,0,0,0,0,0,0,0,0,0,0,0,0,0,0,0,0,0,0,0,0,0,0,0,0,0,0,0,0,0,0,0,0,0,0,0,0,0,0,0,0,0,0,0,0,0,0,0,0,0,0,0
2256,Fred Tate,England,75,Batsman ,Right Handed Bat ,Right-arm medium,1,0,0,0,2,0,0,0,9,0,0,0,4,0,0,0,5,0,0,0,9,0,0,0,225.00,0,0,0,1,0,0,0,0,0,0,0,0,0,0,0,0,0,0,0,0,0,0,0,0,0,0,0,96,51,4,2,3.19,0,0,0,0,0,0,0,0,0,0,0,0,0,0,0
2257,Ted Arnold,England,65,Batsman ,Right Handed Bat ,Right-arm fast-medium,10,0,0,0,15,0,0,0,160,0,0,0,6,0,0,0,40,0,0,0,13.33,0,0,0,2666.67,0,0,0,5,0,0,0,0,0,0,0,5,0,0,0,0,0,0,0,0,0,0,0,0,0,0,0,1677,788,64,31,2.82,0,0,0,0,0,0,0,0,0,0,0,0,0,0,0
2258,Bernard Bosanquet,England,59,Batsman ,Right Handed Bat ,Right-arm legbreak,7,0,0,0,14,0,0,0,147,0,0,0,0,0,0,0,27,0,0,0,13.36,0,0,0,0,0,0,0,5,0,0,0,0,0,0,0,0,0,0,0,0,0,0,0,0,0,0,0,0,0,0,0,970,604,10,25,3.74,0,0,0,0,0,0,0,0,0,0,0,0,0,0,0
2259,Tip Foster,England,36,Batsman ,Right Handed Bat ,Right-arm fast,8,0,0,0,13,0,0,0,553,0,0,0,0,0,0,0,287,0,0,0,42.54,0,0,0,0,0,0,0,58,0,0,0,1,0,0,0,1,0,0,0,1,0,0,0,1,0,0,0,1,0,0,0,0,0,0,0,0,0,0,0,0,0,0,0,0,0,0,0,0,0,0,0
2260,Albert Relf,England,62,Batsman ,Right Handed Bat,,13,0,0,0,21,0,0,0,416,0,0,0,0,0,0,0,63,0,0,0,23.11,0,0,0,0,0,0,0,28,0,0,0,0,0,0,0,1,0,0,0,1,0,0,0,0,0,0,0,0,0,0,0,1764,624,91,25,2.12,0,0,0,0,0,0,0,0,0,0,0,0,0,0,0
2261,Arthur Fielder,England,72,Batsman ,Right Handed Bat ,Right-arm fast,6,0,0,0,12,0,0,0,78,0,0,0,1,0,0,0,20,0,0,0,11.14,0,0,0,7800.00,0,0,0,3,0,0,0,0,0,0,0,0,0,0,0,0,0,0,0,0,0,0,0,0,0,0,0,1491,711,42,26,2.86,0,0,0,0,0,0,0,0,0,0,0,0,0,0,0
2262,Albert Knight,England,73,Batsman ,Right Handed Bat,,3,0,0,0,6,0,0,0,81,0,0,0,0,0,0,0,70,0,0,0,16.2,0,0,0,0,0,0,0,7,0,0,0,0,0,0,0,3,0,0,0,1,0,0,0,0,0,0,0,0,0,0,0,0,0,0,0,0,0,0,0,0,0,0,0,0,0,0,0,0,0,0,0
2263,Lucky Denton,England,75,Batsman ,Right Handed Bat ,Right-arm fast-medium,11,0,0,0,22,0,0,0,424,0,0,0,0,0,0,0,104,0,0,0,20.19,0,0,0,0,0,0,0,23,0,0,0,0,0,0,0,4,0,0,0,1,0,0,0,1,0,0,0,0,0,0,0,0,0,0,0,0,0,0,0,0,0,0,0,0,0,0,0,0,0,0,0
2264,Arnold Warren,England,76,Batsman ,Right Handed Bat ,Right-arm fast,1,0,0,0,1,0,0,0,7,0,0,0,0,0,0,0,7,0,0,0,7,0,0,0,0,0,0,0,0,0,0,0,0,0,0,0,0,0,0,0,0,0,0,0,0,0,0,0,0,0,0,0,236,113,9,6,2.87,0,0,0,0,0,0,0,0,0,0,0,0,0,0,0
2265,Walter Brearley,England,60,Batsman ,Right Handed Bat ,Right-arm fast,4,0,0,0,5,0,0,0,21,0,0,0,4,0,0,0,11,0,0,0,7,0,0,0,525.00,0,0,0,0,0,0,0,0,0,0,0,2,0,0,0,0,0,0,0,0,0,0,0,0,0,0,0,705,359,25,17,3.06,0,0,0,0,0,0,0,0,0,0,0,0,0,0,0
2266,Reggie Spooner,England,80,Batsman ,Right Handed Bat,,10,0,0,0,15,0,0,0,481,0,0,0,0,0,0,0,119,0,0,0,32.07,0,0,0,0,0,0,0,25,0,0,0,1,0,0,0,2,0,0,0,4,0,0,0,1,0,0,0,0,0,0,0,0,0,0,0,0,0,0,0,0,0,0,0,0,0,0,0,0,0,0,0
2267,Jack Crawford,England,76,Batsman ,Right Handed Bat,,12,0,0,0,23,0,0,0,469,0,0,0,1,0,0,0,74,0,0,0,22.33,0,0,0,46900.00,0,0,0,50,0,0,0,1,0,0,0,1,0,0,0,2,0,0,0,0,0,0,0,0,0,0,0,2203,1150,61,39,3.13,0,0,0,0,0,0,0,0,0,0,0,0,0,0,0
2268,Frederick Fane,England,85,Batsman ,Right Handed Bat,,14,0,0,0,27,0,0,0,682,0,0,0,2,0,0,0,143,0,0,0,26.23,0,0,0,34100.00,0,0,0,49,0,0,0,0,0,0,0,3,0,0,0,3,0,0,0,1,0,0,0,0,0,0,0,0,0,0,0,0,0,0,0,0,0,0,0,0,0,0,0,0,0,0,0
2269,Ernie Hayes,England,77,Batsman ,Right Handed Bat ,Right-arm legbreak,5,0,0,0,9,0,0,0,86,0,0,0,0,0,0,0,35,0,0,0,10.75,0,0,0,0,0,0,0,7,0,0,0,1,0,0,0,2,0,0,0,0,0,0,0,0,0,0,0,0,0,0,0,90,52,1,1,3.47,0,0,0,0,0,0,0,0,0,0,0,0,0,0,0
2270,Walter Lees,England,48,Batsman ,Right Handed Bat ,Right-arm fast-medium,5,0,0,0,9,0,0,0,66,0,0,0,0,0,0,0,25,0,0,0,11,0,0,0,0,0,0,0,9,0,0,0,0,0,0,0,0,0,0,0,0,0,0,0,0,0,0,0,0,0,0,0,1256,467,69,26,2.23,0,0,0,0,0,0,0,0,0,0,0,0,0,0,0
2271,Leonard Moon,England,38,Batsman ,Right Handed Bat,,4,0,0,0,8,0,0,0,182,0,0,0,0,0,0,0,36,0,0,0,22.75,0,0,0,0,0,0,0,19,0,0,0,1,0,0,0,1,0,0,0,0,0,0,0,0,0,0,0,0,0,0,0,0,0,0,0,0,0,0,0,0,0,0,0,0,0,0,0,0,0,0,0
2272,John Hartley,England,88,Batsman ,Right Handed Bat ,Right-arm legbreak,2,0,0,0,4,0,0,0,15,0,0,0,0,0,0,0,9,0,0,0,3.75,0,0,0,0,0,0,0,2,0,0,0,0,0,0,0,2,0,0,0,0,0,0,0,0,0,0,0,0,0,0,0,192,115,2,1,3.59,0,0,0,0,0,0,0,0,0,0,0,0,0,0,0
2273,Neville Knox,England,50,Batsman ,Right Handed Bat ,Right-arm fast,2,0,0,0,4,0,0,0,24,0,0,0,0,0,0,0,8,0,0,0,8,0,0,0,0,0,0,0,0,0,0,0,0,0,0,0,0,0,0,0,0,0,0,0,0,0,0,0,0,0,0,0,126,105,2,3,5,0,0,0,0,0,0,0,0,0,0,0,0,0,0,0
