,Name,Country,Age,Role,Batting style,Bowling style,Test Matches,ODI Matches,T20 Matches,Ipl Matches,Test Innings,ODI Innings,T20 Innings,IPL Innings,Test Runs,ODI Runs,T20 Runs,IPL Runs,Test Balls,ODI Balls,T20 Balls,IPL Balls,Test Highest,ODI Highest,T20 Highest,IPL Highest,Test Average,ODI Average,T20 Average,IPL Average,Test Strikerate,ODI Strikerate,T20 Strikerate,IPL Strikerate,Test Fours,ODI Fours,T20 Fours,IPL Fours,Test Sixes,ODI Sixes,T20 Sixes,IPL Sixes,Test Ducks,ODI Ducks,T20 Ducks,IPL Ducks,Test 50s,ODI 50S,T20 50s,IPL 50s,Test 100s,ODI 100s,T20 100s,IPL 100s,Test 200s,ODI 200s,T20 200s,IPL 200s,Test bowl balls,Test bowl runs,Test Maidens,Test Wickets,Test Economy,ODI bowl balls,ODI bowl runs,ODI Maidens,ODI Wickets,ODI Economy,T20 bowl balls,T20 bowl runs,T20 Maidens,T20 Wickets,T20 Economy,IPL bowl balls,IPL bowl runs,IPL Maidens,IPL Wickets,IPL Economy
0,Virat Kohli,India,37,Batsman ,Right Handed Bat ,Right-arm medium,123,314,125,283,210,302,117,275,9230,14941,4188,9336,16608,15903,3056,6926,254,183,122,113,46.85,58.59,48.7,40.42,55.58,93.96,137.05,134.80,1027,1389,369,844,30,172,124,316,15,18,7,12,31,79,38,68,30,54,1,9,7,0,0,0,175,84,2,0,2.88,662,680,1,5,6.16,152,204,0,4,8.05,251,368,0,4,8.8
1,Rohit Sharma,India,39,Batsman ,Right Handed Bat ,Right-arm offbreak,67,288,159,281,116,280,151,276,4301,11895,4231,7329,7538,12784,3003,5514,212,264,121,109,40.58,48.95,31.34,29.79,57.06,93.05,140.90,132.92,473,1125,383,661,88,369,205,323,6,16,12,19,18,62,32,49,12,34,5,2,1,3,0,0,383,224,5,2,3.51,610,533,2,9,5.24,68,113,0,1,9.97,339,453,0,15,8.02
2,Shikhar Dhawan,India,40,Batsman ,Left Handed Bat ,Right-arm offbreak,34,167,68,222,58,164,66,221,2315,6793,1759,6768,3458,7436,1392,5324,190,143,92,106,40.61,44.11,27.92,35.07,66.95,91.36,126.37,127.13,316,842,191,768,12,79,50,152,4,5,2,12,5,39,11,51,7,17,0,2,0,0,0,0,54,18,2,0,2,0,0,0,0,0,0,0,0,0,0,48,66,0,4,8.25
3,Shubman Gill,India,27,Batsman ,Right Handed Bat ,Right-arm offbreak,43,67,36,134,77,66,36,131,3043,3379,869,4598,4956,3347,627,3236,269,208,126,129,42.86,59.28,28.03,40.33,61.41,100.96,138.60,142.09,342,395,98,446,47,69,26,152,5,1,2,4,9,20,3,32,11,9,1,5,1,1,0,0,19,9,0,0,2.84,18,25,0,0,8.33,0,0,0,0,0,0,0,0,0,0
4,Shreyas Iyer,India,31,Batsman ,Right Handed Bat ,Right-arm legbreak,14,82,62,146,24,76,58,145,811,3136,1423,4229,1287,3205,1030,3093,105,128,80,101,36.86,45.45,32.34,35.84,63.02,97.85,138.16,136.73,94,283,120,353,16,78,51,182,2,2,4,7,5,24,10,32,1,5,0,1,0,0,0,0,6,2,0,0,2,37,39,0,0,6.32,2,2,0,0,0,6,7,0,0,7
5,Manish Pandey,India,37,Batsman ,Right Handed Bat ,Right-arm medium,0,29,39,180,0,24,33,164,0,566,709,4012,0,625,562,3293,0,104,79,114,0,33.29,44.31,29.5,0,90.56,126.16,121.84,0,45,49,347,0,5,19,117,0,2,2,14,0,2,3,22,0,1,0,1,0,0,0,0,0,0,0,0,0,0,0,0,0,0,0,0,0,0,0,0,0,0,0,0
6,Mayank Agarwal,India,35,Batsman ,Right Handed Bat ,Right-arm offbreak,21,5,0,131,36,5,0,125,1488,86,0,2760,2782,83,0,2064,243,32,0,106,41.33,17.2,0,23,53.49,103.62,0,133.73,189,12,0,274,28,1,0,100,1,0,0,7,6,0,0,13,4,0,0,1,2,0,0,0,0,0,0,0,0,6,10,0,0,10,0,0,0,0,0,0,0,0,0,0
7,Prithvi Shaw,India,26,Batsman ,Right Handed Bat ,Right-arm offbreak,5,6,1,79,9,6,1,79,339,189,0,1892,394,166,1,1283,134,49,0,99,42.38,31.5,0,23.95,86.05,113.86,0.00,147.47,48,32,0,238,2,2,0,61,1,0,1,7,2,0,0,14,1,0,0,0,0,0,0,0,0,0,0,0,0,0,0,0,0,0,0,0,0,0,0,0,0,0,0,0
8,Cheteshwar Pujara,India,38,Batsman ,Right Handed Bat ,Right-arm legbreak,103,5,0,30,176,5,0,22,7195,51,0,390,16217,130,0,391,206,27,0,51,43.61,10.2,0,20.53,44.37,39.24,0,99.75,863,4,0,50,16,0,0,4,12,2,0,1,35,0,0,1,19,0,0,0,3,0,0,0,12,3,0,0,1.5,0,0,0,0,0,0,0,0,0,0,0,0,0,0,0
9,Ajinkya Rahane,India,38,Batsman ,Right Handed Bat ,Right-arm medium,85,90,20,212,144,87,20,197,5077,2962,375,5367,10256,3767,331,4273,188,111,61,105,38.46,35.26,20.83,30.15,49.51,78.64,113.30,125.61,579,293,32,539,35,33,6,141,10,6,2,15,26,24,1,35,12,3,0,2,0,0,0,0,0,0,0,0,0,0,0,0,0,0,0,0,0,0,0,6,5,0,1,5
10,Ruturaj Gaikwad,India,29,Batsman ,Right Handed Bat ,Right-arm offbreak,0,9,23,85,0,8,20,84,0,228,633,2839,0,254,441,2093,0,105,123,108,0,28.5,39.56,38.36,0,89.77,143.54,135.65,0,28,65,260,0,2,24,107,0,0,1,7,0,1,4,22,0,1,1,2,0,0,0,0,0,0,0,0,0,0,0,0,0,0,0,0,0,0,0,0,0,0,0,0
11,Hardik Pandya,India,32,Batting Allrounder ,Right Handed Bat ,Right-arm fast-medium,11,94,138,162,18,68,109,150,532,1904,2288,2955,720,1717,1568,2020,108,92,71,91,31.29,32.83,28.25,27.88,73.89,110.90,145.92,146.29,68,141,168,228,12,76,126,155,2,4,4,6,4,11,9,10,1,0,0,0,0,0,0,0,937,528,19,17,3.38,3460,3231,16,91,5.6,2225,3093,5,114,8.34,1764,2751,0,82,9.36
12,Hanuma Vihari,India,32,Batting Allrounder ,Right Handed Bat ,Right-arm offbreak,16,0,0,24,28,0,0,23,839,0,0,284,1988,0,0,321,111,0,0,46,33.56,0,0,14.2,42.21,0,0,88.48,107,0,0,23,2,0,0,1,1,0,0,0,5,0,0,0,1,0,0,0,0,0,0,0,345,180,10,5,3.13,0,0,0,0,0,0,0,0,0,0,42,47,0,1,6.71
13,Ravindra Jadeja,India,37,Bowling Allrounder ,Left Handed Bat ,Left-arm orthodox,91,210,74,268,136,142,41,209,4160,2905,515,3526,7516,3396,405,2700,175,87,46,77,37.82,32.28,21.46,29.14,55.35,85.55,127.17,130.60,403,210,39,264,82,55,14,122,8,6,3,9,28,13,0,5,6,0,0,0,0,0,0,0,20856,9008,786,356,2.59,10404,8478,59,232,4.89,1356,1612,4,54,7.13,4254,5465,2,180,7.71
14,Shardul Thakur,India,34,Bowling Allrounder ,Right Handed Bat ,Right-arm fast-medium,13,47,25,114,21,25,6,45,377,329,69,349,630,313,38,263,67,50,22,68,18.85,17.32,23,11.63,59.85,105.12,181.58,132.70,46,31,5,32,9,9,4,13,3,1,2,8,4,1,0,1,0,0,0,0,0,0,0,0,1611,1024,36,33,3.81,1940,2014,10,65,6.23,506,772,0,33,9.15,2202,3514,3,119,9.57
15,Ravichandran Ashwin,India,39,Bowling Allrounder ,Right Handed Bat ,Right-arm offbreak,106,116,65,220,151,63,19,98,3503,707,184,833,6423,813,160,705,124,65,31,50,25.76,16.44,26.29,13.02,54.54,86.97,115.00,118.16,399,60,17,64,23,7,4,29,9,6,0,12,14,1,0,1,6,0,0,0,0,0,0,0,27246,12891,907,537,2.84,6303,5180,37,156,4.93,1452,1672,3,72,6.91,4710,5652,4,187,7.2
16,KL Rahul,India,34,WK-Batsman ,Right Handed Bat,,70,98,72,159,122,90,68,150,4288,3412,2265,5815,8230,3746,1628,4179,199,112,110,152,36.65,49.45,37.75,46.15,52.11,91.09,139.13,139.15,509,265,191,508,34,79,99,239,9,4,5,5,21,20,22,45,12,8,2,6,0,0,0,0,0,0,0,0,0,0,0,0,0,0,0,0,0,0,0,0,0,0,0,0
17,Sanju Samson,India,31,WK-Batsman ,Right Handed Bat,,0,16,67,190,0,14,59,186,0,510,1442,5181,0,512,926,3671,0,108,111,119,0,56.67,26.7,31.59,0,99.61,155.73,141.14,0,34,121,432,0,22,86,243,0,0,8,12,0,3,6,27,0,1,3,5,0,0,0,0,0,0,0,0,0,0,0,0,0,0,0,0,0,0,0,0,0,0,0,0
18,Wriddhiman Saha,India,41,WK-Batsman ,Right Handed Bat,,40,9,0,170,56,5,0,145,1353,41,0,2934,2973,56,0,2300,117,16,0,115,29.41,13.67,0,24.25,45.51,73.22,0,127.57,129,5,0,296,14,0,0,87,6,0,0,7,6,0,0,13,3,0,0,1,0,0,0,0,0,0,0,0,0,0,0,0,0,0,0,0,0,0,0,0,0,0,0,0
19,Rishabh Pant,India,28,WK-Batsman ,Left Handed Bat,,52,31,76,139,90,27,66,136,3725,871,1209,3865,5024,820,949,2633,159,125,65,128,43.82,33.5,23.25,33.61,74.15,106.22,127.40,146.80,397,91,111,349,102,26,44,181,3,3,4,7,21,5,3,20,8,1,0,2,0,0,0,0,0,0,0,0,0,0,0,0,0,0,0,0,0,0,0,0,0,0,0,0
20,Mohammed Shami,India,36,Bowler ,Right Handed Bat ,Right-arm fast,64,108,25,132,89,49,5,36,750,225,7,115,1005,273,10,111,56,25,7,21,11.9,7.76,3.5,6.05,74.63,82.42,70.00,103.61,83,17,0,9,25,9,1,5,18,6,1,6,2,0,0,0,0,0,0,0,0,0,0,0,11515,6346,364,229,3.31,5326,4955,52,206,5.58,510,761,1,27,8.95,2912,4207,3,145,8.67
21,Jasprit Bumrah,India,32,Bowler ,Right Handed Bat ,Right-arm fast,52,91,96,158,78,27,12,33,348,111,12,75,843,172,18,86,34,20,7,16,6.57,9.25,2,9.38,41.29,64.54,66.67,87.21,38,13,2,6,11,2,0,1,28,5,4,5,0,0,0,0,0,0,0,0,0,0,0,0,10031,4631,395,234,2.77,4694,3585,57,151,4.58,2038,2214,12,122,6.52,3631,4442,7,187,7.34
22,Kuldeep Yadav,India,31,Bowler ,Left Handed Bat ,Left-arm wrist-spin,19,121,54,110,24,45,10,42,252,215,48,210,941,414,71,253,40,19,23,35,12.6,9.77,8,11.67,26.79,51.94,67.61,83.01,25,15,2,18,1,0,0,3,4,3,3,5,0,0,0,0,0,0,0,0,0,0,0,0,3150,1869,65,80,3.56,6204,5247,31,194,5.07,1127,1306,2,95,6.95,2274,3130,1,112,8.26
23,Yuzvendra Chahal,India,36,Bowler ,Right Handed Bat ,Right-arm legbreak,0,72,80,188,0,14,6,20,0,77,6,37,0,141,13,86,0,18,3,8,0,8.56,3,5.29,0,54.61,46.16,43.03,0,8,0,0,0,0,0,0,0,1,0,1,0,0,0,0,0,0,0,0,0,0,0,0,0,0,0,0,0,3739,3283,14,121,5.27,1764,2409,2,96,8.19,4037,5417,4,233,8.05
24,Navdeep Saini,India,33,Bowler ,Right Handed Bat ,Right-arm fast,2,8,11,34,3,5,3,7,8,107,12,33,27,137,11,37,5,45,11,12,4,53.5,0,8.25,29.63,78.11,109.10,89.19,1,9,2,3,0,3,0,0,0,0,0,0,0,0,0,0,0,0,0,0,0,0,0,0,251,172,5,4,4.11,420,481,0,6,6.87,197,235,1,13,7.16,676,1011,1,23,8.97
25,Umesh Yadav,India,38,Bowler ,Right Handed Bat ,Right-arm fast,57,75,9,148,68,24,2,52,460,79,22,208,883,134,21,201,31,18,20,24,11.22,7.9,22,9.9,52.10,58.96,104.77,103.49,42,8,2,16,24,1,0,9,9,4,0,8,0,0,0,0,0,0,0,0,0,0,0,0,8979,5263,245,170,3.52,3558,3565,23,106,6.01,180,280,0,12,9.33,3050,4317,5,144,8.49
26,Mohammed Siraj,India,32,Bowler ,Right Handed Bat ,Right-arm fast,48,50,17,125,65,21,5,28,192,57,14,117,515,134,16,139,22,9,7,14,5.05,7.13,7,9.75,37.29,42.54,87.50,84.18,20,3,1,11,4,0,0,4,16,2,1,3,0,0,0,0,0,0,0,0,0,0,0,0,7349,4267,221,144,3.48,2251,1926,34,76,5.13,372,481,2,17,7.76,2672,3911,5,128,8.78
27,Suryakumar Yadav,India,35,Batsman ,Right Handed Bat ,Right-arm offbreak,1,37,113,179,1,35,107,164,8,773,3272,4581,20,736,2008,3083,8,72,117,103,8,25.77,36.36,33.68,40.00,105.03,162.95,148.59,1,80,297,482,0,19,179,178,0,3,7,12,0,4,25,31,0,0,4,2,0,0,0,0,0,0,0,0,0,12,17,0,0,8.5,6,5,0,2,5,6,8,0,0,8
28,Nitish Kumar,India,23,Batting Allrounder ,Right Handed Bat ,Right-arm fast-medium,10,6,5,42,16,4,3,35,396,100,90,787,691,99,50,541,114,53,74,76,26.4,33.33,45,29.15,57.31,101.02,180.00,145.48,40,3,4,50,10,5,8,46,2,0,1,1,0,1,1,3,1,0,0,0,0,0,0,0,516,366,5,8,4.26,151,179,0,2,7.11,66,101,0,3,9.18,325,577,0,13,10.65
29,Arshdeep Singh,India,27,Bowler ,Left Handed Bat ,Left-arm fast-medium,0,18,92,96,0,12,33,15,0,74,103,32,0,62,104,47,0,18,12,10,0,8.22,6.06,5.33,0,119.36,99.04,68.09,0,7,9,4,0,3,3,0,0,3,5,3,0,0,0,0,0,0,0,0,0,0,0,0,0,0,0,0,0,825,755,5,30,5.49,1927,2734,4,138,8.51,2032,3111,2,111,9.19
30,Shivam Dube,India,33,Batting Allrounder ,Left Handed Bat ,Right-arm medium,0,6,74,92,0,5,56,87,0,43,1127,2129,0,49,741,1464,0,25,66,95,0,8.6,29.66,31.31,0,87.76,152.10,145.43,0,3,74,132,0,2,68,137,0,2,2,3,0,0,6,10,0,0,0,0,0,0,0,0,0,0,0,0,0,179,165,0,3,5.53,618,1010,0,38,9.81,154,277,0,6,10.79
31,Abhishek Sharma,India,26,Batting Allrounder ,Left Handed Bat ,Left-arm orthodox,0,0,57,92,0,0,56,89,0,0,1711,2378,0,0,902,1389,0,0,135,141,0,0,31.69,29.36,0,0,189.69,171.21,0,0,171,224,0,0,111,144,0,0,7,6,0,0,12,13,0,0,2,2,0,0,0,0,0,0,0,0,0,0,0,0,0,0,200,282,0,10,8.46,365,550,0,11,9.04
32,Yashasvi Jaiswal,India,24,Batsman ,Left Handed Bat ,Right-arm legbreak,31,6,23,82,57,6,22,82,2612,285,723,2593,3928,292,440,1697,214,116,100,124,47.49,71.25,36.15,33.68,66.50,97.61,164.32,152.80,331,34,82,310,45,7,38,110,7,0,2,4,13,0,5,18,7,2,1,2,2,0,0,0,24,27,0,0,6.75,6,3,0,0,3,6,11,0,0,11,1,6,0,0,0
33,Axar Patel,India,32,Bowling Allrounder ,Left Handed Bat ,Left-arm orthodox,15,74,102,176,24,52,64,135,688,918,750,2089,1297,995,575,1562,84,64,65,66,34.4,23.54,16.67,21.54,53.05,92.27,130.44,133.74,73,58,52,146,20,32,29,100,1,3,4,9,4,4,1,4,0,0,0,0,0,0,0,0,2660,1121,98,57,2.53,3460,2619,24,80,4.54,1840,2322,4,102,7.57,3567,4406,2,139,7.41
34,Rinku Singh,India,28,Batsman ,Left Handed Bat ,Right-arm offbreak,0,2,48,72,0,2,35,62,0,55,702,1394,0,41,449,955,0,38,69,83,0,27.5,36.95,34,0,134.15,156.35,145.97,0,5,57,114,0,3,40,67,0,0,2,1,0,0,3,6,0,0,0,0,0,0,0,0,0,0,0,0,0,6,2,0,1,2,16,19,0,3,7.13,0,0,0,0,0
35,Washington Sundar,India,26,Bowling Allrounder ,Left Handed Bat ,Right-arm offbreak,18,34,62,83,30,23,27,61,937,445,279,888,1998,539,220,656,101,52,50,55,44.62,22.25,15.5,21.14,46.90,82.57,126.82,135.37,80,30,21,82,20,12,14,28,3,0,4,2,6,2,1,3,1,0,0,0,0,0,0,0,2294,1244,46,41,3.25,1134,916,7,30,4.85,1055,1252,1,51,7.12,1174,1520,1,40,7.77
36,Aaron Finch,Australia,39,Batsman ,Right Handed Bat ,Left-arm orthodox,5,146,103,92,10,142,103,90,278,5406,3120,2091,618,6163,2189,1631,62,153,172,88,27.8,38.89,34.29,24.89,44.99,87.72,142.54,128.21,30,533,309,214,1,129,125,78,1,16,8,8,2,30,19,15,0,17,2,0,0,0,0,0,12,8,0,0,4,284,259,0,4,5.47,12,27,0,0,13.5,43,67,0,1,9.35
37,Steven Smith,Australia,37,Batsman ,Right Handed Bat ,Right-arm legbreak,125,170,67,103,223,154,55,93,10920,5800,1094,2485,20237,6669,872,1940,239,164,90,101,56,43.28,24.86,34.51,53.97,86.97,125.46,128.10,1190,521,96,225,68,58,26,60,11,8,1,1,45,35,5,11,37,12,0,1,4,0,0,0,1470,1008,28,19,4.11,1076,971,1,28,5.41,291,378,1,17,7.79,2,5,0,0,0
38,David Warner,Australia,39,Batsman ,Left Handed Bat,,112,161,110,184,205,159,110,184,8786,6932,3277,6565,12516,7127,2300,4697,335,179,100,126,44.6,45.01,33.44,40.52,70.20,97.27,142.48,139.78,1036,733,338,664,69,130,122,235,13,4,6,11,37,33,28,62,26,22,1,4,3,0,0,0,342,269,1,4,4.72,6,8,0,0,8,0,0,0,0,0,1,2,0,0,0
39,Marnus Labuschagne,Australia,32,Batsman ,Right Handed Bat ,Right-arm legbreak,65,72,1,0,117,64,1,0,4730,1980,2,0,9075,2428,4,0,215,124,2,0,43.8,33.56,2,0,52.13,81.55,50.00,0,527,161,0,0,15,10,0,0,4,4,0,0,25,13,0,0,11,2,0,0,2,0,0,0,1340,838,21,14,3.75,356,387,2,11,6.52,0,0,0,0,0,0,0,0,0,0
40,Joe Burns,Italy,37,Batsman ,Right Handed Bat ,Right-arm medium,23,6,8,0,40,6,8,0,1442,146,271,0,2557,184,195,0,180,69,108,0,36.97,24.33,45.17,0,56.40,79.35,138.98,0,183,16,26,0,14,1,10,0,6,1,1,0,7,1,1,0,4,0,1,0,0,0,0,0,0,0,0,0,0,0,0,0,0,0,0,0,0,0,0,0,0,0,0,0
41,Will Pucovski,Australia,28,Batsman ,Right Handed Bat,,1,0,0,0,2,0,0,0,72,0,0,0,126,0,0,0,62,0,0,0,36,0,0,0,57.15,0,0,0,6,0,0,0,0,0,0,0,0,0,0,0,1,0,0,0,0,0,0,0,0,0,0,0,0,0,0,0,0,0,0,0,0,0,0,0,0,0,0,0,0,0,0,0
42,Travis Head,Australia,32,Batsman ,Left Handed Bat ,Right-arm offbreak,67,79,53,53,114,76,51,52,4653,3007,1335,1556,6677,2844,852,915,175,154,91,102,43.08,42.96,28.4,32.42,69.69,105.74,156.70,170.06,568,348,149,172,41,73,60,78,7,3,2,6,20,17,6,10,12,7,0,1,0,0,0,0,1031,636,14,16,3.7,1203,1152,0,28,5.75,36,56,0,1,9.33,64,120,0,3,11.25
43,Glenn Maxwell,Australia,37,Batting Allrounder ,Right Handed Bat ,Right-arm offbreak,7,149,130,141,14,136,118,135,339,3990,2897,2819,570,3149,1876,1817,104,201,145,95,26.08,33.81,28.97,23.89,59.48,126.71,154.43,155.15,33,382,243,237,7,155,150,161,0,12,5,19,0,23,12,18,1,4,5,0,0,1,0,0,462,341,4,8,4.43,4002,3644,14,77,5.46,1117,1515,0,51,8.14,1022,1413,1,41,8.3
44,Marcus Stoinis,Australia,37,Batting Allrounder ,Right Handed Bat ,Right-arm medium,0,71,87,122,0,64,70,108,0,1495,1416,2242,0,1591,968,1520,0,146,78,124,0,26.7,30.78,28.74,0,93.97,146.29,147.50,0,134,116,181,0,49,66,117,0,5,2,10,0,6,6,10,0,1,0,1,0,0,0,0,0,0,0,0,0,2071,2070,5,48,6,905,1337,1,53,8.86,935,1547,0,46,9.93
45,Moises Henriques,Portugal,39,Batting Allrounder ,Right Handed Bat ,Right-arm fast-medium,4,16,28,62,8,15,25,54,164,117,551,1000,346,192,400,788,81,22,111,74,23.43,9,27.55,27.78,47.40,60.94,137.75,126.91,12,10,35,87,2,0,26,28,2,0,0,2,2,0,3,5,0,0,1,0,0,0,0,0,330,164,12,2,2.98,402,347,1,8,5.18,138,194,0,7,8.43,950,1289,0,42,8.14
46,Cameron Green,Australia,27,Batting Allrounder ,Right Handed Bat ,Right-arm fast-medium,39,37,28,43,62,33,26,42,1920,946,638,1029,3831,1134,420,681,174,118,62,100,34.29,39.42,29,38.11,50.12,83.43,151.91,151.11,210,71,49,84,16,26,36,49,5,2,1,1,8,4,6,4,3,1,0,1,0,0,0,0,2621,1553,70,39,3.56,904,869,2,21,5.77,231,350,0,14,9.09,571,898,0,23,9.44
47,Ashton Agar,Australia,32,Bowler ,Left Handed Bat ,Left-arm orthodox,5,22,49,0,7,18,29,0,195,322,279,0,351,388,278,0,98,48,29,0,32.5,24.77,11.63,0,55.56,82.99,100.36,0,24,28,19,0,3,4,9,0,0,3,4,0,1,0,0,0,0,0,0,0,0,0,0,0,1006,468,36,9,2.79,1098,958,4,21,5.23,1042,1129,2,49,6.5,0,0,0,0,0
48,Daniel Sams,Australia,33,Bowling Allrounder ,Right Handed Bat ,Left-arm fast-medium,0,0,10,16,0,0,7,13,0,0,106,44,0,0,62,44,0,0,41,15,0,0,26.5,4.89,0,0,170.97,100.00,0,0,8,1,0,0,6,3,0,0,0,3,0,0,0,0,0,0,0,0,0,0,0,0,0,0,0,0,0,0,0,0,0,0,180,305,0,7,10.17,360,523,0,14,8.72
49,Michael Neser,Australia,36,Bowling Allrounder ,Right Handed Bat ,Right-arm fast-medium,5,4,0,1,7,4,0,0,131,11,0,0,257,29,0,0,35,6,0,0,18.71,2.75,0,0,50.98,37.94,0,0,19,0,0,0,1,0,0,0,1,1,0,0,0,0,0,0,0,0,0,0,0,0,0,0,778,416,20,22,3.21,220,239,2,3,6.52,0,0,0,0,0,24,62,0,0,15.5
50,Alex Carey,Australia,35,WK-Batsman ,Left Handed Bat,,50,91,42,3,76,83,29,3,2387,2351,267,32,3704,2628,243,29,156,106,37,14,35.1,33.59,11.13,16,64.45,89.46,109.88,110.35,255,224,23,0,17,24,7,1,4,6,2,0,13,13,0,0,3,1,0,0,0,0,0,0,0,0,0,0,0,0,0,0,0,0,0,0,0,0,0,0,0,0,0,0
51,Matthew Wade,Australia,38,WK-Batsman ,Left Handed Bat,,36,97,92,15,63,83,68,14,1613,1867,1202,183,3203,2288,896,177,117,100,80,35,29.87,26.3,26.13,13.07,50.36,81.60,134.16,103.39,175,129,95,23,12,34,46,2,3,5,1,0,5,11,3,0,4,1,0,0,0,0,0,0,30,28,1,0,5.6,0,0,0,0,0,0,0,0,0,0,0,0,0,0,0
52,Tim Paine,Australia,41,WK-Batsman ,Right Handed Bat ,Right-arm medium,35,35,12,2,57,35,9,2,1535,890,82,10,3355,1257,77,26,92,111,25,8,32.66,27.81,10.25,5,45.76,70.81,106.50,38.47,172,96,7,0,4,6,3,0,4,1,2,0,9,5,0,0,0,1,0,0,0,0,0,0,0,0,0,0,0,0,0,0,0,0,0,0,0,0,0,0,0,0,0,0
53,Pat Cummins,Australia,33,Bowler ,Right Handed Bat ,Right-arm fast,74,90,57,80,110,59,27,53,1584,537,158,642,3365,703,133,421,64,37,28,66,16.33,14.51,10.53,19.45,47.08,76.39,118.80,152.50,154,43,11,40,35,12,7,44,14,8,4,4,3,0,0,3,0,0,0,0,0,0,0,0,14673,7056,533,322,2.89,4683,4116,46,143,5.27,1254,1556,4,66,7.44,1809,2680,2,87,8.89
54,Nathan Lyon,Australia,38,Bowler ,Right Handed Bat ,Right-arm offbreak,143,29,2,0,183,14,1,0,1705,77,4,0,3380,83,4,0,47,30,4,0,12.82,19.25,0,0,50.45,92.78,100.00,0,211,7,0,0,15,2,0,0,20,1,0,0,0,0,0,0,0,0,0,0,0,0,0,0,35117,17249,1108,571,2.95,1626,1334,11,29,4.92,30,48,0,1,9.6,0,0,0,0,0
55,Mitchell Starc,Australia,36,Bowler ,Left Handed Bat ,Left-arm fast,107,130,65,57,157,77,21,25,2498,583,98,111,4228,756,100,121,99,52,14,29,20.15,11.66,9.8,9.25,59.09,77.12,98.00,91.74,256,43,4,11,49,14,2,0,17,12,0,4,13,1,0,0,0,0,0,0,0,0,0,0,20313,11626,634,445,3.43,6638,5826,56,247,5.27,1458,1881,2,79,7.74,1179,1727,1,76,8.79
56,Adam Zampa,Australia,34,Bowler ,Right Handed Bat ,Right-arm legbreak,0,121,118,22,0,64,30,5,0,398,80,15,0,618,98,24,0,36,13,7,0,9.95,4.71,3,0,64.41,81.64,62.50,0,34,7,1,0,2,0,0,0,7,5,1,0,0,0,0,0,0,0,0,0,0,0,0,0,0,0,0,0,6309,5810,16,198,5.53,2539,3113,2,153,7.36,467,652,0,31,8.38
57,Sean Abbott,Australia,34,Bowler ,Right Handed Bat ,Right-arm fast-medium,0,29,29,3,0,21,13,3,0,374,50,22,0,388,49,18,0,69,13,14,0,19.68,7.14,7.33,0,96.40,102.05,122.23,0,32,4,1,0,13,1,2,0,1,3,0,0,2,0,0,0,0,0,0,0,0,0,0,0,0,0,0,0,1331,1271,9,35,5.73,550,855,1,34,9.33,54,104,0,1,11.56
58,Josh Hazlewood,Australia,35,Bowler ,Left Handed Bat ,Right-arm fast-medium,78,96,60,52,99,38,12,8,575,135,29,19,1310,166,28,30,39,23,13,7,11.5,15,9.67,19,43.90,81.33,103.58,63.34,82,14,2,1,2,3,1,0,12,5,2,1,0,0,0,0,0,0,0,0,0,0,0,0,15717,7272,664,303,2.78,4978,3928,65,142,4.73,1348,1680,7,79,7.48,1176,1690,1,72,8.62
59,Andrew Tye,Australia,39,Bowler ,Right Handed Bat ,Right-arm fast-medium,0,7,32,30,0,7,15,13,0,57,83,91,0,48,76,76,0,19,20,25,0,14.25,10.38,10.11,0,118.75,109.22,119.74,0,5,5,6,0,2,4,5,0,0,3,2,0,0,0,0,0,0,0,0,0,0,0,0,0,0,0,0,0,387,392,1,12,6.08,683,997,1,47,8.76,684,979,0,42,8.59
60,James Pattinson,Australia,36,Bowler ,Left Handed Bat ,Right-arm fast,21,15,4,10,25,8,2,2,417,42,5,15,971,80,3,13,47,13,5,11,26.06,10.5,0,15,42.95,52.50,166.67,115.39,44,2,1,2,7,0,0,0,2,0,0,0,0,0,0,0,0,0,0,0,0,0,0,0,3963,2133,142,81,3.23,727,681,6,16,5.62,78,104,0,3,8,213,320,0,11,9.01
61,Mitchell Swepson,Australia,32,Bowler ,Right Handed Bat ,Right-arm legbreak,4,3,8,0,5,1,5,0,28,2,32,0,54,2,23,0,15,2,14,0,7,2,0,0,51.86,100.00,139.14,0,3,0,1,0,0,0,2,0,1,0,0,0,0,0,0,0,0,0,0,0,0,0,0,0,892,458,14,10,3.08,158,161,0,3,6.11,150,204,0,11,8.16,0,0,0,0,0
62,Tim David,Australia,30,Batsman ,Right Handed Bat ,Right-arm offbreak,0,4,74,66,0,4,63,59,0,45,1679,1151,0,53,997,650,0,35,102,70,0,11.25,34.98,32.89,0,84.91,168.41,177.08,0,3,130,76,0,3,109,83,0,0,5,4,0,0,9,2,0,0,1,0,0,0,0,0,0,0,0,0,0,12,20,0,1,10,164,255,0,5,9.33,6,18,0,0,18
63,Josh Inglis,Australia,31,WK-Batsman ,Right Handed Bat,,5,39,49,16,7,35,46,16,184,969,1033,544,228,962,654,314,102,120,110,85,26.29,30.28,26.49,38.86,80.71,100.73,157.96,173.25,18,102,108,58,1,24,40,28,1,2,4,0,0,6,2,4,1,1,2,0,0,0,0,0,0,0,0,0,0,0,0,0,0,0,0,0,0,0,0,0,0,0,0,0
64,Usman Khawaja,Australia,39,Batsman ,Left Handed Bat ,Right-arm offbreak,88,40,9,6,159,39,9,6,6229,1554,241,127,12757,1848,182,100,232,104,58,30,42.66,42,26.78,21.17,48.83,84.10,132.42,127.00,664,150,31,14,28,13,5,3,10,2,0,0,28,12,1,0,16,2,0,0,1,0,0,0,18,8,0,0,2.67,0,0,0,0,0,0,0,0,0,0,0,0,0,0,0
65,Mitchell Marsh,Australia,34,Batting Allrounder ,Right Handed Bat ,Right-arm fast-medium,46,99,88,68,80,95,83,62,2083,3098,2313,1855,3700,3276,1628,1249,181,177,103,117,28.53,37.33,33.52,30.92,56.30,94.57,142.08,148.52,270,285,206,155,32,103,117,111,9,7,3,7,9,20,14,12,3,4,1,2,0,0,0,0,3483,2061,92,51,3.55,2213,2036,9,57,5.52,300,387,0,17,7.74,560,795,1,37,8.52
66,Matthew Short,Australia,30,Batsman ,Right Handed Bat ,Right-arm offbreak,0,23,24,9,0,21,22,9,0,462,416,177,0,528,277,143,0,74,66,36,0,22,20.8,19.67,0,87.50,150.19,123.78,0,46,40,21,0,11,20,5,0,4,2,0,0,4,1,0,0,0,0,0,0,0,0,0,0,0,0,0,0,462,407,1,6,5.29,108,206,0,9,11.44,43,64,0,0,8.93
67,Eoin Morgan,England,40,Batsman ,Left Handed Bat ,Right-arm medium,16,248,115,83,24,230,106,75,700,7701,2458,1405,1278,8447,1805,1146,130,148,91,68,30.43,39.09,28.58,22.66,54.78,91.17,136.18,122.61,77,654,186,112,6,220,120,64,4,18,3,6,3,47,14,5,2,14,0,0,0,0,0,0,0,0,0,0,0,0,0,0,0,0,0,0,0,0,0,0,0,0,0,0
68,Joe Root,England,35,Batsman ,Right Handed Bat ,Right-arm offbreak,169,192,32,3,309,181,30,1,14278,7826,893,10,24783,8907,707,15,262,166,90,10,50.45,51.15,35.72,10,57.62,87.87,126.31,66.67,1537,638,92,1,46,55,16,0,15,9,2,0,69,48,5,0,41,20,0,0,6,0,0,0,6332,3559,164,74,3.37,1770,1744,2,30,5.91,84,139,0,6,9.93,12,14,0,0,7
69,Jason Roy,England,36,Batsman ,Right Handed Bat,,5,116,64,21,10,110,64,21,187,4271,1522,614,318,4047,1106,443,72,180,78,91,18.7,39.92,23.78,32.32,58.81,105.54,137.62,138.61,26,511,153,75,1,81,69,21,1,11,7,0,1,21,8,4,0,12,0,0,0,0,0,0,0,0,0,0,0,0,0,0,0,0,0,0,0,0,0,0,0,0,0,0
70,Dawid Malan,England,39,Batsman ,Left Handed Bat ,Right-arm legbreak,22,30,62,1,39,30,60,1,1074,1450,1892,26,2622,1488,1428,26,140,140,103,26,27.54,55.77,36.38,26,40.97,97.45,132.50,100.00,146,150,194,1,1,32,62,1,2,5,2,0,9,7,16,0,1,6,1,0,0,0,0,0,222,131,4,2,3.54,15,17,0,1,6.8,12,27,0,1,13.5,0,0,0,0,0
71,Moeen Ali,England,39,Batting Allrounder ,Left Handed Bat ,Right-arm offbreak,68,138,92,73,118,112,75,59,3094,2355,1229,1167,5973,2398,863,835,155,128,72,93,28.13,24.28,21.19,22.02,51.80,98.21,142.42,139.77,375,203,88,95,34,78,68,67,15,6,9,6,15,6,7,6,5,3,0,0,0,0,0,0,12610,7612,292,204,3.62,5988,5311,13,111,5.32,999,1384,1,51,8.31,854,1029,1,41,7.23
72,Ben Stokes,England,35,Batting Allrounder ,Left Handed Bat ,Right-arm fast-medium,122,114,43,45,220,99,36,44,7273,3463,585,935,12427,3619,457,698,258,182,52,107,34.47,41.23,21.67,24.61,58.53,95.69,128.01,133.96,834,282,42,81,138,109,22,32,18,7,1,3,37,24,1,2,14,5,0,2,1,0,0,0,14085,7809,399,252,3.33,3110,3137,8,74,6.05,612,856,1,26,8.39,689,992,2,28,8.64
73,Liam Livingstone,England,33,Batting Allrounder ,Right Handed Bat ,Right-arm legbreak,1,39,60,51,2,36,47,49,16,932,955,1066,18,862,641,687,9,124,103,94,16,31.07,25.13,25.38,88.89,108.13,148.99,155.17,0,58,54,70,1,50,59,76,0,4,3,3,0,4,2,7,0,1,1,0,0,0,0,0,0,0,0,0,0,968,982,2,25,6.09,576,838,1,33,8.73,312,469,0,13,9.02
74,Chris Woakes,England,37,Bowling Allrounder ,Right Handed Bat ,Right-arm fast-medium,62,122,33,21,99,88,17,12,2034,1524,146,78,3843,1710,117,77,137,95,37,18,25.11,23.81,16.22,13,52.93,89.13,124.79,101.30,256,118,9,7,9,21,7,2,11,8,2,0,7,6,0,0,1,0,0,0,0,0,0,0,11219,5686,417,192,3.04,5737,5193,53,173,5.43,611,822,1,31,8.07,440,658,0,30,8.97
75,Tom Curran,England,31,Bowling Allrounder ,Right Handed Bat ,Right-arm fast-medium,2,28,30,13,3,17,13,10,66,303,64,127,120,321,56,107,39,47,14,54,33,37.88,10.67,25.4,55.00,94.40,114.29,118.70,12,29,1,10,0,5,4,3,0,2,0,0,0,0,0,1,0,0,0,0,0,0,0,0,396,200,14,2,3.03,1308,1290,8,34,5.92,588,907,1,29,9.26,238,430,0,13,10.84
76,Lewis Gregory,England,34,Bowling Allrounder ,Right Handed Bat ,Right-arm fast-medium,0,3,9,0,0,2,7,0,0,117,45,0,0,116,41,0,0,77,15,0,0,58.5,7.5,0,0,100.87,109.76,0,0,10,2,0,0,3,2,0,0,0,1,0,0,1,0,0,0,0,0,0,0,0,0,0,0,0,0,0,0,114,97,1,4,5.11,78,117,0,2,9,0,0,0,0,0
77,Sam Curran,England,28,Bowling Allrounder ,Left Handed Bat ,Left-arm fast-medium,24,44,80,64,38,33,51,53,815,668,744,997,1271,758,573,731,78,95,58,88,24.7,22.27,21.26,24.93,64.13,88.13,129.85,136.39,96,46,45,85,21,22,32,41,7,2,0,4,3,2,2,6,0,0,0,0,0,0,0,0,3091,1669,96,47,3.24,1681,1725,12,43,6.16,1359,1965,2,73,8.68,1253,2033,0,59,9.74
78,Jonny Bairstow,England,36,WK-Batsman ,Right Handed Bat ,Right-arm medium,100,107,80,52,178,98,72,52,6042,3868,1671,1674,10228,3758,1215,1146,167,141,90,114,36.4,42.98,29.84,34.88,59.08,102.93,137.54,146.08,721,437,148,173,56,92,76,74,17,9,6,3,26,17,10,9,12,11,0,2,0,0,0,0,0,0,0,0,0,0,0,0,0,0,0,0,0,0,0,0,0,0,0,0
79,Jos Buttler,England,36,WK-Batsman ,Right Handed Bat,,57,202,160,138,100,174,147,136,2907,5578,4212,4646,5365,4833,2828,3103,152,162,131,124,31.95,39.01,33.97,39.71,54.19,115.42,148.94,149.73,339,449,389,458,33,188,186,211,9,15,11,8,18,29,28,28,2,11,2,7,0,0,0,0,0,0,0,0,0,0,0,0,0,0,0,0,0,0,0,0,0,0,0,0
80,Sam Billings,England,35,WK-Batsman ,Right Handed Bat,,3,28,37,30,3,23,33,27,66,702,478,503,114,771,368,388,36,118,87,56,22,33.43,17.07,19.35,57.90,91.06,129.90,129.64,10,74,41,40,0,8,16,20,0,1,1,3,0,5,2,3,0,1,0,0,0,0,0,0,0,0,0,0,0,0,0,0,0,0,0,0,0,0,0,0,0,0,0,0
81,Adil Rashid,England,38,Bowler ,Right Handed Bat ,Right-arm legbreak,19,164,150,3,33,88,44,2,540,972,163,22,1270,1044,182,16,61,69,22,18,19.29,16.47,7.41,11,42.52,93.11,89.57,137.50,62,94,13,2,4,14,1,1,3,8,4,0,2,1,0,0,0,0,0,0,0,0,0,0,3816,2390,50,60,3.76,8189,7703,16,243,5.64,3130,3936,5,169,7.55,60,91,0,2,9.1
82,Mark Wood,England,36,Bowler ,Right Handed Bat ,Right-arm fast,38,70,38,5,64,29,7,3,811,168,27,12,1143,167,28,8,52,43,10,10,15.6,12.92,13.5,6,70.96,100.60,96.43,150.00,108,16,2,1,20,5,0,1,11,5,1,0,1,0,0,0,0,0,0,0,0,0,0,0,6610,3665,197,119,3.33,3506,3267,19,80,5.59,776,1099,1,54,8.5,120,179,1,11,8.95
83,Jofra Archer,England,31,Bowler ,Right Handed Bat ,Right-arm fast,23,39,49,68,37,23,20,42,364,219,129,326,669,193,86,225,51,38,21,32,12.13,18.25,11.73,13.04,54.41,113.48,150.00,144.89,40,23,10,18,8,8,7,22,4,3,4,5,1,0,0,0,0,0,0,0,0,0,0,0,4529,2377,141,83,3.15,2075,1755,28,70,5.07,1084,1507,3,64,8.34,1578,2161,4,84,8.22
84,Olly Stone,England,32,Bowler ,Right Handed Bat ,Right-arm fast,5,10,1,0,10,6,1,0,102,24,0,0,234,35,1,0,20,9,0,0,11.33,8,0,0,43.59,68.58,0.00,0,12,2,0,0,1,0,0,0,2,0,1,0,0,0,0,0,0,0,0,0,0,0,0,0,610,400,17,17,3.93,394,399,2,9,6.08,24,36,0,0,9,0,0,0,0,0
85,Reece Topley,England,32,Bowler ,Right Handed Bat ,Left-arm fast-medium,0,30,35,6,0,14,10,1,0,35,17,3,0,70,20,6,0,15,9,3,0,11.67,8.5,0,0,50.00,85.00,50.00,0,3,1,0,0,1,0,0,0,1,1,0,0,0,0,0,0,0,0,0,0,0,0,0,0,0,0,0,0,1392,1257,17,47,5.42,706,978,0,33,8.31,120,222,0,5,11.1
86,Chris Jordan,England,37,Bowler ,Right Handed Bat ,Right-arm fast-medium,8,35,95,34,11,24,57,13,180,184,439,81,320,211,340,77,35,38,36,30,18,12.27,13.72,8.1,56.25,87.21,129.12,105.20,24,12,31,3,1,5,21,3,0,3,3,1,0,0,0,0,0,0,0,0,0,0,0,0,1530,752,74,21,2.95,1660,1660,5,46,6,1953,2846,2,108,8.74,668,1070,1,30,9.61
87,Gus Atkinson,England,28,Bowling Allrounder ,Right Handed Bat ,Right-arm fast-medium,21,13,4,0,31,9,2,0,587,127,10,0,892,92,23,0,118,38,8,0,19.57,21.17,10,0,65.81,138.05,43.48,0,64,19,0,0,13,3,0,0,1,1,0,0,0,0,0,0,1,0,0,0,0,0,0,0,3457,2104,107,83,3.65,562,602,1,16,6.43,65,122,0,6,11.26,0,0,0,0,0
88,Tom Banton,England,27,WK-Batsman ,Right Handed Bat,,0,7,40,2,0,6,34,2,0,172,735,18,0,186,496,20,0,58,73,10,0,28.67,25.34,9,0,92.48,148.19,90.00,0,21,70,1,0,4,32,1,0,0,1,0,0,1,4,0,0,0,0,0,0,0,0,0,0,0,0,0,0,0,0,0,0,0,0,0,0,0,0,0,0,0,0,0
89,Jacob Bethell,England,22,Batting Allrounder ,Left Handed Bat ,Left-arm orthodox,9,24,36,9,18,22,32,9,579,712,786,163,953,786,521,116,154,110,105,55,34.06,33.9,30.23,18.11,60.76,90.59,150.87,140.52,75,69,63,21,5,18,45,6,2,1,1,0,4,6,4,1,1,1,1,0,0,0,0,0,388,255,4,8,3.94,346,430,1,9,7.46,93,135,0,8,8.71,0,0,0,0,0
90,Harry Brook,England,27,Batsman ,Right Handed Bat ,Right-arm medium,41,41,68,11,70,41,59,11,3610,1385,1532,190,4182,1317,954,154,317,136,100,100,53.09,37.43,34.04,21.11,86.33,105.17,160.59,123.38,395,124,124,23,55,56,74,4,5,2,1,3,20,6,8,0,10,3,1,1,1,0,0,0,180,127,3,1,4.23,0,0,0,0,0,0,0,0,0,0,0,0,0,0,0
91,Zak Crawley,England,28,Batsman ,Right Handed Bat ,Right-arm medium,64,9,0,0,117,9,0,0,3586,205,0,0,5475,216,0,0,267,58,0,0,31.18,25.63,0,0,65.50,94.91,0,0,499,24,0,0,13,2,0,0,12,3,0,0,21,2,0,0,5,0,0,0,1,0,0,0,0,0,0,0,0,0,0,0,0,0,0,0,0,0,0,0,0,0,0,0
92,Ben Duckett,England,31,Batsman ,Left Handed Bat ,Right-arm offbreak,49,37,21,0,91,37,21,0,3364,1529,527,0,3902,1536,344,0,182,165,84,0,38.23,42.47,27.74,0,86.22,99.55,153.20,0,442,173,69,0,19,22,8,0,7,4,2,0,16,9,3,0,7,4,0,0,0,0,0,0,0,0,0,0,0,0,0,0,0,0,0,0,0,0,0,0,0,0,0,0
93,Will Jacks,England,27,Batting Allrounder ,Right Handed Bat ,Right-arm offbreak,6,26,45,28,11,23,37,26,234,679,660,602,453,666,445,379,47,94,53,100,21.27,32.33,22,27.36,51.66,101.96,148.32,158.84,17,60,60,50,6,20,32,38,1,2,1,0,0,4,1,2,0,0,0,1,0,0,0,0,721,554,11,12,4.61,528,549,1,10,6.24,306,429,0,19,8.41,191,314,0,10,9.86
94,Philip Salt,England,30,WK-Batsman ,Right Handed Bat ,Right-arm offbreak,0,33,65,40,0,31,60,40,0,988,1852,1258,0,861,1131,721,0,122,141,89,0,31.87,34.94,34,0,114.76,163.75,174.48,0,134,187,138,0,20,87,67,0,1,7,4,0,5,10,12,0,1,4,0,0,0,0,0,0,0,0,0,0,0,0,0,0,0,0,0,0,0,0,0,0,0,0,0
95,Jack Leach,England,35,Bowler ,Left Handed Bat ,Left-arm orthodox,38,0,0,0,59,0,0,0,498,0,0,0,1334,0,0,0,92,0,0,0,13.46,0,0,0,37.34,0,0,0,64,0,0,0,2,0,0,0,7,0,0,0,1,0,0,0,0,0,0,0,0,0,0,0,9402,4838,307,142,3.09,0,0,0,0,0,0,0,0,0,0,0,0,0,0,0
96,Jamie Overton,England,32,Bowling Allrounder ,Right Handed Bat ,Right-arm fast,2,13,24,13,3,10,15,8,106,272,88,151,157,244,84,93,97,68,19,43,35.33,27.2,8.8,30.2,67.52,111.48,104.77,162.37,15,32,5,14,2,8,3,7,1,1,2,0,1,1,0,0,0,0,0,0,0,0,0,0,450,310,6,4,4.13,422,413,2,14,5.87,347,477,1,26,8.25,204,332,0,14,9.76
97,Craig Overton,England,32,Bowling Allrounder ,Right Handed Bat ,Right-arm fast-medium,8,7,0,0,14,5,0,0,182,68,0,0,415,76,0,0,41,32,0,0,15.17,22.67,0,0,43.86,89.48,0,0,23,4,0,0,1,1,0,0,1,1,0,0,0,0,0,0,0,0,0,0,0,0,0,0,1472,760,43,21,3.1,308,291,2,5,5.67,0,0,0,0,0,0,0,0,0,0
98,Ollie Pope,England,28,WK-Batsman ,Right Handed Bat,,64,0,0,0,113,0,0,0,3732,0,0,0,5793,0,0,0,205,0,0,0,34.56,0,0,0,64.43,0,0,0,439,0,0,0,18,0,0,0,6,0,0,0,16,0,0,0,9,0,0,0,1,0,0,0,0,0,0,0,0,0,0,0,0,0,0,0,0,0,0,0,0,0,0,0
99,Faf du,South Africa,42,Batsman ,Right Handed Bat ,Right-arm legbreak,69,143,50,154,118,136,50,147,4163,5507,1528,4773,8986,6218,1137,3515,199,185,119,96,40.03,46.67,35.53,35.1,46.33,88.57,134.39,135.79,516,495,140,439,21,66,50,174,9,3,0,7,21,35,10,39,10,12,1,0,0,0,0,0,78,69,0,0,5.31,192,189,0,2,5.91,8,3,0,0,2.25,6,16,0,0,16
100,David Miller,South Africa,37,Batsman ,Left Handed Bat,,0,178,140,152,0,154,123,145,0,4611,2806,3288,0,4447,1983,2357,0,139,106,101,0,42.3,33.81,35.74,0,103.69,141.51,139.50,0,342,184,235,0,144,141,152,0,9,3,5,0,24,9,14,0,7,2,1,0,0,0,0,0,0,0,0,0,0,0,0,0,0,0,0,0,0,0,0,0,0,0,0
101,Aiden Markram,South Africa,31,Batsman ,Right Handed Bat ,Right-arm offbreak,50,86,77,69,92,82,73,66,3192,2708,1966,1671,5407,2766,1332,1233,152,175,86,68,35.47,37.1,31.71,30.38,59.04,97.91,147.60,135.53,452,275,183,131,16,62,83,68,7,6,2,3,13,14,14,10,8,4,0,0,0,0,0,0,627,315,11,6,3.01,1252,1227,2,20,5.88,408,603,2,16,8.87,223,357,0,6,9.61
102,Rassie van,South Africa,37,Batsman ,Right Handed Bat ,Right-arm legbreak,18,71,57,3,32,66,53,3,905,2657,1406,22,2221,3053,1092,24,98,134,94,12,30.17,50.13,33.48,11,40.75,87.03,128.76,91.67,101,206,89,2,4,50,62,0,3,3,2,0,6,17,10,0,0,6,0,0,0,0,0,0,0,0,0,0,0,6,3,0,1,3,0,0,0,0,0,0,0,0,0,0
103,Jean,South Africa,42,Batting Allrounder ,Left Handed Bat ,Right-arm offbreak,46,199,81,83,74,179,75,77,2103,5117,1934,2029,4544,6050,1532,1636,166,150,96,78,32.86,36.81,38.68,39.78,46.29,84.58,126.25,124.03,251,347,138,126,13,75,71,79,9,7,6,1,8,27,11,14,6,4,0,0,0,0,0,0,2703,1601,48,42,3.55,3513,3143,9,69,5.37,463,599,0,21,7.76,678,834,0,23,7.38
104,Andile Phehlukwayo,South Africa,30,Bowling Allrounder ,Left Handed Bat ,Right-arm medium,4,85,42,0,4,57,25,0,19,884,166,0,39,1027,153,0,9,69,27,0,9.5,23.26,9.22,0,48.72,86.08,108.50,0,3,77,16,0,0,36,5,0,1,5,7,0,0,2,0,0,0,0,0,0,0,0,0,0,250,147,9,11,3.53,3175,3040,17,97,5.74,748,1112,0,50,8.92,0,0,0,0,0
105,Dwaine Pretorius,South Africa,37,Bowling Allrounder ,Right Handed Bat ,Right-arm fast-medium,3,27,30,7,6,13,17,5,83,192,261,44,163,224,159,28,37,50,77,22,13.83,16,21.75,11,50.93,85.72,164.16,157.15,13,14,22,3,1,5,15,3,1,1,2,1,0,1,1,0,0,0,0,0,0,0,0,0,480,252,22,7,3.15,1144,947,9,35,4.97,504,696,0,35,8.29,150,238,0,6,9.52
106,Chris Morris,South Africa,39,Bowling Allrounder ,Right Handed Bat ,Right-arm fast-medium,4,42,23,81,7,27,13,51,173,468,133,618,362,465,102,398,69,62,55,82,24.71,20.35,14.78,22.07,47.80,100.65,130.40,155.28,25,36,12,41,0,15,5,35,0,0,3,9,1,1,1,2,0,0,0,0,0,0,0,0,623,459,15,12,4.42,1894,1756,10,48,5.56,498,697,3,34,8.4,1720,2295,1,95,8.01
107,Quinton de,South Africa,33,WK-Batsman ,Left Handed Bat,,54,161,110,118,91,161,109,118,3300,7123,3095,3441,4652,7367,2176,2550,141,178,115,140,38.82,46.56,30.95,31.28,70.94,96.69,142.24,134.95,411,801,313,334,33,134,133,143,7,5,10,4,22,32,19,24,6,23,2,3,0,0,0,0,0,0,0,0,0,0,0,0,0,0,0,0,0,0,0,0,0,0,0,0
108,Imran Tahir,South Africa,47,Bowler ,Right Handed Bat ,Right-arm legbreak,20,107,38,59,23,36,4,9,130,157,19,33,235,225,18,37,29,29,9,13,9.29,7.85,19,8.25,55.32,69.78,105.56,89.19,18,21,1,5,1,1,1,0,2,6,0,0,0,0,0,0,0,0,0,0,0,0,0,0,3925,2294,86,57,3.51,5541,4297,38,173,4.65,845,948,0,63,6.73,1316,1703,1,82,7.76
109,Kagiso Rabada,South Africa,31,Bowler ,Left Handed Bat ,Right-arm fast,73,106,79,101,110,45,30,37,1102,401,184,262,2131,507,159,239,71,31,22,44,12.24,14.85,14.15,13.1,51.72,79.10,115.73,109.63,139,30,18,21,20,12,6,11,22,2,5,4,1,0,0,0,0,0,0,0,0,0,0,0,13436,7492,440,340,3.35,5444,4613,63,168,5.08,1697,2378,3,83,8.41,2290,3358,3,148,8.8
110,Lungi Ngidi,South Africa,30,Bowler ,Right Handed Bat ,Right-arm fast,20,75,64,28,31,31,18,4,97,126,59,4,230,258,72,9,19,20,13,3,4.85,9,11.8,2,42.18,48.84,81.95,44.45,14,8,5,0,1,6,1,0,8,6,2,1,0,0,0,0,0,0,0,0,0,0,0,0,2578,1356,100,58,3.16,3461,3350,32,115,5.81,1299,1867,1,90,8.62,620,869,2,42,8.41
111,Tabraiz Shamsi,South Africa,36,Bowler ,Right Handed Bat ,Left-arm wrist-spin,2,55,70,5,4,15,14,1,20,39,10,2,48,69,27,4,18,11,4,2,20,9.75,2,0,41.67,56.53,37.04,50.00,2,4,0,0,0,0,0,0,0,3,5,0,0,0,0,0,0,0,0,0,0,0,0,0,483,278,10,6,3.45,2697,2510,8,73,5.58,1509,1859,1,89,7.39,120,181,0,3,9.05
112,Beuran Hendricks,South Africa,36,Bowler ,Left Handed Bat ,Left-arm fast-medium,1,10,19,7,2,4,5,3,9,24,18,1,18,45,23,3,5,18,12,1,9,8,6,1,50.00,53.34,78.27,33.34,1,2,0,0,0,0,1,0,0,0,1,1,0,0,0,0,0,0,0,0,0,0,0,0,231,175,5,6,4.55,386,346,2,10,5.38,409,627,0,25,9.2,150,235,0,9,9.4
113,Temba Bavuma,South Africa,36,Batsman ,Right Handed Bat ,Right-arm medium,66,55,36,0,114,53,35,0,3810,2035,670,0,7794,2320,567,0,172,144,72,0,38.1,40.7,20.94,0,48.89,87.72,118.17,0,433,203,62,0,16,27,16,0,10,2,6,0,26,8,1,0,4,5,0,0,0,0,0,0,96,61,1,1,3.81,37,22,0,0,3.57,0,0,0,0,0,0,0,0,0,0
114,Nandre Burger,South Africa,31,Bowler ,Left Handed Bat ,Left-arm fast-medium,3,14,8,18,5,9,3,3,33,41,10,14,113,114,21,9,23,17,9,10,8.25,13.67,5,14,29.21,35.97,47.62,155.56,4,2,0,0,0,0,0,1,2,0,0,0,0,0,0,0,0,0,0,0,0,0,0,0,376,237,14,14,3.78,659,671,3,22,6.11,174,239,0,6,8.24,363,585,0,21,9.67
115,Gerald Coetzee,South Africa,25,Bowler ,Right Handed Bat ,Right-arm fast,4,14,18,14,6,7,14,7,67,57,128,31,76,90,93,33,20,22,23,12,13.4,8.14,10.67,5.17,88.16,63.34,137.64,93.94,7,4,10,2,2,1,7,2,0,1,3,1,0,0,0,0,0,0,0,0,0,0,0,0,462,330,7,14,4.29,666,720,1,31,6.49,370,570,1,22,9.24,273,472,0,15,10.37
116,Reeza Hendricks,South Africa,37,Batsman ,Right Handed Bat ,Right-arm offbreak,0,38,90,0,0,38,89,0,0,974,2504,0,0,1264,1938,0,0,102,117,0,0,27.06,28.78,0,0,77.06,129.21,0,0,101,268,0,0,9,70,0,0,2,7,0,0,7,18,0,0,1,1,0,0,0,0,0,0,0,0,0,0,42,47,0,1,6.71,29,58,0,0,12,0,0,0,0,0
117,Marco Jansen,South Africa,26,Bowling Allrounder ,Right Handed Bat ,Left-arm fast,21,32,30,48,32,27,20,26,624,553,268,192,1145,492,182,174,93,75,55,34,23.11,25.14,17.87,12.8,54.50,112.40,147.26,110.35,77,44,17,9,13,25,21,9,4,2,2,3,4,2,2,0,0,0,0,0,0,0,0,0,3408,1880,112,89,3.31,1565,1640,11,49,6.29,659,982,1,33,8.94,1017,1632,1,45,9.63
118,Heinrich Klaasen,South Africa,35,WK-Batsman ,Right Handed Bat ,Right-arm offbreak,4,60,58,64,8,56,53,60,104,2141,1000,2104,230,1829,705,1262,35,174,81,105,13,43.69,23.26,42.08,45.22,117.06,141.85,166.72,11,200,72,146,0,71,52,120,0,2,2,1,0,11,5,13,0,4,0,2,0,0,0,0,0,0,0,0,0,30,33,0,0,6.6,6,14,0,0,14,0,0,0,0,0
119,Keshav Maharaj,South Africa,36,Bowler ,Right Handed Bat ,Left-arm orthodox,62,56,54,2,95,31,19,1,1334,324,107,1,2197,403,127,2,84,40,41,1,15.33,14.09,8.92,1,60.72,80.40,84.26,50.00,153,37,6,0,29,4,5,0,19,1,4,0,6,0,0,0,0,0,0,0,0,0,0,0,12308,6370,372,218,3.11,2885,2272,15,73,4.73,1103,1447,1,55,7.87,36,39,0,2,6.5
120,Kwena Maphaka,South Africa,20,Bowler ,Left Handed Bat ,Left-arm fast-medium,2,5,22,4,3,3,6,1,17,1,19,8,28,8,24,2,9,1,12,8,8.5,0.33,9.5,0,60.72,12.50,79.17,400.00,0,0,2,2,2,0,0,0,1,2,2,0,0,0,0,0,0,0,0,0,0,0,0,0,260,170,5,3,3.92,199,245,2,9,7.39,436,650,0,20,8.94,66,143,0,2,13
121,Wiaan Mulder,South Africa,28,Bowling Allrounder ,Right Handed Bat ,Right-arm medium,24,30,15,1,40,24,12,1,1253,338,152,9,2167,398,145,11,367,64,36,9,35.8,18.78,15.2,9,57.83,84.93,104.83,81.82,152,33,11,1,17,5,6,0,4,2,3,0,1,2,0,0,3,0,0,0,1,0,0,0,2022,988,82,38,2.93,944,994,2,26,6.32,174,272,0,13,9.38,6,16,0,0,16
122,Anrich Nortje,South Africa,32,Bowler ,Right Handed Bat ,Right-arm fast,19,22,47,49,33,7,14,18,187,40,30,49,618,59,50,50,40,10,12,23,7.79,6.67,3.75,7,30.26,67.80,60.00,98.00,27,3,1,6,0,0,1,0,8,1,2,3,0,0,0,0,0,0,0,0,0,0,0,0,3057,1870,81,70,3.67,1006,982,4,36,5.86,977,1186,0,56,7.28,1120,1696,1,61,9.09
123,Ryan Rickelton,South Africa,30,WK-Batsman ,Left Handed Bat,,15,17,29,26,27,17,29,26,897,454,741,836,1697,527,493,497,259,103,77,123,37.38,28.38,28.5,34.83,52.86,86.15,150.31,168.21,106,47,57,78,7,6,42,55,1,2,2,0,1,1,4,5,2,1,0,1,1,0,0,0,0,0,0,0,0,0,0,0,0,0,0,0,0,0,0,0,0,0,0,0
124,Tristan Stubbs,South Africa,26,WK-Batsman ,Right Handed Bat ,Right-arm offbreak,14,15,52,46,26,15,43,43,759,392,967,980,1632,462,727,648,122,112,76,71,31.63,30.15,30.22,39.2,46.51,84.85,133.02,151.24,62,19,75,69,12,10,37,46,2,4,3,2,3,3,2,5,2,1,0,0,0,0,0,0,0,0,0,0,0,12,15,0,0,7.5,12,41,0,0,20.5,36,69,0,4,11.5
125,Kyle Verreynne,South Africa,29,WK-Batsman ,Right Handed Bat ,Right-arm offbreak,31,19,0,0,48,16,0,0,1266,533,0,0,2271,588,0,0,136,95,0,0,30.14,38.07,0,0,55.75,90.65,0,0,131,41,0,0,14,11,0,0,4,0,0,0,3,5,0,0,4,0,0,0,0,0,0,0,0,0,0,0,0,0,0,0,0,0,0,0,0,0,0,0,0,0,0,0
126,Lizaad Williams,South Africa,32,Bowler ,Left Handed Bat ,Right-arm fast-medium,2,8,20,2,3,4,10,1,25,18,14,1,71,26,26,2,13,13,5,1,8.33,4.5,2.33,0,35.22,69.24,53.85,50.00,4,2,0,0,0,0,0,0,1,0,3,0,0,0,0,0,0,0,0,0,0,0,0,0,185,105,5,3,3.41,406,398,5,16,5.88,389,623,0,24,9.61,36,72,0,1,12
127,Martin Guptill,New Zealand,39,Batsman ,Right Handed Bat ,Right-arm offbreak,47,198,122,13,89,195,118,13,2586,7346,3531,270,5548,8414,2602,196,189,237,105,50,29.39,41.5,31.81,22.5,46.62,87.31,135.71,137.76,326,751,310,24,23,187,173,15,10,16,3,1,17,39,20,1,3,18,2,0,0,1,0,0,428,298,9,8,4.18,109,98,0,4,5.39,6,11,0,0,11,0,0,0,0,0
128,Ross Taylor,Samoa,42,Batsman ,Right Handed Bat ,Right-arm offbreak,112,236,106,55,196,220,97,54,7684,8602,1954,1017,12957,10331,1611,822,290,181,63,81,44.16,47.52,25.05,25.43,59.31,83.27,121.30,123.73,932,712,124,66,55,147,72,46,14,9,6,3,35,51,7,3,19,21,0,0,3,0,0,0,99,48,3,3,2.91,42,35,0,0,5,0,0,0,0,0,12,24,0,0,12
129,Kane Williamson,New Zealand,36,Batsman ,Right Handed Bat ,Right-arm offbreak,110,175,93,79,195,167,90,77,9515,7256,2575,2128,18306,8893,2094,1694,251,148,95,89,54.06,48.37,33.01,35.47,51.98,81.60,122.98,125.62,1063,669,245,185,28,60,58,64,12,6,4,2,38,47,18,18,33,15,0,0,6,0,0,0,2151,1207,48,30,3.37,1467,1310,2,37,5.36,118,164,0,6,8.34,18,31,0,0,10.33
130,Colin Munro,New Zealand,39,Batsman ,Left Handed Bat ,Right-arm medium,1,57,65,13,2,53,62,12,15,1271,1724,177,26,1214,1102,141,15,87,109,40,7.5,24.92,31.35,14.75,57.70,104.70,156.45,125.54,3,137,132,19,0,36,107,8,1,7,5,2,0,8,11,0,0,0,3,0,0,0,0,0,108,40,4,2,2.22,552,481,1,7,5.23,118,186,0,4,9.46,12,15,0,0,7.5
131,Henry Nicholls,New Zealand,34,Batsman ,Left Handed Bat ,Right-arm offbreak,60,92,10,0,94,90,9,0,3358,2415,100,0,6542,3065,112,0,200,124,36,0,39.51,32.64,12.5,0,51.33,78.80,89.29,0,370,226,9,0,9,19,0,0,6,8,0,0,12,17,0,0,11,1,0,0,1,0,0,0,0,0,0,0,0,0,0,0,0,0,0,0,0,0,0,0,0,0,0,0
132,James Neesham,New Zealand,35,Batting Allrounder ,Left Handed Bat ,Right-arm fast-medium,12,76,104,14,22,65,77,10,709,1495,1105,92,1069,1496,761,93,137,97,48,22,33.76,28.21,20.09,10.22,66.33,99.94,145.21,98.93,88,128,85,6,11,38,55,2,2,3,7,2,4,7,0,0,2,0,0,0,0,0,0,0,1076,675,18,14,3.76,2448,2556,6,71,6.26,1051,1611,0,64,9.2,216,334,0,8,9.28
133,Colin de,New Zealand,40,Batting Allrounder ,Right Handed Bat ,Right-arm fast-medium,29,45,41,25,44,35,39,21,1432,742,503,303,1780,699,365,225,120,74,59,40,38.7,26.5,15.72,18.94,80.45,106.16,137.81,134.67,141,58,27,18,41,29,30,18,6,2,6,3,8,4,3,0,2,0,0,0,0,0,0,0,4054,1615,163,49,2.39,1548,1230,10,30,4.77,321,461,0,12,8.62,216,319,0,6,8.86
134,Mitchell Santner,New Zealand,34,Bowling Allrounder ,Left Handed Bat ,Left-arm orthodox,33,129,137,35,46,95,92,21,1089,1648,1108,136,2315,1789,848,123,126,67,77,22,24.75,27.02,20.52,17,47.05,92.12,130.67,110.57,121,117,90,9,32,53,43,6,4,3,6,1,4,3,2,0,1,0,0,0,0,0,0,0,5697,2716,189,80,2.86,6146,4870,30,139,4.75,2832,3387,3,142,7.18,687,860,0,30,7.51
135,Tom Latham,New Zealand,34,WK-Batsman ,Left Handed Bat ,Right-arm medium,95,171,29,0,171,158,26,0,6451,4664,597,0,13390,5519,545,0,264,145,65,0,39.1,34.04,27.14,0,48.18,84.51,109.55,0,722,390,51,0,22,62,11,0,15,14,1,0,31,27,4,0,17,8,0,0,2,0,0,0,0,0,0,0,0,0,0,0,0,0,0,0,0,0,0,0,0,0,0,0
136,Tom Blundell,New Zealand,36,WK-Batsman ,Right Handed Bat ,Right-arm offbreak,48,12,9,0,79,12,8,0,2482,266,91,0,4612,307,94,0,186,68,30,0,34.47,29.56,15.17,0,53.82,86.65,96.81,0,297,28,10,0,19,2,0,0,6,0,0,0,12,2,0,0,6,0,0,0,0,0,0,0,18,13,0,0,4.33,0,0,0,0,0,0,0,0,0,0,0,0,0,0,0
137,Trent Boult,New Zealand,37,Bowler ,Right Handed Bat ,Left-arm fast-medium,78,114,61,124,94,52,15,31,759,216,58,93,1264,279,64,85,52,21,16,17,15.81,9,8.29,9.3,60.05,77.42,90.63,109.42,82,20,3,5,30,7,2,4,13,2,1,3,1,0,0,0,0,0,0,0,0,0,0,0,17417,8717,655,317,3,6180,5146,76,211,5,1389,1779,4,83,7.68,2780,3935,11,145,8.49
138,Matt Henry,New Zealand,34,Bowler ,Right Handed Bat ,Right-arm fast-medium,35,95,42,9,49,38,14,2,676,270,47,7,895,290,50,10,72,48,12,5,15.72,10.38,5.88,3.5,75.54,93.11,94.00,70.00,91,22,4,1,21,11,1,0,11,7,3,0,4,0,0,0,0,0,0,0,0,0,0,0,7642,3959,267,152,3.11,4946,4298,61,172,5.21,863,1223,2,53,8.5,162,311,0,4,11.52
139,Tim Southee,New Zealand,37,Bowler ,Right Handed Bat ,Right-arm fast-medium,107,161,126,54,155,96,50,20,2245,742,303,120,2715,771,218,107,77,55,39,36,15.48,12.16,11.22,9.23,82.69,96.24,139.00,112.15,215,59,20,8,98,26,18,4,21,13,6,3,7,1,0,0,0,0,0,0,0,0,0,0,23490,11832,888,391,3.02,8075,7447,80,221,5.53,2753,3671,7,164,8,1206,1742,2,47,8.67
140,Ish Sodhi,New Zealand,33,Bowler ,Right Handed Bat ,Right-arm legbreak,21,54,141,8,31,26,43,2,561,210,242,7,1194,289,223,17,65,35,33,6,20.78,9.55,8.64,3.5,46.99,72.67,108.53,41.18,68,8,13,0,7,10,13,0,5,6,6,0,4,0,0,0,0,0,0,0,0,0,0,0,4043,2500,91,58,3.71,2557,2350,12,64,5.51,2792,3798,0,165,8.16,181,202,1,9,6.7
141,Lockie Ferguson,New Zealand,35,Bowler ,Right Handed Bat ,Right-arm fast,1,65,53,52,2,30,17,11,1,122,38,72,9,235,47,47,1,19,14,24,0,7.18,4.22,24,11.12,51.92,80.86,153.20,0,6,0,7,0,3,2,2,0,4,4,1,0,0,0,0,0,0,0,0,0,0,0,0,66,47,1,0,4.27,3300,3124,13,99,5.68,1109,1354,6,76,7.33,1089,1671,1,52,9.21
142,Finn Allen,New Zealand,27,Batsman ,Right Handed Bat,,0,22,61,11,0,21,61,11,0,582,1663,349,0,624,974,163,0,96,137,100,0,27.71,28.67,34.9,0,93.27,170.74,214.12,0,78,146,33,0,14,115,28,0,3,5,0,0,5,7,1,0,0,3,1,0,0,0,0,0,0,0,0,0,0,0,0,0,0,0,0,0,0,0,0,0,0,0,0
143,Michael Bracewell,New Zealand,35,Batting Allrounder ,Left Handed Bat ,Right-arm offbreak,10,48,47,5,17,41,31,4,339,1042,434,58,594,969,324,47,74,140,61,26,21.19,35.93,19.73,29,57.08,107.54,133.96,123.41,44,87,36,6,2,44,17,1,1,1,4,0,1,3,2,0,0,2,0,0,0,0,0,0,1995,1198,52,25,3.6,1936,1591,10,46,4.93,624,771,1,35,7.41,66,95,0,6,8.64
144,Mark Chapman,New Zealand,32,Batsman ,Left Handed Bat ,Left-arm orthodox,0,37,112,0,0,33,95,0,0,1057,2074,0,0,1015,1528,0,0,132,104,0,0,36.45,25.93,0,0,104.14,135.74,0,0,97,176,0,0,37,83,0,0,3,6,0,0,5,10,0,0,3,1,0,0,0,0,0,0,0,0,0,0,0,0,0,0,0,84,99,0,4,7.07,0,0,0,0,0
145,Devon Conway,New Zealand,35,WK-Batsman ,Left Handed Bat ,Right-arm medium,36,43,69,29,67,42,63,28,2761,1692,1839,1080,5091,1926,1430,773,227,152,99,92,42.48,43.38,35.37,43.2,54.24,87.86,128.61,139.72,349,210,178,116,18,22,52,34,5,2,3,3,13,6,13,11,8,5,0,0,2,0,0,0,0,0,0,0,0,0,0,0,0,0,0,0,0,0,0,0,0,0,0,0
146,Kyle Jamieson,New Zealand,31,Bowler ,Right Handed Bat ,Right-arm fast-medium,21,23,32,15,30,10,15,10,523,101,95,77,872,115,77,73,51,25,30,16,20.92,25.25,10.56,15.4,59.98,87.83,123.38,105.48,49,7,10,6,13,3,0,4,3,0,1,0,1,0,0,0,0,0,0,0,0,0,0,0,3948,1821,199,90,2.77,1108,980,18,30,5.31,671,1073,2,30,9.59,300,506,1,16,10.12
147,Daryl Mitchell,New Zealand,35,Batting Allrounder ,Right Handed Bat ,Right-arm medium,39,62,103,15,62,57,90,15,2411,2811,1879,351,4542,2975,1337,267,190,137,72,63,43.05,57.37,26.84,27,53.09,94.49,140.54,131.47,235,230,129,28,43,72,72,10,2,0,2,0,16,13,8,2,6,9,0,0,0,0,0,0,805,410,32,4,3.06,339,335,1,14,5.93,115,212,0,9,11.06,48,97,0,1,12.13
148,William ORourke,New Zealand,25,Bowler ,Right Handed Bat ,Right-arm fast-medium,14,20,7,3,25,6,1,0,38,13,0,0,263,31,0,0,19,6,0,0,3.8,3.25,0,0,14.45,41.94,0,0,5,0,0,0,0,0,0,0,7,0,1,0,0,0,0,0,0,0,0,0,0,0,0,0,2047,1203,76,49,3.53,982,922,5,27,5.63,162,188,0,7,6.96,62,132,0,6,12.77
149,Ajaz Patel,New Zealand,37,Bowler ,Left Handed Bat ,Left-arm orthodox,22,0,7,0,32,0,2,0,219,0,7,0,575,0,14,0,35,0,4,0,11.53,0,3.5,0,38.09,0,50.00,0,22,0,0,0,5,0,0,0,1,0,0,0,0,0,0,0,0,0,0,0,0,0,0,0,5020,2623,159,91,3.14,0,0,0,0,0,156,118,0,11,4.54,0,0,0,0,0
150,Glenn Phillips,New Zealand,29,WK-Batsman ,Right Handed Bat ,Right-arm offbreak,19,47,96,14,33,39,85,13,956,1262,2285,132,1317,1223,1602,109,100,106,108,25,35.41,42.07,31.74,12,72.59,103.19,142.64,121.11,106,92,171,7,27,51,108,8,2,1,3,1,5,5,12,0,1,2,2,0,0,0,0,0,1722,1024,26,33,3.57,816,825,1,16,6.07,230,327,0,9,8.53,30,40,0,2,8
151,Rachin Ravindra,New Zealand,26,Batting Allrounder ,Left Handed Bat ,Left-arm orthodox,24,39,51,18,44,35,46,18,1865,1424,759,413,2901,1324,561,287,240,123,69,65,47.82,41.88,20.51,24.29,64.29,107.56,135.30,143.91,216,156,60,40,24,34,32,16,2,2,3,2,7,6,4,2,5,5,0,0,1,0,0,0,1050,527,34,11,3.01,979,951,2,21,5.83,390,454,1,26,6.98,12,7,0,0,3.5
152,Tim Robinson,New Zealand,24,Batsman ,Right Handed Bat ,Right-arm medium,0,3,31,0,0,3,28,0,0,48,665,0,0,47,486,0,0,35,106,0,0,16,26.6,0,0,102.13,136.84,0,0,7,58,0,0,0,26,0,0,0,3,0,0,0,2,0,0,0,1,0,0,0,0,0,0,0,0,0,0,0,0,0,0,0,0,0,0,0,0,0,0,0,0,0
153,Tim Seifert,New Zealand,31,WK-Batsman ,Right Handed Bat,,0,4,89,6,0,3,84,6,0,59,2279,45,0,56,1557,41,0,26,97,21,0,19.67,31.22,7.5,0,105.36,146.38,109.76,0,3,213,6,0,2,110,1,0,0,5,2,0,0,17,0,0,0,0,0,0,0,0,0,0,0,0,0,0,0,0,0,0,0,0,0,0,0,0,0,0,0,0,0
154,Will Young,New Zealand,33,Batsman ,Right Handed Bat ,Right-arm offbreak,23,63,20,0,41,63,19,0,1215,2050,344,0,2594,2424,338,0,89,120,56,0,31.97,35.34,18.11,0,46.84,84.58,101.78,0,153,228,35,0,5,29,10,0,1,7,0,0,11,12,2,0,0,4,0,0,0,0,0,0,0,0,0,0,0,0,0,0,0,0,0,0,0,0,0,0,0,0,0,0
155,Fakhar Zaman,Pakistan,36,Batsman ,Left Handed Bat ,Left-arm orthodox,3,92,119,0,6,91,110,0,192,3861,2494,0,359,4145,1882,0,94,210,91,0,32,45.42,23.98,0,53.49,93.15,132.52,0,20,431,233,0,1,83,99,0,0,8,6,0,2,19,14,0,0,11,0,0,0,1,0,0,0,0,0,0,0,135,111,0,1,4.93,6,12,0,0,12,0,0,0,0,0
156,Imam,Pakistan,30,Batsman ,Left Handed Bat,,31,75,2,0,58,74,2,0,1865,3152,21,0,3904,3846,25,0,157,151,14,0,34.54,46.35,10.5,0,47.78,81.96,84.00,0,202,253,2,0,13,30,0,0,6,3,0,0,11,20,0,0,3,9,0,0,0,0,0,0,12,9,0,0,4.5,0,0,0,0,0,0,0,0,0,0,0,0,0,0,0
157,Babar Azam,Pakistan,31,Batsman ,Right Handed Bat ,Right-arm offbreak,66,143,144,0,122,140,136,0,4771,6626,4596,0,8613,7652,3590,0,196,158,122,0,42.98,53.44,38.95,0,55.40,86.60,128.03,0,567,610,477,0,28,69,80,0,8,5,10,0,34,38,39,0,9,20,3,0,0,0,0,0,90,42,2,2,2.8,0,0,0,0,0,0,0,0,0,0,0,0,0,0,0
158,Asif Ali,Pakistan,34,Batsman ,Right Handed Bat ,Right-arm medium,0,21,58,0,0,16,51,0,0,382,577,0,0,314,431,0,0,52,41,0,0,25.47,15.18,0,0,121.66,133.88,0,0,22,27,0,0,21,37,0,0,0,4,0,0,3,0,0,0,0,0,0,0,0,0,0,0,0,0,0,0,5,9,0,0,0,0,0,0,0,0,0,0,0,0,0
159,Haris Sohail,Pakistan,37,Batting Allrounder ,Left Handed Bat ,Left-arm orthodox,16,45,14,0,27,44,13,0,847,1749,210,0,1936,2045,204,0,147,130,52,0,32.58,44.85,19.09,0,43.75,85.53,102.95,0,74,138,16,0,13,28,3,0,1,1,1,0,3,14,2,0,2,2,0,0,0,0,0,0,630,294,12,13,2.8,642,613,0,11,5.73,0,0,0,0,0,0,0,0,0,0
160,Mohammad Hafeez,Pakistan,45,Batting Allrounder ,Right Handed Bat ,Right-arm offbreak,55,218,119,8,105,216,108,8,3652,6614,2514,64,6520,8634,2060,83,224,140,99,16,37.65,32.91,26.46,9.14,56.02,76.61,122.04,77.11,455,664,251,7,28,110,76,2,8,19,7,0,12,38,14,0,10,11,0,0,1,0,0,0,4067,1808,118,53,2.67,7733,5401,48,139,4.19,1261,1388,3,61,6.6,60,68,0,2,6.8
161,Shoaib Malik,Pakistan,44,Batting Allrounder ,Right Handed Bat ,Right-arm offbreak,35,287,124,7,60,258,111,5,1898,7534,2435,52,4155,9199,1938,47,245,143,75,24,35.15,34.56,31.22,13,45.68,81.91,125.65,110.64,239,603,196,5,17,113,69,0,6,15,2,0,8,44,9,0,3,9,0,0,1,0,0,0,2712,1519,61,32,3.36,7958,6192,38,158,4.67,570,675,0,28,7.11,51,85,0,2,10
162,Shadab Khan,Pakistan,27,Bowling Allrounder ,Right Handed Bat ,Right-arm legbreak,6,73,123,0,11,46,69,0,300,955,1009,0,479,1143,700,0,56,86,52,0,33.33,28.09,19.4,0,62.64,83.56,144.15,0,38,54,73,0,0,22,50,0,0,3,6,0,3,5,1,0,0,0,0,0,0,0,0,0,954,513,19,14,3.23,3544,3098,13,87,5.24,2425,2991,3,123,7.4,0,0,0,0,0
163,Imad Wasim,Pakistan,37,Bowling Allrounder ,Left Handed Bat ,Left-arm orthodox,0,55,75,0,0,40,50,0,0,986,554,0,0,894,426,0,0,63,64,0,0,42.87,15.83,0,0,110.30,130.05,0,0,91,55,0,0,19,12,0,0,1,6,0,0,5,1,0,0,0,0,0,0,0,0,0,0,0,0,0,0,2403,1957,8,44,4.89,1536,1588,4,73,6.2,0,0,0,0,0
164,Sarfaraz Ahmed,Pakistan,39,WK-Batsman ,Right Handed Bat,,54,117,61,0,95,91,42,0,3031,2315,818,0,4320,2635,653,0,118,105,89,0,36.96,33.55,27.27,0,70.17,87.86,125.27,0,309,174,79,0,9,12,15,0,4,1,2,0,21,11,3,0,4,2,0,0,0,0,0,0,0,0,0,0,0,12,15,0,0,7.5,0,0,0,0,0,0,0,0,0,0
165,Wahab Riaz,Pakistan,41,Bowler ,Right Handed Bat ,Left-arm fast,27,91,36,0,41,66,18,0,306,740,154,0,727,849,123,0,39,54,30,0,8.5,14.51,12.83,0,42.10,87.17,125.21,0,32,55,10,0,5,30,7,0,9,12,2,0,0,3,0,0,0,0,0,0,0,0,0,0,5018,2864,118,83,3.42,4327,4117,20,120,5.71,710,971,2,34,8.21,0,0,0,0,0
166,Shaheen Afridi,Pakistan,26,Bowler ,Left Handed Bat ,Left-arm fast-medium,34,77,103,0,47,44,42,0,269,332,345,0,628,392,274,0,29,37,33,0,7.27,13.28,14.38,0,42.84,84.70,125.92,0,34,28,19,0,5,13,25,0,13,6,7,0,0,0,0,0,0,0,0,0,0,0,0,0,6684,3545,221,126,3.18,3859,3578,32,146,5.56,2223,2904,3,136,7.84,0,0,0,0,0
167,Hasan Ali,Pakistan,32,Bowler ,Right Handed Bat ,Right-arm fast-medium,27,68,57,0,44,39,22,0,407,383,147,0,590,330,86,0,30,59,23,0,11.31,13.68,13.36,0,68.99,116.07,170.94,0,38,28,7,0,20,24,12,0,8,5,4,0,0,2,0,0,0,0,0,0,0,0,0,0,4825,2472,176,88,3.07,3286,3179,18,102,5.8,1155,1678,5,72,8.72,0,0,0,0,0
168,Mohammad Hasnain,Pakistan,26,Bowler ,Right Handed Bat ,Right-arm fast-medium,0,15,28,0,0,7,12,0,0,53,24,0,0,34,26,0,0,28,8,0,0,17.67,24,0,0,155.89,92.31,0,0,9,2,0,0,1,1,0,0,1,0,0,0,0,0,0,0,0,0,0,0,0,0,0,0,0,0,0,0,718,755,6,17,6.31,618,877,0,25,8.51,0,0,0,0,0
169,Mohammad Amir,Pakistan,34,Bowler ,Left Handed Bat ,Left-arm fast-medium,36,61,62,0,67,30,17,0,751,363,65,0,1980,444,76,0,48,73,21,0,13.41,18.15,7.22,0,37.93,81.76,85.53,0,91,32,3,0,3,8,3,0,7,5,2,0,0,2,0,0,0,0,0,0,0,0,0,0,7619,3627,291,119,2.86,3013,2400,34,81,4.78,1321,1558,6,71,7.08,0,0,0,0,0
170,Aamer Jamal,Pakistan,30,Bowling Allrounder ,Right Handed Bat ,Right-arm fast-medium,9,3,6,0,17,2,5,0,355,5,88,0,631,9,49,0,82,5,41,0,23.67,0,22,0,56.26,55.56,179.60,0,40,1,5,0,6,0,7,0,3,0,0,0,2,0,0,0,0,0,0,0,0,0,0,0,1043,810,10,23,4.66,96,85,2,3,5.31,101,187,0,2,11.11,0,0,0,0,0
171,Abrar Ahmed,Pakistan,28,Bowler ,Right Handed Bat ,Right-arm legbreak,10,19,38,0,15,9,9,0,68,28,4,0,120,29,12,0,17,23,2,0,8.5,14,1.33,0,56.67,96.56,33.34,0,8,5,0,0,3,0,0,0,1,1,2,0,0,0,0,0,0,0,0,0,0,0,0,0,2631,1580,59,46,3.6,1044,753,11,35,4.33,812,903,1,52,6.67,0,0,0,0,0
172,Salman Agha,Pakistan,32,Batting Allrounder ,Right Handed Bat ,Right-arm offbreak,28,53,51,0,53,45,48,0,1708,1566,916,0,2780,1637,744,0,132,134,76,0,36.34,42.32,22.9,0,61.44,95.67,123.12,0,185,138,80,0,17,29,32,0,4,0,4,0,12,9,6,0,3,3,0,0,0,0,0,0,1946,1223,30,20,3.77,1102,1065,0,20,5.8,120,152,0,6,7.6,0,0,0,0,0
173,Azam Khan,Pakistan,28,WK-Batsman ,Right Handed Bat,,0,0,14,0,0,0,13,0,0,0,88,0,0,0,66,0,0,0,30,0,0,0,8.8,0,0,0,133.34,0,0,0,6,0,0,0,7,0,0,0,4,0,0,0,0,0,0,0,0,0,0,0,0,0,0,0,0,0,0,0,0,0,0,0,0,0,0,0,0,0,0,0,0,0
174,Faheem Ashraf,Pakistan,32,Bowling Allrounder ,Left Handed Bat ,Right-arm medium,17,45,84,0,27,31,59,0,687,410,595,0,1268,479,433,0,91,73,51,0,26.42,14.64,13.52,0,54.18,85.60,137.42,0,100,36,40,0,3,13,33,0,4,2,6,0,4,1,1,0,0,0,0,0,0,0,0,0,1908,991,79,25,3.12,1726,1508,9,33,5.24,1173,1540,1,61,7.88,0,0,0,0,0
175,Haris Rauf,Pakistan,32,Bowler ,Right Handed Bat ,Right-arm fast,1,59,94,0,2,24,31,0,12,108,143,0,34,144,121,0,12,35,34,0,6,6.75,8.41,0,35.30,75.00,118.19,0,0,6,8,0,0,9,9,0,1,3,5,0,0,0,0,0,0,0,0,0,0,0,0,0,78,78,1,1,6,2850,2750,18,107,5.79,2009,2806,2,133,8.38,0,0,0,0,0
176,Iftikhar Ahmed,Pakistan,36,Batting Allrounder ,Right Handed Bat ,Right-arm offbreak,4,28,66,0,6,24,55,0,61,614,998,0,143,576,773,0,27,109,62,0,12.2,38.38,24.34,0,42.66,106.60,129.11,0,5,52,67,0,0,20,44,0,1,0,2,0,0,1,4,0,0,1,0,0,0,0,0,0,206,161,1,1,4.69,796,742,4,16,5.59,295,349,0,8,7.1,0,0,0,0,0
177,Irfan Khan,Pakistan,23,Batting Allrounder ,Right Handed Bat ,Right-arm fast-medium,0,9,14,0,0,6,11,0,0,48,189,0,0,74,140,0,0,22,37,0,0,8,27,0,0,64.87,135.00,0,0,3,20,0,0,1,7,0,0,1,1,0,0,0,0,0,0,0,0,0,0,0,0,0,0,0,0,0,0,30,51,0,3,10.2,0,0,0,0,0,0,0,0,0,0
178,Kamran Ghulam,Pakistan,30,Batting Allrounder ,Right Handed Bat ,Left-arm orthodox,6,10,0,0,11,7,0,0,312,210,0,0,552,212,0,0,118,103,0,0,28.36,30,0,0,56.53,99.06,0,0,39,19,0,0,2,9,0,0,0,1,0,0,1,1,0,0,1,1,0,0,0,0,0,0,18,16,0,0,5.33,24,16,0,1,4,0,0,0,0,0,0,0,0,0,0
179,Khushdil Shah,Pakistan,31,Batting Allrounder ,Left Handed Bat ,Left-arm orthodox,0,15,38,0,0,12,33,0,0,328,434,0,0,334,417,0,0,69,36,0,0,32.8,17.36,0,0,98.21,104.08,0,0,25,27,0,0,10,20,0,0,0,0,0,0,1,0,0,0,0,0,0,0,0,0,0,0,0,0,0,0,327,332,0,4,6.09,108,128,0,6,7.11,0,0,0,0,0
180,Mohammad Abbas,Pakistan,36,Bowler ,Right Handed Bat ,Right-arm fast-medium,33,3,0,0,52,0,0,0,240,0,0,0,907,0,0,0,42,0,0,0,8.57,0,0,0,26.47,0,0,0,29,0,0,0,5,0,0,0,7,0,0,0,0,0,0,0,0,0,0,0,0,0,0,0,6915,2971,312,131,2.58,162,153,0,1,5.67,0,0,0,0,0,0,0,0,0,0
181,Mohammad Rizwan,Pakistan,34,WK-Batsman ,Right Handed Bat,,47,103,106,0,80,94,93,0,2682,2979,3414,0,4933,3519,2723,0,171,131,104,0,37.77,40.81,46.77,0,54.37,84.66,125.38,0,276,254,286,0,18,37,95,0,4,3,5,0,14,19,30,0,3,4,1,0,0,0,0,0,0,0,0,0,0,0,0,0,0,0,0,0,0,0,0,0,0,0,0,0
182,Naseem Shah,Pakistan,23,Bowler ,Right Handed Bat ,Right-arm fast,20,34,37,0,27,18,14,0,144,224,62,0,457,253,57,0,33,51,16,0,7.58,22.4,6.89,0,31.51,88.54,108.78,0,15,13,6,0,8,12,3,0,5,1,4,0,0,1,0,0,0,0,0,0,0,0,0,0,3411,2108,85,60,3.71,1701,1555,7,60,5.49,780,1057,0,32,8.13,0,0,0,0,0
183,Saud Shakeel,Pakistan,31,Batting Allrounder ,Left Handed Bat ,Left-arm orthodox,26,19,0,0,50,16,0,0,2006,408,0,0,3967,478,0,0,208,68,0,0,42.68,27.2,0,0,50.57,85.36,0,0,211,45,0,0,4,1,0,0,4,0,0,0,11,4,0,0,4,0,0,0,1,0,0,0,49,70,0,0,8.57,47,37,0,1,4.72,0,0,0,0,0,0,0,0,0,0
184,Shan Masood,Pakistan,36,Batsman ,Left Handed Bat ,Right-arm medium,50,9,19,0,96,9,17,0,2926,163,396,0,5561,234,324,0,156,50,66,0,30.8,18.11,30.46,0,52.62,69.66,122.23,0,288,19,30,0,25,0,7,0,9,2,2,0,15,1,3,0,7,0,0,0,0,0,0,0,144,92,6,2,3.83,0,0,0,0,0,0,0,0,0,0,0,0,0,0,0
185,Asghar Afghan,Afghanistan,38,Batsman ,Right Handed Bat ,Right-arm fast-medium,6,114,75,0,10,108,68,0,440,2424,1382,0,771,3631,1247,0,164,101,62,0,44,24.48,21.94,0,57.07,66.76,110.83,0,37,163,87,0,11,65,69,0,1,7,5,0,3,12,4,0,1,1,0,0,0,0,0,0,18,17,0,0,5.67,139,91,1,3,3.93,4,4,0,1,0,0,0,0,0,0
186,Hashmatullah Shahidi,Afghanistan,31,Batsman ,Left Handed Bat ,Right-arm offbreak,12,100,6,0,23,98,4,0,796,2681,48,0,1687,3904,55,0,246,102,36,0,41.89,33.94,24,0,47.19,68.68,87.28,0,92,233,5,0,1,16,0,0,0,6,0,0,2,22,0,0,2,1,0,0,2,0,0,0,264,164,1,1,3.73,84,90,1,0,6.43,0,0,0,0,0,0,0,0,0,0
187,Hazratullah Zazai,Afghanistan,28,Batsman ,Left Handed Bat ,Left-arm orthodox,0,16,45,0,0,16,45,0,0,361,1161,0,0,409,874,0,0,67,162,0,0,22.56,27.64,0,0,88.27,132.84,0,0,38,110,0,0,17,66,0,0,1,3,0,0,2,3,0,0,0,1,0,0,0,0,0,0,0,0,0,0,0,0,0,0,0,0,0,0,0,0,0,0,0,0,0
188,Najibullah Zadran,Afghanistan,33,Batsman ,Left Handed Bat ,Right-arm offbreak,0,92,107,0,0,84,95,0,0,2060,1830,0,0,2312,1328,0,0,104,73,0,0,29.01,29.05,0,0,89.11,137.81,0,0,178,126,0,0,68,97,0,0,4,7,0,0,15,8,0,0,1,0,0,0,0,0,0,0,0,0,0,0,30,30,0,0,6,0,0,0,0,0,0,0,0,0,0
189,Noor Ali,Afghanistan,38,Batsman ,Right Handed Bat ,Right-arm fast-medium,2,51,22,0,4,50,23,0,117,1216,597,0,281,1924,586,0,47,114,63,0,29.25,24.32,27.14,0,41.64,63.21,101.88,0,14,132,55,0,0,4,9,0,0,4,1,0,0,7,4,0,0,1,0,0,0,0,0,0,0,0,0,0,0,0,0,0,0,0,0,0,0,0,0,0,0,0,0,0
190,Rahmat Shah,Afghanistan,33,Batsman ,Right Handed Bat ,Right-arm legbreak,12,132,1,0,23,127,1,0,1043,4301,3,0,1971,5951,6,0,234,143,3,0,45.35,35.55,3,0,52.92,72.28,50.00,0,126,373,0,0,8,42,0,0,4,5,0,0,6,33,0,0,3,6,0,0,1,0,0,0,84,53,1,1,3.79,543,532,2,15,5.88,0,0,0,0,0,0,0,0,0,0
191,Gulbadin Naib,Afghanistan,35,Batting Allrounder ,Right Handed Bat ,Right-arm fast-medium,0,89,85,2,0,78,73,1,0,1332,1072,19,0,1767,877,15,0,82,63,19,0,19.88,20.23,19,0,75.39,122.24,126.67,0,115,78,1,0,33,49,1,0,7,8,0,0,5,4,0,0,0,0,0,0,0,0,0,0,0,0,0,0,2883,2675,12,74,5.57,697,925,1,35,7.96,6,12,0,0,12
192,Samiullah Shinwari,Afghanistan,39,Batting Allrounder ,Right Handed Bat ,Right-arm legbreak,0,84,64,0,0,74,56,0,0,1811,1013,0,0,2765,858,0,0,96,61,0,0,29.21,22.02,0,0,65.50,118.07,0,0,137,76,0,0,26,37,0,0,1,2,0,0,11,2,0,0,0,0,0,0,0,0,0,0,0,0,0,0,2111,1729,10,45,4.91,634,688,0,28,6.51,0,0,0,0,0
193,Mohammad Nabi,Afghanistan,41,Bowling Allrounder ,Right Handed Bat ,Right-arm offbreak,3,178,152,24,6,156,141,19,33,3780,2481,215,68,4302,1822,150,24,136,89,31,5.5,27.19,22.35,13.44,48.53,87.87,136.17,143.34,4,242,169,18,1,122,126,11,3,6,9,1,0,18,7,0,0,2,0,0,0,0,0,0,546,254,17,8,2.79,8054,5806,53,177,4.33,2500,3056,5,111,7.33,417,517,0,15,7.44
194,Rashid Khan,Afghanistan,27,Bowling Allrounder ,Right Handed Bat ,Right-arm legbreak,6,123,116,153,9,95,71,74,154,1469,623,635,180,1416,480,406,51,60,48,79,17.11,18.83,14.49,13.8,85.56,103.75,129.80,156.41,18,128,41,45,4,51,40,43,0,8,8,16,1,5,0,1,0,0,0,0,0,0,0,0,1864,920,53,45,2.96,6174,4392,39,226,4.27,2652,2684,2,193,6.07,3530,4282,4,179,7.28
195,Mohammad Shahzad,Afghanistan,39,WK-Batsman ,Right Handed Bat,,2,84,72,0,4,84,73,0,69,2727,2048,0,133,3081,1550,0,40,131,118,0,17.25,33.67,29.26,0,51.88,88.52,132.13,0,12,323,229,0,1,55,76,0,0,4,4,0,0,14,12,0,0,6,1,0,0,0,0,0,0,0,0,0,0,0,0,0,0,0,0,0,0,0,0,0,0,0,0,0
196,Aftab Alam,Afghanistan,33,Bowler ,Right Handed Bat ,Right-arm fast-medium,0,27,12,0,0,17,5,0,0,80,2,0,0,107,9,0,0,16,1,0,0,11.43,1,0,0,74.77,22.23,0,0,9,0,0,0,3,0,0,0,3,1,0,0,0,0,0,0,0,0,0,0,0,0,0,0,0,0,0,0,1257,1033,14,41,4.93,245,324,0,11,7.93,0,0,0,0,0
197,Dawlat Zadran,Afghanistan,38,Bowler ,Right Handed Bat ,Right-arm fast-medium,0,82,33,0,0,56,17,0,0,513,68,0,0,664,42,0,0,47,13,0,0,17.1,7.56,0,0,77.26,161.91,0,0,40,4,0,0,21,6,0,0,7,3,0,0,0,0,0,0,0,0,0,0,0,0,0,0,0,0,0,0,3769,3423,42,115,5.45,741,980,2,40,7.94,0,0,0,0,0
198,Hamid Hassan,Afghanistan,39,Bowler ,Right Handed Bat ,Right-arm fast,0,38,25,0,0,22,9,0,0,107,50,0,0,195,46,0,0,17,22,0,0,6.69,16.67,0,0,54.88,108.70,0,0,10,3,0,0,3,2,0,0,4,0,0,0,0,0,0,0,0,0,0,0,0,0,0,0,0,0,0,0,1734,1331,25,59,4.61,544,580,2,35,6.4,0,0,0,0,0
199,Mujeeb Ur,Afghanistan,25,Bowler ,Right Handed Bat ,Right-arm offbreak,1,75,66,20,2,40,19,7,18,236,94,12,17,262,78,15,15,64,23,10,9,9.08,10.44,4,105.89,90.08,120.52,80.00,2,25,13,2,1,9,3,0,0,12,3,2,0,1,0,0,0,0,0,0,0,0,0,0,90,75,1,1,5,3968,2863,39,101,4.33,1462,1591,2,87,6.53,446,620,0,20,8.34
200,Azmatullah Omarzai,Afghanistan,26,Bowling Allrounder ,Right Handed Bat ,Right-arm fast-medium,2,48,67,19,3,40,56,11,4,1254,872,151,16,1273,685,101,4,149,64,38,1.33,39.19,19.38,15.1,25.00,98.51,127.30,149.51,0,90,53,11,0,56,43,10,2,3,6,0,0,9,2,0,0,1,0,0,0,0,0,0,264,141,6,1,3.2,1584,1471,9,52,5.57,980,1342,1,55,8.22,354,568,0,15,9.63
201,Darwish Rasooli,Afghanistan,26,Batsman ,Right Handed Bat ,Right-arm offbreak,0,5,29,0,0,5,27,0,0,60,517,0,0,58,420,0,0,24,84,0,0,12,20.68,0,0,103.45,123.10,0,0,3,38,0,0,2,17,0,0,0,4,0,0,0,4,0,0,0,0,0,0,0,0,0,0,0,0,0,0,0,0,0,0,0,0,0,0,0,0,0,0,0,0,0
202,Fazalhaq Farooqi,Afghanistan,25,Bowler ,Right Handed Bat ,Left-arm fast-medium,0,44,55,12,0,21,16,3,0,21,17,5,0,67,37,15,0,6,4,2,0,3.5,4.25,0,0,31.35,45.95,33.34,0,2,1,0,0,0,0,0,0,4,3,0,0,0,0,0,0,0,0,0,0,0,0,0,0,0,0,0,0,1866,1810,18,54,5.82,1149,1369,4,66,7.15,254,437,0,6,10.32
203,AM Ghazanfar,Afghanistan,20,Bowler ,Right Handed Bat ,Right-arm offbreak,1,21,5,11,1,11,3,1,6,65,7,2,4,66,9,3,6,31,7,2,6,6.5,2.33,0,150.00,98.49,77.78,66.67,0,4,0,0,1,4,1,0,0,4,2,0,0,0,0,0,0,0,0,0,0,0,0,0,218,161,3,4,4.43,835,630,7,30,4.53,96,96,1,2,6,233,389,0,15,10.02
204,Ibrahim Zadran,Afghanistan,24,Batsman ,Right Handed Bat ,Right-arm fast-medium,8,46,66,0,16,46,66,0,602,2109,1876,0,1234,2573,1634,0,114,177,95,0,37.63,49.05,32.91,0,48.79,81.97,114.82,0,73,204,174,0,4,33,45,0,2,2,1,0,4,10,16,0,1,7,0,0,0,0,0,0,12,13,0,1,6.5,0,0,0,0,0,0,0,0,0,0,0,0,0,0,0
205,Karim Janat,Afghanistan,28,Bowling Allrounder ,Right Handed Bat ,Right-arm fast-medium,2,3,75,1,4,3,56,0,95,32,759,0,182,47,645,0,41,22,56,0,31.67,10.67,16.87,0,52.20,68.09,117.68,0,9,1,53,0,2,2,33,0,0,0,6,0,0,0,4,0,0,0,0,0,0,0,0,0,150,105,3,0,4.2,78,90,0,0,6.92,847,1161,0,42,8.22,6,30,0,0,30
206,Naveen,Afghanistan,26,Bowler ,Right Handed Bat ,Right-arm fast-medium,0,15,48,18,0,10,14,6,0,37,44,18,0,54,65,25,0,10,13,13,0,7.4,4.89,18,0,68.52,67.70,72.00,0,5,5,2,0,0,1,0,0,2,3,0,0,0,0,0,0,0,0,0,0,0,0,0,0,0,0,0,0,691,708,2,22,6.15,967,1255,2,67,7.79,387,591,0,25,9.16
207,Noor Ahmad,Afghanistan,21,Bowler ,Right Handed Bat ,Left-arm wrist-spin,0,13,27,51,0,6,14,17,0,46,85,31,0,64,86,58,0,26,15,8,0,9.2,8.5,2.82,0,71.88,98.84,53.45,0,5,2,2,0,0,7,1,0,1,2,2,0,0,0,0,0,0,0,0,0,0,0,0,0,0,0,0,0,635,644,1,10,6.09,492,622,0,20,7.59,1098,1495,0,61,8.17
208,Rahmanullah Gurbaz,Afghanistan,24,WK-Batsman ,Right Handed Bat,,3,59,88,18,6,59,88,18,133,2165,2280,363,235,2387,1684,269,46,151,100,81,22.17,37.33,25.91,21.35,56.60,90.70,135.40,134.95,11,196,180,34,4,85,122,22,0,3,11,2,0,8,13,2,0,9,1,0,0,0,0,0,0,0,0,0,0,0,1,0,0,0,0,0,0,0,0,0,0,0,0,0
209,Shahidullah Kamal,Afghanistan,27,Batting Allrounder ,Left Handed Bat ,Left-arm orthodox,3,3,7,0,4,3,6,0,63,39,104,0,118,71,81,0,29,37,49,0,21,13,26,0,53.39,54.93,128.40,0,8,2,10,0,0,0,4,0,1,0,2,0,0,0,0,0,0,0,0,0,0,0,0,0,30,6,1,0,1.2,18,16,0,0,5.33,18,31,0,1,10.33,0,0,0,0,0
210,Afsar Zazai,Afghanistan,33,WK-Batsman ,Right Handed Bat,,10,17,8,0,17,16,8,0,378,264,141,0,756,487,172,0,113,60,48,0,23.63,17.6,17.63,0,50.00,54.21,81.98,0,34,15,9,0,5,0,3,0,1,3,0,0,0,2,0,0,1,0,0,0,0,0,0,0,0,0,0,0,0,0,0,0,0,0,0,0,0,0,0,0,0,0,0,0
211,Lahiru Thirimanne,Sri Lanka,37,Batsman ,Left Handed Bat ,Right-arm medium,44,127,26,0,85,105,20,0,2088,3164,291,0,5294,4389,267,0,155,139,44,0,26.43,34.77,16.17,0,39.45,72.09,108.99,0,207,244,27,0,3,25,5,0,11,7,1,0,10,21,0,0,3,4,0,0,0,0,0,0,84,51,1,0,3.64,104,94,0,3,5.42,0,0,0,0,0,0,0,0,0,0
212,Dimuth Karunaratne,Sri Lanka,38,Batsman ,Left Handed Bat ,Right-arm medium,100,50,0,0,191,46,0,0,7222,1316,0,0,14024,1655,0,0,244,103,0,0,39.25,31.33,0,0,51.50,79.52,0,0,764,131,0,0,12,1,0,0,13,4,0,0,39,11,0,0,16,1,0,0,1,0,0,0,312,202,5,2,3.88,16,18,0,0,6.75,0,0,0,0,0,0,0,0,0,0
213,Avishka Fernando,Sri Lanka,28,Batsman ,Right Handed Bat ,Right-arm fast-medium,0,51,39,0,0,50,37,0,0,1589,376,0,0,1787,408,0,0,127,37,0,0,31.78,11.06,0,0,88.92,92.16,0,0,165,28,0,0,31,8,0,0,5,5,0,0,9,0,0,0,4,0,0,0,0,0,0,0,0,0,0,0,0,0,0,0,0,0,0,0,0,0,0,0,0,0,0
214,Angelo Mathews,Sri Lanka,39,Batting Allrounder ,Right Handed Bat ,Right-arm fast-medium,119,226,90,49,212,194,73,42,8214,5916,1416,724,16970,7135,1175,575,200,139,81,65,44.4,40.52,27.76,23.35,48.41,82.92,120.52,125.92,835,468,92,44,90,90,50,29,6,16,1,3,45,40,6,1,16,3,0,0,1,0,0,0,3978,1798,161,33,2.71,5324,4110,56,126,4.63,1169,1389,4,45,7.13,791,1079,0,27,8.18
215,Dhananjaya de,Sri Lanka,35,Batting Allrounder ,Right Handed Bat ,Right-arm offbreak,69,93,48,0,123,85,47,0,4431,1924,890,0,7638,2469,768,0,173,93,66,0,38.2,25.65,20.7,0,58.02,77.93,115.89,0,534,191,77,0,38,17,18,0,11,4,2,0,20,10,3,0,13,0,0,0,0,0,0,0,4233,2348,85,43,3.33,2370,2011,1,48,5.09,310,353,0,17,6.83,0,0,0,0,0
216,Milinda Siriwardana,Sri Lanka,40,Batting Allrounder ,Left Handed Bat ,Left-arm orthodox,5,27,22,0,9,24,19,0,298,516,275,0,454,525,208,0,68,66,42,0,33.11,22.43,17.19,0,65.64,98.29,132.22,0,32,39,16,0,11,13,12,0,1,1,4,0,2,3,0,0,0,0,0,0,0,0,0,0,413,257,6,11,3.73,601,547,2,9,5.46,138,206,0,8,8.96,0,0,0,0,0
217,Thisara Perera,Sri Lanka,37,Bowling Allrounder ,Left Handed Bat ,Right-arm fast-medium,6,166,84,37,10,133,74,30,203,2338,1204,422,278,2086,794,307,75,140,61,40,20.3,19.98,23.15,19.18,73.03,112.09,151.64,137.46,21,176,88,23,4,84,64,26,0,11,8,1,1,10,3,0,0,1,0,0,0,0,0,0,954,653,20,11,4.11,5900,5740,28,175,5.84,1102,1717,1,51,9.35,698,1016,0,31,8.73
218,Isuru Udana,Sri Lanka,38,Bowling Allrounder ,Right Handed Bat ,Left-arm fast-medium,0,21,35,10,0,18,25,4,0,237,256,15,0,249,186,11,0,78,84,10,0,16.93,18.29,5,0,95.19,137.64,136.37,0,17,16,1,0,10,14,1,0,2,3,1,0,1,1,0,0,0,0,0,0,0,0,0,0,0,0,0,0,909,950,2,18,6.27,631,915,1,27,8.7,174,282,0,8,9.72
219,Jeevan Mendis,Sri Lanka,43,Bowling Allrounder ,Left Handed Bat ,Right-arm legbreak,0,58,22,3,0,44,15,3,0,636,208,23,0,769,174,27,0,72,43,12,0,18.71,18.91,7.67,0,82.71,119.55,85.19,0,48,18,0,0,13,6,0,0,2,1,1,0,1,0,0,0,0,0,0,0,0,0,0,0,0,0,0,0,1404,1204,2,28,5.15,210,249,0,12,7.11,30,36,0,1,7.2
220,Kusal Perera,Sri Lanka,36,WK-Batsman ,Left Handed Bat,,22,116,95,2,41,111,93,2,1177,3237,2335,14,1629,3484,1757,13,153,135,101,14,30.97,30.25,26.24,7,72.26,92.92,132.90,107.70,151,362,227,3,12,52,72,0,5,12,6,1,7,17,16,0,2,6,1,0,0,0,0,0,0,0,0,0,0,0,0,0,0,0,0,0,0,0,0,0,0,0,0,0
221,Kusal Mendis,Sri Lanka,31,WK-Batsman ,Right Handed Bat,,75,155,109,1,139,152,109,1,4836,4962,2694,20,8258,5653,2069,10,245,143,86,20,36.36,35.44,26.16,20,58.57,87.78,130.21,200.00,581,506,241,1,55,81,101,2,15,15,8,0,23,36,20,0,10,6,0,0,1,0,0,0,132,118,1,1,5.36,20,28,0,0,8.4,0,0,0,0,0,0,0,0,0,0
222,Suranga Lakmal,Sri Lanka,39,Bowler ,Right Handed Bat ,Right-arm medium,70,86,11,0,109,48,6,0,935,244,7,0,1936,404,11,0,42,26,5,0,11.13,9.38,2.33,0,48.30,60.40,63.64,0,114,18,1,0,12,3,0,0,21,9,2,0,0,0,0,0,0,0,0,0,0,0,0,0,12437,6229,439,171,3.01,3881,3534,36,109,5.46,208,330,0,8,9.52,0,0,0,0,0
223,Lasith Malinga,Sri Lanka,43,Bowler ,Right Handed Bat ,Right-arm fast,30,226,84,122,37,120,33,25,275,567,136,88,619,761,161,99,64,56,27,17,11.46,6.83,6.48,5.5,44.43,74.51,84.48,88.89,36,45,9,6,6,21,5,5,9,26,8,6,1,1,0,0,0,0,0,0,0,0,0,0,5209,3349,112,101,3.86,10936,9759,103,338,5.35,1799,2225,1,107,7.42,2827,3365,8,170,7.14
224,Jeffrey Vandersay,Sri Lanka,36,Bowler ,Right Handed Bat ,Right-arm legbreak,2,31,17,0,4,18,10,0,71,132,35,0,77,265,40,0,53,25,8,0,17.75,11,11.67,0,92.21,49.82,87.50,0,10,6,3,0,2,0,1,0,0,2,0,0,1,0,0,0,0,0,0,0,0,0,0,0,288,250,0,5,5.21,1425,1267,6,48,5.33,368,489,1,8,7.97,0,0,0,0,0
225,Nuwan Pradeep,Sri Lanka,39,Bowler ,Right Handed Bat ,Right-arm fast-medium,28,49,16,0,50,25,6,0,132,35,10,0,361,83,15,0,17,7,8,0,4,4.38,10,0,36.57,42.17,66.67,0,19,3,1,0,0,1,0,0,18,4,1,0,0,0,0,0,0,0,0,0,0,0,0,0,5077,3003,130,70,3.55,2345,2339,20,63,5.98,278,436,0,15,9.41,0,0,0,0,0
226,Charith Asalanka,Sri Lanka,29,Batting Allrounder ,Left Handed Bat ,Right-arm offbreak,3,84,76,0,6,76,74,0,88,2779,1456,0,171,3065,1156,0,29,127,80,0,14.67,42.11,22.4,0,51.47,90.67,125.96,0,11,229,100,0,3,64,68,0,0,5,7,0,0,17,6,0,0,5,0,0,0,0,0,0,25,16,0,0,3.84,775,646,4,19,5,191,248,0,7,7.79,0,0,0,0,0
227,Dinesh Chandimal,Sri Lanka,36,WK-Batsman ,Right Handed Bat ,Right-arm offbreak,93,157,69,0,166,142,62,0,6534,3854,1066,0,12968,5192,1030,0,206,111,66,0,42.99,31.59,19.38,0,50.39,74.23,103.50,0,685,264,90,0,46,43,22,0,8,11,0,0,36,24,6,0,16,4,0,0,1,0,0,0,0,0,0,0,0,0,0,0,0,0,0,0,0,0,0,0,0,0,0,0
228,Akila Dananjaya,Sri Lanka,32,Bowler ,Left Handed Bat ,Right-arm offbreak,6,42,33,1,10,32,16,1,135,323,65,4,254,451,72,5,43,50,11,4,16.88,12.42,8.13,0,53.15,71.62,90.28,80.00,14,29,7,0,0,3,0,0,3,3,2,0,0,1,0,0,0,0,0,0,0,0,0,0,1385,819,33,33,3.55,2115,1809,6,59,5.13,701,965,1,30,8.26,24,47,0,0,11.75
229,Asitha Fernando,Sri Lanka,29,Bowler ,Right Handed Bat ,Right-arm fast-medium,28,31,7,0,41,10,3,0,59,7,11,0,261,32,5,0,11,3,10,0,2.95,1.75,0,0,22.61,21.88,220.00,0,10,0,2,0,1,0,0,0,13,3,0,0,0,0,0,0,0,0,0,0,0,0,0,0,4498,2594,103,97,3.46,1262,1249,6,39,5.94,120,208,0,4,10.4,0,0,0,0,0
230,Wanindu Hasaranga,Sri Lanka,29,Bowling Allrounder ,Right Handed Bat ,Right-arm legbreak,4,70,98,37,7,58,79,19,196,1142,831,81,227,1039,658,88,59,80,71,18,28,23.31,13.4,5.4,86.35,109.92,126.30,92.05,29,103,82,7,1,36,18,1,0,3,8,5,1,5,2,0,0,0,0,0,0,0,0,0,674,403,8,4,3.59,3305,2807,26,113,5.1,2184,2560,2,161,7.03,798,1119,1,46,8.41
231,Lahiru Kumara,Sri Lanka,29,Bowler ,Left Handed Bat ,Right-arm fast-medium,37,32,26,0,56,19,6,0,190,62,10,0,636,140,11,0,13,10,4,0,5.59,5.64,3.33,0,29.88,44.29,90.91,0,29,8,2,0,1,1,0,0,17,1,1,0,0,0,0,0,0,0,0,0,0,0,0,0,6044,3925,141,107,3.9,1299,1404,4,42,6.48,544,755,1,33,8.33,0,0,0,0,0
232,Prabath Jayasuriya,Sri Lanka,34,Bowler ,Right Handed Bat ,Left-arm orthodox,25,2,0,0,40,2,0,0,293,10,0,0,882,13,0,0,28,10,0,0,7.92,10,0,0,33.22,76.93,0,0,30,1,0,0,0,0,0,0,7,1,0,0,0,0,0,0,0,0,0,0,0,0,0,0,8152,4288,209,134,3.16,96,95,0,0,5.94,0,0,0,0,0,0,0,0,0,0
233,Pathum Nissanka,Sri Lanka,28,Batsman ,Right Handed Bat,,19,78,94,10,33,78,93,10,1310,2999,2699,278,2311,3366,2099,175,187,210,107,62,42.26,41.08,30.33,27.8,56.69,89.10,128.59,158.86,150,376,276,33,5,37,78,12,0,6,8,0,7,19,19,2,4,7,2,0,0,1,0,0,0,0,0,0,0,0,0,0,0,0,0,0,0,0,0,0,0,0,0,0
234,Matheesha Pathirana,Sri Lanka,23,Bowler ,Right Handed Bat ,Right-arm fast,0,12,28,33,0,7,11,0,0,11,19,0,0,35,37,0,0,5,6,0,0,2.2,3.17,0,0,31.43,51.36,0,0,2,1,0,0,0,0,0,0,2,4,0,0,0,0,0,0,0,0,0,0,0,0,0,0,0,0,0,0,508,616,2,17,7.28,521,736,1,40,8.48,710,1025,0,47,8.66
235,Bhanuka Rajapaksa,Sri Lanka,34,WK-Batsman ,Left Handed Bat ,Right-arm medium,0,5,45,13,0,5,40,13,0,89,744,277,0,85,570,191,0,65,77,50,0,17.8,22.55,21.31,0,104.71,130.53,145.03,0,14,64,22,0,2,31,15,0,3,3,1,0,1,3,1,0,0,0,0,0,0,0,0,0,0,0,0,0,0,0,0,0,0,0,0,0,0,0,0,0,0,0,0
236,Sadeera Samarawickrama,Sri Lanka,31,WK-Batsman ,Right Handed Bat,,9,55,19,0,14,50,17,0,308,1456,259,0,407,1607,240,0,104,108,61,0,23.69,32.36,17.27,0,75.68,90.61,107.92,0,40,148,27,0,2,8,2,0,3,5,2,0,0,8,1,0,1,1,0,0,0,0,0,0,0,0,0,0,0,0,0,0,0,0,0,0,0,0,0,0,0,0,0,0
237,Kasun Rajitha,Sri Lanka,33,Bowler ,Right Handed Bat ,Right-arm fast-medium,18,34,18,0,26,19,8,0,145,117,31,0,582,184,53,0,22,33,9,0,6.9,9.75,10.33,0,24.92,63.59,58.50,0,16,14,2,0,0,1,0,0,6,4,1,0,0,0,0,0,0,0,0,0,0,0,0,0,3152,1730,105,55,3.29,1527,1554,5,43,6.11,396,615,1,17,9.32,0,0,0,0,0
238,Dasun Shanaka,Sri Lanka,35,Batting Allrounder ,Right Handed Bat ,Right-arm medium,6,71,134,10,12,63,121,8,140,1299,2008,89,276,1420,1549,72,66,108,76,29,14,22.4,20.92,12.71,50.73,91.48,129.64,123.62,9,103,136,5,7,42,112,5,2,6,16,1,1,4,9,0,0,2,0,0,0,0,0,0,762,431,19,13,3.39,1056,999,3,27,5.68,851,1167,1,46,8.23,36,60,0,1,10
239,Nuwan Thushara,Sri Lanka,32,Bowler ,Right Handed Bat ,Right-arm fast-medium,0,0,30,8,0,0,10,0,0,0,10,0,0,0,29,0,0,0,6,0,0,0,5,0,0,0,34.49,0,0,0,1,0,0,0,0,0,0,0,1,0,0,0,0,0,0,0,0,0,0,0,0,0,0,0,0,0,0,0,0,0,0,0,599,815,3,36,8.16,180,283,0,9,9.43
240,Maheesh Theekshana,Sri Lanka,26,Bowler ,Right Handed Bat ,Right-arm offbreak,2,60,86,38,3,34,40,6,59,345,112,17,149,624,182,34,38,38,14,7,19.67,16.43,4.31,5.67,39.60,55.29,61.54,50.00,6,24,7,0,1,3,2,1,0,4,8,1,0,0,0,0,0,0,0,0,0,0,0,0,365,188,10,5,3.09,2949,2240,20,81,4.56,1944,2292,1,84,7.07,876,1207,1,36,8.27
241,Dunith Wellalage,Sri Lanka,23,Bowling Allrounder ,Left Handed Bat ,Left-arm orthodox,1,34,17,0,2,27,12,0,29,453,137,0,47,538,121,0,18,67,43,0,14.5,21.57,19.57,0,61.71,84.21,113.23,0,3,36,15,0,0,12,3,0,0,3,0,0,0,1,0,0,0,0,0,0,0,0,0,0,78,35,1,0,2.69,1499,1275,3,41,5.1,381,480,0,20,7.56,0,0,0,0,0
242,Tamim Iqbal,Bangladesh,37,Batsman ,Left Handed Bat,,70,243,78,0,134,240,78,0,5134,8357,1758,0,8852,10642,1500,0,206,158,103,0,38.89,36.65,24.08,0,58.00,78.53,117.20,0,656,925,189,0,41,103,45,0,11,19,6,0,31,56,7,0,10,14,1,0,1,0,0,0,30,20,0,0,4,6,13,0,0,13,0,0,0,0,0,0,0,0,0,0
243,Soumya Sarkar,Bangladesh,33,Batsman ,Left Handed Bat ,Right-arm medium,16,86,89,0,30,81,88,0,831,2488,1494,0,1442,2653,1224,0,149,169,68,0,27.7,31.9,17.79,0,57.63,93.79,122.06,0,109,281,149,0,9,62,55,0,2,9,13,0,4,15,5,0,1,3,0,0,0,0,0,0,508,336,3,4,3.97,612,620,2,17,6.08,288,451,0,12,9.4,0,0,0,0,0
244,Sabbir Rahman,Bangladesh,34,Batsman ,Right Handed Bat ,Right-arm legbreak,11,66,48,0,22,59,47,0,481,1333,977,0,875,1461,819,0,66,102,80,0,24.05,25.63,23.26,0,54.98,91.24,119.30,0,56,153,92,0,6,24,29,0,5,5,3,0,4,6,4,0,0,1,0,0,0,0,0,0,144,98,1,0,4.08,306,345,0,3,6.76,73,79,0,6,6.49,0,0,0,0,0
245,Mahmudullah,Bangladesh,40,Batting Allrounder ,Right Handed Bat ,Right-arm offbreak,50,239,141,0,94,209,130,0,2914,5689,2443,0,5456,7330,2083,0,150,128,64,0,33.11,36.47,23.49,0,53.41,77.62,117.29,0,338,426,184,0,24,107,77,0,11,10,5,0,16,32,8,0,5,4,0,0,0,0,0,0,3423,1958,56,43,3.43,4380,3810,14,82,5.22,950,1135,2,41,7.17,0,0,0,0,0
246,Shakib Al,Bangladesh,39,Batting Allrounder ,Left Handed Bat ,Left-arm orthodox,71,247,129,71,130,234,126,52,4609,7570,2551,793,7473,9138,2104,637,217,134,84,66,37.78,37.11,23.19,19.83,61.68,82.85,121.25,124.49,556,699,258,73,28,54,53,21,6,12,9,4,31,56,13,2,5,9,0,0,1,0,0,0,15675,7803,487,246,2.99,12575,9360,102,317,4.47,2745,3116,3,149,6.81,1484,1839,1,63,7.44
247,Mosaddek Hossain,Bangladesh,30,Batting Allrounder ,Right Handed Bat ,Right-arm offbreak,4,49,34,0,8,40,32,0,173,801,390,0,375,913,344,0,75,86,48,0,28.83,28.61,17.73,0,46.14,87.74,113.38,0,13,74,26,0,4,17,11,0,1,1,4,0,1,5,0,0,0,0,0,0,0,0,0,0,162,87,2,0,3.22,1250,1061,3,19,5.09,331,398,1,18,7.21,0,0,0,0,0
248,Mohammad Saifuddin,Bangladesh,29,Bowling Allrounder ,Left Handed Bat ,Right-arm fast-medium,0,30,51,0,0,19,30,0,0,362,304,0,0,422,248,0,0,51,39,0,0,36.2,19,0,0,85.79,122.59,0,0,29,22,0,0,6,14,0,0,1,4,0,0,2,0,0,0,0,0,0,0,0,0,0,0,0,0,0,0,1338,1310,8,42,5.87,1042,1487,0,57,8.56,0,0,0,0,0
249,Mehidy Hasan,Bangladesh,28,Bowling Allrounder ,Right Handed Bat ,Right-arm offbreak,60,125,34,0,107,93,29,0,2308,1889,418,0,4599,2494,358,0,104,112,46,0,23.79,23.61,16.72,0,50.19,75.75,116.76,0,263,155,37,0,26,30,10,0,6,5,2,0,10,7,0,0,2,2,0,0,0,0,0,0,13903,7133,369,225,3.08,6119,4800,46,132,4.71,468,667,0,18,8.55,0,0,0,0,0
250,Mushfiqur Rahim,Bangladesh,39,WK-Batsman ,Right Handed Bat,,105,274,102,0,193,256,93,0,6876,7795,1500,0,14189,9780,1305,0,219,144,72,0,38.85,36.26,19.23,0,48.47,79.71,114.95,0,787,617,126,0,39,100,37,0,13,12,8,0,29,49,6,0,14,9,0,0,3,0,0,0,0,0,0,0,0,0,0,0,0,0,0,0,0,0,0,0,0,0,0,0
251,Litton Das,Bangladesh,31,WK-Batsman ,Right Handed Bat,,56,104,122,1,97,103,120,1,3356,2869,2703,4,5598,3355,2131,4,141,176,83,4,34.96,30.2,23.5,4,59.95,85.52,126.85,100.00,401,293,263,1,25,51,83,0,5,16,6,0,20,14,16,0,6,5,0,0,0,0,0,0,12,13,0,0,6.5,0,0,0,0,0,0,0,0,0,0,0,0,0,0,0
252,Mohammad Mithun,Bangladesh,35,WK-Batsman ,Right Handed Bat,,10,34,17,0,18,30,13,0,333,714,127,0,752,921,136,0,67,73,47,0,18.5,27.46,10.58,0,44.29,77.53,93.39,0,32,61,10,0,3,16,4,0,4,2,2,0,2,6,0,0,0,0,0,0,0,0,0,0,0,0,0,0,0,12,12,0,0,6,0,0,0,0,0,0,0,0,0,0
253,Mashrafe Mortaza,Bangladesh,42,Bowler ,Right Handed Bat ,Right-arm fast-medium,36,220,54,1,67,158,39,1,797,1787,377,2,1186,2041,278,2,79,51,36,2,12.85,13.75,13.46,0,67.21,87.56,135.62,100.00,95,149,28,0,22,62,23,0,12,15,6,0,3,1,0,0,0,0,0,0,0,0,0,0,5990,3239,202,78,3.24,10928,8897,123,270,4.88,1139,1528,1,42,8.05,24,58,0,0,14.5
254,Rubel Hossain,Bangladesh,36,Bowler ,Right Handed Bat ,Right-arm fast-medium,27,104,28,0,47,53,15,0,265,144,20,0,603,277,36,0,45,17,8,0,9.46,4.97,4,0,43.95,51.99,55.56,0,34,14,1,0,4,2,0,0,7,11,4,0,0,0,0,0,0,0,0,0,0,0,0,0,4223,2764,73,36,3.93,4678,4427,29,129,5.68,579,912,0,28,9.45,0,0,0,0,0
255,Mustafizur Rahman,Bangladesh,31,Bowler ,Left Handed Bat ,Left-arm fast-medium,15,124,128,60,22,62,38,10,66,184,119,13,162,373,149,24,16,20,15,8,4.4,7.36,5.67,6.5,40.75,49.33,79.87,54.17,3,19,6,0,5,1,6,1,8,10,7,1,0,0,0,0,0,0,0,0,0,0,0,0,2145,1139,76,31,3.19,5909,5076,40,193,5.15,2772,3363,8,160,7.28,1364,1849,2,65,8.13
256,Abu Jayed,Bangladesh,33,Bowler ,Right Handed Bat ,Right-arm fast-medium,13,2,3,0,22,0,2,0,36,0,3,0,157,0,7,0,8,0,2,0,2.57,0,1.5,0,22.93,0,42.86,0,4,0,0,0,0,0,0,0,7,0,0,0,0,0,0,0,0,0,0,0,0,0,0,0,1964,1118,64,30,3.42,108,114,0,5,6.33,66,106,0,4,9.64,0,0,0,0,0
257,Afif Hossain,Bangladesh,26,Batting Allrounder ,Left Handed Bat ,Right-arm offbreak,0,38,70,0,0,33,64,0,0,713,1117,0,0,825,938,0,0,93,77,0,0,27.42,20.31,0,0,86.43,119.09,0,0,67,83,0,0,10,38,0,0,3,6,0,0,3,3,0,0,0,0,0,0,0,0,0,0,0,0,0,0,130,130,1,4,6,204,260,1,12,7.65,0,0,0,0,0
258,Hasan Mahmud,Bangladesh,26,Bowler ,Right Handed Bat ,Right-arm fast-medium,16,26,26,0,26,17,9,0,199,63,50,0,559,139,51,0,38,15,26,0,11.71,4.85,25,0,35.60,45.33,98.04,0,23,7,0,0,4,0,4,0,3,5,1,0,0,0,0,0,0,0,0,0,0,0,0,0,2306,1371,66,45,3.57,1131,1155,7,33,6.13,534,693,2,28,7.79,0,0,0,0,0
259,Khaled Ahmed,Bangladesh,33,Bowler ,Right Handed Bat ,Right-arm medium,18,2,1,0,31,2,0,0,55,1,0,0,183,4,0,0,22,1,0,0,2.5,1,0,0,30.06,25.00,0,0,6,0,0,0,3,0,0,0,16,0,0,0,0,0,0,0,0,0,0,0,0,0,0,0,2724,1606,68,34,3.54,80,72,1,3,5.4,24,37,0,0,9.25,0,0,0,0,0
260,Jaker Ali,Bangladesh,28,WK-Batsman ,Right Handed Bat,,6,12,48,0,11,12,43,0,337,394,752,0,595,502,611,0,91,68,72,0,30.64,39.4,25.07,0,56.64,78.49,123.08,0,36,26,41,0,6,14,41,0,0,0,1,0,4,3,3,0,0,0,0,0,0,0,0,0,0,0,0,0,0,0,0,0,0,0,0,0,0,0,0,0,0,0,0,0
261,Rishad Hossain,Bangladesh,24,Bowler ,Right Handed Bat ,Right-arm legbreak,0,21,62,0,0,17,36,0,0,193,237,0,0,165,193,0,0,48,53,0,0,13.79,8.46,0,0,116.97,122.80,0,0,13,16,0,0,13,16,0,0,2,6,0,0,0,1,0,0,0,0,0,0,0,0,0,0,0,0,0,0,1012,893,0,30,5.29,1246,1700,1,80,8.19,0,0,0,0,0
262,Nasum Ahmed,Bangladesh,31,Bowler ,Left Handed Bat ,Left-arm orthodox,0,20,52,0,0,13,26,0,0,201,113,0,0,233,123,0,0,44,20,0,0,18.27,7.53,0,0,86.27,91.87,0,0,18,8,0,0,8,4,0,0,0,6,0,0,0,0,0,0,0,0,0,0,0,0,0,0,0,0,0,0,976,707,16,21,4.35,1011,1194,4,52,7.09,0,0,0,0,0
263,Taijul Islam,Bangladesh,34,Bowler ,Left Handed Bat ,Left-arm orthodox,62,20,2,0,104,12,1,0,955,110,0,0,2478,174,1,0,47,39,0,0,10.38,10,0,0,38.54,63.22,0.00,0,106,10,0,0,3,1,0,0,13,1,0,0,0,0,0,0,0,0,0,0,0,0,0,0,16184,8251,461,272,3.06,1050,805,9,31,4.6,42,58,0,1,8.29,0,0,0,0,0
264,Taskin Ahmed,Bangladesh,31,Bowler ,Left Handed Bat ,Right-arm fast,21,94,90,0,36,52,40,0,336,269,219,0,665,462,220,0,75,21,31,0,11.2,7.08,9.95,0,50.53,58.23,99.55,0,35,19,20,0,6,9,7,0,3,11,6,0,1,0,0,0,0,0,0,0,0,0,0,0,3758,2312,96,59,3.69,4455,3968,44,137,5.34,1904,2465,4,106,7.77,0,0,0,0,0
265,Tanvir Islam,Bangladesh,29,Bowler ,Left Handed Bat ,Left-arm orthodox,0,14,6,0,0,9,3,0,0,47,12,0,0,67,16,0,0,11,8,0,0,5.88,12,0,0,70.15,75.00,0,0,7,1,0,0,2,0,0,0,2,0,0,0,0,0,0,0,0,0,0,0,0,0,0,0,0,0,0,0,786,594,4,20,4.53,102,136,0,4,8,0,0,0,0,0
266,Tanzid Hasan,Bangladesh,25,Batsman ,Left Handed Bat,,3,39,53,0,6,39,53,0,140,1044,1331,0,279,1030,1046,0,101,107,89,0,23.33,27.47,28.32,0,50.18,101.36,127.25,0,13,119,118,0,1,38,59,0,2,5,6,0,0,9,13,0,1,1,0,0,0,0,0,0,0,0,0,0,0,0,0,0,0,0,0,0,0,0,0,0,0,0,0,0
267,Towhid Hridoy,Bangladesh,25,Batsman ,Right Handed Bat ,Right-arm offbreak,1,56,65,0,2,51,59,0,12,1698,1409,0,33,2174,1119,0,9,100,83,0,6,38.59,28.76,0,36.37,78.11,125.92,0,1,109,90,0,0,30,55,0,0,2,3,0,0,14,7,0,0,1,0,0,0,0,0,0,0,0,0,0,0,0,0,0,0,0,2,5,0,0,0,0,0,0,0,0
268,Darren Bravo,West Indies,37,Batsman ,Left Handed Bat ,Right-arm fast-medium,56,122,26,1,102,117,22,1,3538,3109,405,6,7886,4434,379,5,218,124,43,6,36.1,29.61,21.32,0,44.87,70.12,106.87,120.00,405,252,32,1,41,75,14,0,5,9,3,0,17,18,0,0,8,4,0,0,1,0,0,0,6,2,0,0,2,0,0,0,0,0,0,0,0,0,0,0,0,0,0,0
269,Chris Gayle,West Indies,46,Batsman ,Left Handed Bat ,Right-arm offbreak,103,301,79,142,182,294,75,141,7215,10480,1899,4965,11970,12019,1381,3333,333,215,117,175,42.19,37.7,27.93,39.72,60.28,87.20,137.51,148.97,1046,1128,158,405,98,331,124,357,15,25,4,8,37,54,14,31,15,25,2,6,3,1,0,0,7109,3120,230,73,2.63,7424,5926,38,167,4.79,381,440,0,20,6.93,554,729,0,18,7.9
270,Evin Lewis,West Indies,34,Batsman ,Left Handed Bat,,0,70,67,27,0,67,66,26,0,2279,1799,654,0,2645,1183,477,0,176,125,65,0,36.17,28.56,27.25,0,86.17,152.08,137.11,0,220,137,62,0,76,136,36,0,3,6,2,0,12,13,4,0,5,2,0,0,0,0,0,0,0,0,0,0,0,0,0,0,0,0,0,0,0,0,0,0,0,0,0
271,Shimron Hetmyer,West Indies,29,Batsman ,Left Handed Bat,,16,59,85,94,30,54,75,86,838,1638,1678,1560,1138,1556,1195,1045,93,139,85,75,27.93,32.76,24.68,27.37,73.64,105.27,140.42,149.29,85,119,112,98,27,62,104,96,0,3,4,4,5,5,9,5,0,5,0,0,0,0,0,0,0,0,0,0,0,0,0,0,0,0,0,0,0,0,0,0,0,0,0,0
272,Fabian Allen,West Indies,31,Batting Allrounder ,Right Handed Bat ,Left-arm orthodox,0,20,42,5,0,16,29,4,0,200,298,14,0,203,221,19,0,51,34,8,0,15.38,14.9,7,0,98.53,134.85,73.69,0,18,20,1,0,8,21,0,0,2,5,0,0,1,0,0,0,0,0,0,0,0,0,0,0,0,0,0,0,666,627,0,7,5.65,605,766,1,24,7.6,90,136,1,2,9.07
273,Jason Holder,West Indies,34,Bowling Allrounder ,Right Handed Bat ,Right-arm fast-medium,69,138,98,57,123,114,69,34,3073,2237,909,324,5595,2479,639,262,202,99,49,47,29.83,24.86,18.94,12.46,54.93,90.24,142.26,123.67,359,160,54,16,55,69,62,21,11,11,9,3,14,12,0,0,3,0,0,0,1,0,0,0,11305,4924,484,162,2.61,6402,5878,64,159,5.51,2061,2971,2,112,8.65,1225,1751,0,70,8.58
274,Andre Russell,West Indies,38,Bowling Allrounder ,Right Handed Bat ,Right-arm fast,1,56,86,139,1,47,75,115,2,1034,1122,2651,9,794,685,1522,2,92,71,88,2,27.21,22,28.2,22.23,130.23,163.80,174.18,0,94,65,186,0,57,95,223,0,6,9,6,0,4,3,12,0,0,0,0,0,0,0,0,138,104,2,1,4.52,2290,2229,14,70,5.84,1221,1919,0,61,9.43,1806,2863,0,123,9.51
275,Carlos Brathwaite,West Indies,38,Bowling Allrounder ,Right Handed Bat ,Right-arm fast-medium,3,44,41,16,5,37,27,14,181,559,310,181,284,614,274,111,69,101,37,43,45.25,16.44,14.76,13.92,63.74,91.05,113.14,163.07,12,38,13,10,7,24,22,16,1,2,3,0,3,1,0,0,0,1,0,0,0,0,0,0,408,242,9,1,3.56,1825,1766,11,43,5.81,709,1013,1,31,8.57,254,379,0,13,8.95
276,Shai Hope,West Indies,32,WK-Batsman ,Right Handed Bat,,49,154,70,9,93,149,68,9,2518,6312,1743,183,5743,7905,1276,122,147,170,102,41,27.98,49.7,30.05,22.88,43.85,79.85,136.60,150.00,282,496,136,12,12,127,92,12,2,6,5,0,7,32,12,0,5,19,1,0,0,0,0,0,0,0,0,0,0,0,0,0,0,0,0,0,0,0,0,0,0,0,0,0
277,Nicholas Pooran,West Indies,30,WK-Batsman ,Left Handed Bat ,Right-arm offbreak,0,61,106,104,0,58,97,101,0,1983,2275,2527,0,2000,1668,1540,0,118,98,87,0,39.66,26.15,31.59,0,99.15,136.40,164.10,0,157,152,168,0,80,149,186,0,3,3,9,0,11,13,15,0,3,0,0,0,0,0,0,0,0,0,0,0,169,174,0,6,6.18,0,0,0,0,0,0,0,0,0,0
278,Sheldon Cottrell,West Indies,37,Bowler ,Right Handed Bat ,Left-arm fast-medium,2,38,45,6,4,19,10,1,11,88,18,0,24,130,29,2,5,17,4,0,2.75,11,4.5,0,45.84,67.70,62.07,0.00,1,6,2,0,0,4,0,0,1,2,1,1,0,0,0,0,0,0,0,0,0,0,0,0,276,196,4,2,4.26,1722,1685,11,52,5.87,918,1244,4,52,8.13,120,176,1,6,8.8
279,Shannon Gabriel,West Indies,38,Bowler ,Right Handed Bat ,Right-arm fast-medium,59,25,2,0,88,16,0,0,229,24,0,0,660,63,0,0,20,12,0,0,4.24,3.43,0,0,34.70,38.10,0,0,28,1,0,0,6,0,0,0,23,4,0,0,0,0,0,0,0,0,0,0,0,0,0,0,9379,5348,267,166,3.42,1148,1134,6,33,5.93,42,56,0,3,8,0,0,0,0,0
280,Kemar Roach,West Indies,38,Bowler ,Right Handed Bat ,Right-arm fast,91,95,11,2,147,60,1,1,1403,308,3,10,3905,594,2,9,58,34,3,10,12.09,12.83,0,10,35.93,51.86,150.00,111.12,166,24,0,1,16,6,0,0,24,9,0,0,1,0,0,0,0,0,0,0,0,0,0,0,15773,8192,567,304,3.12,4579,3887,53,125,5.09,234,284,1,10,7.28,48,80,0,0,10
281,Ashley Nurse,West Indies,37,Bowler ,Right Handed Bat ,Right-arm offbreak,0,54,13,0,0,40,8,0,0,502,85,0,0,513,71,0,0,44,20,0,0,19.31,42.5,0,0,97.86,119.72,0,0,44,7,0,0,12,3,0,0,2,0,0,0,0,0,0,0,0,0,0,0,0,0,0,0,0,0,0,0,2384,2125,6,49,5.35,240,317,0,8,7.93,0,0,0,0,0
282,Oshane Thomas,West Indies,29,Bowler ,Left Handed Bat ,Right-arm fast,0,25,21,4,0,14,7,0,0,22,9,0,0,73,15,0,0,7,8,0,0,4.4,2.25,0,0,30.14,60.00,0,0,2,2,0,0,0,0,0,0,3,3,0,0,0,0,0,0,0,0,0,0,0,0,0,0,0,0,0,0,920,1034,1,31,6.74,408,638,1,21,9.38,60,79,0,5,7.9
283,Johnson Charles,West Indies,37,WK-Batsman ,Right Handed Bat,,0,58,69,0,0,58,68,0,0,1537,1525,0,0,1802,1181,0,0,130,118,0,0,26.5,22.43,0,0,85.30,129.13,0,0,172,162,0,0,44,73,0,0,9,9,0,0,7,5,0,0,2,1,0,0,0,0,0,0,0,0,0,0,5,12,0,0,0,0,0,0,0,0,0,0,0,0,0
284,Roston Chase,West Indies,34,Bowling Allrounder ,Right Handed Bat ,Right-arm offbreak,61,70,60,0,112,55,44,0,2808,1191,846,0,5985,1526,713,0,194,94,67,0,26,25.89,23.5,0,46.92,78.05,118.66,0,290,90,73,0,24,14,22,0,15,6,5,0,12,6,4,0,6,0,0,0,0,0,0,0,7995,4724,141,96,3.55,2548,2089,13,47,4.92,916,1156,1,40,7.57,0,0,0,0,0
285,Joshua Da,West Indies,28,WK-Batsman ,Right Handed Bat,,34,2,0,0,60,2,0,0,1258,14,0,0,3073,35,0,0,100,9,0,0,24.67,7,0,0,40.94,40.00,0,0,129,1,0,0,7,0,0,0,5,0,0,0,5,0,0,0,1,0,0,0,0,0,0,0,0,0,0,0,0,0,0,0,0,0,0,0,0,0,0,0,0,0,0,0
286,Andre Fletcher,West Indies,38,WK-Batsman ,Right Handed Bat,,0,25,60,0,0,25,57,0,0,354,984,0,0,549,892,0,0,54,84,0,0,14.16,19.68,0,0,64.49,110.32,0,0,42,67,0,0,7,53,0,0,3,9,0,0,2,6,0,0,0,0,0,0,0,0,0,0,0,0,0,0,28,26,0,0,5.57,0,0,0,0,0,0,0,0,0,0
287,Alzarri Joseph,West Indies,29,Bowler ,Right Handed Bat ,Right-arm fast,42,87,45,22,67,51,19,7,804,506,129,27,1401,672,125,32,86,49,21,15,12.37,14.88,16.13,27,57.39,75.30,103.20,84.38,84,39,9,3,31,22,5,0,13,7,2,1,2,0,0,0,0,0,0,0,0,0,0,0,7024,4363,179,130,3.73,4334,3919,30,141,5.43,990,1525,0,62,9.24,434,691,1,21,9.55
288,Shamar Joseph,West Indies,27,Bowler ,Left Handed Bat ,Right-arm fast,15,8,25,1,28,4,8,0,399,34,43,0,422,36,28,0,44,23,21,0,15.96,34,43,0,94.55,94.45,153.58,0,42,1,3,0,19,2,3,0,2,0,1,0,0,0,0,0,0,0,0,0,0,0,0,0,2358,1550,47,64,3.94,347,357,2,4,6.17,522,797,0,37,9.16,24,47,0,0,11.75
289,Brandon King,West Indies,31,Batsman ,Right Handed Bat,,10,58,87,0,18,58,85,0,494,1530,2028,0,848,1841,1525,0,75,112,85,0,29.06,27.32,25.04,0,58.26,83.11,132.99,0,76,186,213,0,5,31,92,0,2,6,6,0,4,8,14,0,0,3,0,0,0,0,0,0,0,0,0,0,0,0,0,0,0,0,0,0,0,0,0,0,0,0,0,0
290,Kyle Mayers,West Indies,34,Batting Allrounder ,Left Handed Bat ,Right-arm medium,18,28,41,13,32,26,39,13,949,660,773,379,1550,775,575,263,210,120,73,73,32.72,25.38,20.89,29.15,61.23,85.17,134.44,144.11,117,75,69,38,16,21,51,22,5,3,1,2,2,2,3,4,2,2,0,0,1,0,0,0,1524,622,77,34,2.45,686,632,3,14,5.53,120,191,0,2,9.55,42,59,0,0,8.43
291,Rovman Powell,West Indies,33,Batsman ,Right Handed Bat ,Right-arm fast-medium,0,51,120,39,0,48,106,30,0,979,2347,555,0,1153,1653,390,0,101,107,67,0,21.76,26.37,22.2,0,84.91,141.99,142.31,0,63,142,38,0,42,156,38,0,3,2,2,0,2,10,1,0,1,1,0,0,0,0,0,0,0,0,0,0,280,275,0,3,5.89,131,217,0,5,9.94,18,35,0,1,11.67
292,Sherfane Rutherford,West Indies,28,Batting Allrounder ,Left Handed Bat ,Right-arm fast-medium,0,28,56,31,0,26,48,27,0,849,902,520,0,855,611,364,0,113,76,71,0,38.59,24.38,24.76,0,99.30,147.63,142.86,0,67,65,30,0,41,57,38,0,1,7,2,0,8,6,1,0,1,0,0,0,0,0,0,0,0,0,0,0,125,175,1,3,8.4,54,92,0,2,10.22,41,59,0,1,8.63
293,Romario Shepherd,West Indies,31,Bowling Allrounder ,Right Handed Bat ,Right-arm fast-medium,0,42,81,33,0,30,57,19,0,457,909,268,0,436,627,153,0,50,52,53,0,17.58,27.55,24.36,0,104.82,144.98,175.17,0,40,51,18,0,17,67,22,0,3,5,2,0,1,1,1,0,0,0,0,0,0,0,0,0,0,0,0,0,1564,1430,14,34,5.49,1362,2281,0,81,10.05,360,706,0,17,11.77
294,Akeal Hosein,West Indies,33,Bowler ,Left Handed Bat ,Left-arm orthodox,0,40,99,8,0,30,38,4,0,309,307,21,0,396,268,13,0,60,44,16,0,14.71,14.62,0,0,78.04,114.56,161.54,0,18,18,1,0,12,17,1,0,3,4,0,0,1,0,0,0,0,0,0,0,0,0,0,0,0,0,0,0,2210,1769,14,63,4.8,2018,2500,3,94,7.43,172,238,1,9,8.3
295,Craig Ervine,Zimbabwe,41,Batsman ,Left Handed Bat ,Right-arm offbreak,32,131,71,0,62,127,70,0,1991,3614,1449,0,4030,4736,1370,0,160,130,70,0,33.75,32.27,21.95,0,49.41,76.31,105.77,0,219,351,143,0,15,47,30,0,2,12,5,0,8,23,9,0,4,4,0,0,0,0,0,0,0,0,0,0,0,0,0,0,0,0,0,0,0,0,0,0,0,0,0,0
296,Hamilton Masakadza,Zimbabwe,43,Batting Allrounder ,Right Handed Bat ,Right-arm medium,38,209,66,0,76,208,66,0,2222,5658,1662,0,5008,7728,1418,0,158,178,93,0,30.03,27.74,25.97,0,44.37,73.22,117.21,0,265,585,151,0,23,86,65,0,10,15,1,0,8,34,11,0,5,5,0,0,0,0,0,0,1164,489,49,16,2.52,1844,1636,5,39,5.32,72,113,0,2,9.42,0,0,0,0,0
297,Sikandar Raza,Zimbabwe,40,Batting Allrounder ,Right Handed Bat ,Right-arm offbreak,22,156,144,9,42,147,139,9,1434,4521,3244,182,2555,5276,2391,136,127,141,133,57,34.14,36.46,25.54,26,56.13,85.69,135.68,133.83,146,377,252,12,17,107,151,8,3,3,12,0,11,24,17,1,1,7,1,0,0,0,0,0,3335,1782,68,40,3.21,5174,4184,26,95,4.85,2448,2862,5,114,7.01,84,141,0,3,10.07
298,Sean Williams,Zimbabwe,39,Batting Allrounder ,Left Handed Bat ,Left-arm orthodox,24,164,85,0,47,159,84,0,1946,5217,1805,0,3020,6000,1407,0,154,174,77,0,45.26,37.53,23.75,0,64.44,86.95,128.29,0,222,470,178,0,16,66,44,0,0,9,7,0,7,37,12,0,6,8,0,0,0,0,0,0,2488,1309,44,26,3.16,5014,4097,35,86,4.9,1242,1433,0,49,6.92,0,0,0,0,0
299,Solomon Mire,Zimbabwe,37,Batting Allrounder ,Right Handed Bat ,Right-arm fast-medium,2,47,9,0,4,47,8,0,78,955,253,0,135,1191,196,0,47,112,94,0,19.5,20.32,31.63,0,57.78,80.19,129.09,0,12,93,23,0,1,24,13,0,1,4,0,0,0,3,2,0,0,1,0,0,0,0,0,0,84,32,2,1,2.29,507,515,1,12,6.09,72,115,0,1,9.58,0,0,0,0,0
300,Brian Chari,Zimbabwe,34,Batting Allrounder ,Right Handed Bat ,Right-arm offbreak,7,14,3,0,14,14,3,0,254,186,21,0,642,399,31,0,80,39,19,0,18.14,13.29,7,0,39.57,46.62,67.75,0,26,12,4,0,6,2,0,0,2,0,1,0,2,0,0,0,0,0,0,0,0,0,0,0,18,12,0,0,4,0,0,0,0,0,0,0,0,0,0,0,0,0,0,0
301,Timycen Maruma,Zimbabwe,38,Batting Allrounder ,Right Handed Bat ,Right-arm legbreak,4,22,13,0,7,18,13,0,68,196,100,0,186,330,110,0,41,35,23,0,9.71,11.53,11.11,0,36.56,59.40,90.91,0,8,14,6,0,0,6,4,0,3,1,1,0,0,0,0,0,0,0,0,0,0,0,0,0,0,0,0,0,0,225,230,1,4,6.13,18,20,0,1,6.67,0,0,0,0,0
302,Elton Chigumbura,Zimbabwe,40,Bowling Allrounder ,Right Handed Bat ,Right-arm medium,14,213,57,0,27,198,56,0,569,4340,893,0,1133,5423,637,0,88,117,54,0,21.07,25.23,19,0,50.23,80.03,140.19,0,67,343,61,0,6,106,53,0,6,17,6,0,4,19,3,0,0,2,0,0,0,0,0,0,1806,966,61,21,3.21,4339,4274,23,101,5.91,276,427,0,16,9.28,0,0,0,0,0
303,Regis Chakabva,Zimbabwe,38,WK-Batsman ,Right Handed Bat ,Right-arm offbreak,22,61,49,0,43,57,49,0,1061,1188,682,0,2615,1751,557,0,101,102,48,0,27.21,22,14.51,0,40.58,67.85,122.45,0,102,93,59,0,8,9,27,0,3,3,11,0,5,4,0,0,1,1,0,0,0,0,0,0,0,0,0,0,0,0,0,0,0,0,0,0,0,0,0,0,0,0,0,0
304,Brendan Taylor,Zimbabwe,40,WK-Batsman ,Right Handed Bat ,Right-arm offbreak,37,207,59,0,72,205,57,0,2420,6704,1216,0,4354,8762,994,0,171,145,123,0,35.59,35.28,23.84,0,55.59,76.52,122.34,0,267,599,125,0,22,106,30,0,3,16,6,0,12,39,6,0,6,11,1,0,0,0,0,0,42,38,0,0,5.43,396,406,0,9,6.15,30,17,0,1,3.4,0,0,0,0,0
305,Donald Tiripano,Zimbabwe,38,Bowler ,Right Handed Bat ,Right-arm fast-medium,16,38,23,0,31,29,16,0,531,364,157,0,1631,549,158,0,95,55,28,0,22.13,17.33,13.08,0,32.56,66.31,99.37,0,71,30,9,0,1,8,6,0,5,2,3,0,2,1,0,0,0,0,0,0,0,0,0,0,2693,1273,99,26,2.84,1508,1456,12,36,5.79,417,617,0,16,8.88,0,0,0,0,0
306,Chris Mpofu,Zimbabwe,40,Bowler ,Right Handed Bat ,Right-arm medium,15,84,32,0,28,41,11,0,105,57,35,0,249,210,43,0,33,9,17,0,5.83,2.85,8.75,0,42.17,27.15,81.40,0,7,1,3,0,5,0,1,0,9,7,3,0,0,0,0,0,0,0,0,0,0,0,0,0,2489,1392,86,29,3.36,3960,3581,41,93,5.43,694,1036,0,33,8.96,0,0,0,0,0
307,Kyle Jarvis,Zimbabwe,37,Bowler ,Right Handed Bat ,Right-arm fast,13,49,22,0,24,33,12,0,128,222,55,0,384,337,64,0,25,37,27,0,9.14,9.65,7.86,0,33.34,65.88,85.94,0,13,22,1,0,1,3,4,0,4,4,4,0,0,0,0,0,0,0,0,0,0,0,0,0,2511,1354,79,46,3.24,2362,2087,23,58,5.3,448,665,0,28,8.91,0,0,0,0,0
308,Brandon Mavuta,Zimbabwe,29,Bowler ,Right Handed Bat ,Right-arm legbreak,5,14,13,0,8,10,10,0,82,92,65,0,208,107,51,0,56,28,28,0,10.25,11.5,16.25,0,39.43,85.99,127.46,0,11,10,3,0,1,1,3,0,3,1,1,0,1,0,0,0,0,0,0,0,0,0,0,0,1002,632,11,12,3.78,420,396,0,10,5.66,234,285,1,10,7.31,0,0,0,0,0
309,Ryan Burl,Zimbabwe,32,Batting Allrounder ,Left Handed Bat ,Right-arm legbreak,3,52,129,0,5,44,120,0,24,938,2201,0,70,1179,1768,0,16,83,67,0,4.8,24.68,26.2,0,34.29,79.56,124.50,0,3,73,159,0,0,23,85,0,3,2,5,0,0,6,6,0,0,0,0,0,0,0,0,0,228,107,3,4,2.82,730,766,2,19,6.3,1208,1470,3,62,7.3,0,0,0,0,0
310,Brian Bennett,Zimbabwe,22,Batting Allrounder ,Right Handed Bat ,Right-arm offbreak,12,14,74,0,20,14,71,0,568,371,2187,0,779,410,1540,0,139,169,111,0,29.89,26.5,33.65,0,72.92,90.49,142.02,0,79,45,251,0,5,5,67,0,3,4,6,0,3,0,13,0,2,1,1,0,0,0,0,0,528,335,4,6,3.81,56,69,0,1,7.39,180,256,2,9,8.53,0,0,0,0,0
311,Alistair Campbell,Zimbabwe,53,Batsman ,Left Handed Bat ,Right-arm offbreak,60,188,0,0,109,184,0,0,2858,5185,0,0,6843,7834,0,0,103,131,0,0,27.22,30.5,0,0,41.77,66.19,0,0,355,427,0,0,4,44,0,0,10,11,0,0,18,30,0,0,2,7,0,0,0,0,0,0,66,28,2,0,2.55,509,434,3,12,5.12,0,0,0,0,0,0,0,0,0,0
312,Tendai Chatara,Zimbabwe,35,Bowler ,Right Handed Bat ,Right-arm fast-medium,9,87,60,0,18,57,16,0,94,206,49,0,201,439,77,0,22,23,8,0,6.27,6.44,8.17,0,46.77,46.93,63.64,0,15,17,2,0,1,2,0,0,6,9,2,0,0,0,0,0,0,0,0,0,0,0,0,0,1824,728,92,26,2.39,4254,3751,55,115,5.29,1281,1557,4,65,7.29,0,0,0,0,0
313,Ben Curran,Zimbabwe,30,Batsman ,Left Handed Bat ,Right-arm offbreak,9,11,8,0,16,11,8,0,537,471,102,0,1006,621,76,0,121,118,38,0,33.56,52.33,12.75,0,53.38,75.85,134.22,0,66,48,12,0,1,0,3,0,0,1,1,0,1,2,0,0,1,2,0,0,0,0,0,0,0,0,0,0,0,0,0,0,0,0,0,0,0,0,0,0,0,0,0,0
314,Joylord Gumbie,Zimbabwe,30,WK-Batsman ,Right Handed Bat,,3,16,3,0,6,16,3,0,129,382,43,0,305,581,52,0,49,78,17,0,21.5,23.88,14.33,0,42.30,65.75,82.70,0,18,42,6,0,0,1,0,0,0,2,0,0,0,2,0,0,0,0,0,0,0,0,0,0,0,0,0,0,0,0,0,0,0,0,0,0,0,0,0,0,0,0,0,0
315,Luke Jongwe,Zimbabwe,31,Bowling Allrounder ,Right Handed Bat ,Right-arm medium,1,43,65,0,2,37,48,0,56,430,509,0,94,513,419,0,37,46,35,0,28,13.87,15.42,0,59.58,83.83,121.48,0,10,42,45,0,0,7,15,0,0,3,4,0,0,0,0,0,0,0,0,0,0,0,0,0,102,68,1,1,4,1415,1339,12,40,5.68,1020,1469,0,66,8.64,0,0,0,0,0
316,Innocent Kaia,Zimbabwe,34,Batting Allrounder ,Right Handed Bat ,Right-arm legbreak,3,22,22,0,5,22,22,0,312,505,390,0,514,808,341,0,140,110,72,0,62.4,24.05,17.73,0,60.71,62.50,114.37,0,40,43,37,0,0,6,11,0,0,0,1,0,1,2,2,0,1,1,0,0,0,0,0,0,0,0,0,0,0,28,22,0,0,4.71,12,9,0,0,4.5,0,0,0,0,0
317,Clive Madande,Zimbabwe,26,WK-Batsman ,Right Handed Bat,,1,20,49,0,2,16,40,0,10,294,610,0,31,405,534,0,10,74,53,0,5,19.6,19.68,0,32.26,72.60,114.24,0,1,28,48,0,0,0,20,0,1,2,3,0,0,2,1,0,0,0,0,0,0,0,0,0,0,0,0,0,0,0,0,0,0,0,0,0,0,0,0,0,0,0,0,0
318,Blessing Muzarabani,Zimbabwe,29,Bowler ,Right Handed Bat ,Right-arm fast-medium,19,59,99,2,33,42,34,0,288,138,65,0,556,280,94,0,47,17,9,0,12,5.31,3.42,0,51.80,49.29,69.15,0,37,10,7,0,7,3,2,0,6,14,9,0,0,0,0,0,0,0,0,0,0,0,0,0,3353,1840,110,73,3.29,2837,2392,30,74,5.06,2109,2555,9,117,7.27,42,75,0,4,10.71
319,Richard Ngarava,Zimbabwe,28,Bowler ,Left Handed Bat ,Left-arm fast-medium,12,57,98,0,19,36,39,0,139,299,125,0,310,365,117,0,28,48,15,0,9.27,13.59,5.95,0,44.84,81.92,106.84,0,15,31,13,0,2,9,4,0,4,6,8,0,0,0,0,0,0,0,0,0,0,0,0,0,1758,1014,45,30,3.46,2533,2234,27,76,5.29,2070,2568,12,124,7.44,0,0,0,0,0
320,Victor Nyauchi,Zimbabwe,34,Bowler ,Right Handed Bat ,Right-arm fast-medium,11,10,2,0,16,6,1,0,77,43,1,0,205,52,3,0,13,26,1,0,7.7,7.17,0,0,37.57,82.70,33.34,0,10,5,0,0,0,1,0,0,3,2,0,0,0,0,0,0,0,0,0,0,0,0,0,0,1688,960,47,23,3.41,402,353,5,7,5.27,42,66,0,3,9.43,0,0,0,0,0
321,William Porterfield,Ireland,42,Batsman ,Left Handed Bat ,Right-arm offbreak,3,147,61,0,6,145,59,0,58,4343,1079,0,227,6297,971,0,32,139,72,0,9.67,30.58,20.36,0,25.56,68.97,111.13,0,7,455,120,0,0,32,23,0,1,12,5,0,0,20,3,0,0,11,0,0,0,0,0,0,0,0,0,0,0,0,0,0,0,0,0,0,0,0,0,0,0,0,0,0
322,James McCollum,Ireland,31,Batsman ,Right Handed Bat ,Right-arm medium,6,10,0,0,12,10,0,0,199,188,0,0,502,280,0,0,39,73,0,0,16.58,18.8,0,0,39.65,67.15,0,0,27,26,0,0,0,1,0,0,1,1,0,0,0,2,0,0,0,0,0,0,0,0,0,0,0,0,0,0,0,0,0,0,0,0,0,0,0,0,0,0,0,0,0,0
323,Andrew Balbirnie,Ireland,35,Batsman ,Right Handed Bat ,Right-arm offbreak,13,120,109,0,26,114,106,0,575,3429,2392,0,1120,4594,1941,0,95,145,83,0,23,32.05,23.22,0,51.34,74.65,123.24,0,69,328,254,0,0,46,68,0,4,8,6,0,5,17,12,0,0,10,0,0,0,0,0,0,6,8,0,0,8,60,68,0,2,6.8,0,0,0,0,0,0,0,0,0,0
324,Tyrone Kane,Ireland,32,Batting Allrounder ,Right Handed Bat ,Right-arm fast-medium,1,0,8,0,2,0,4,0,14,0,45,0,98,0,34,0,14,0,26,0,7,0,15,0,14.29,0,132.36,0,1,0,6,0,0,0,0,0,1,0,0,0,0,0,0,0,0,0,0,0,0,0,0,0,156,103,3,0,3.96,0,0,0,0,0,92,143,0,9,9.33,0,0,0,0,0
325,Kevin O,Ireland,42,Batting Allrounder ,Right Handed Bat ,Right-arm fast-medium,3,152,109,0,6,141,103,0,258,3619,1973,0,467,4076,1506,0,118,142,124,0,51.6,29.42,21.22,0,55.25,88.79,131.01,0,29,332,165,0,0,84,82,0,0,6,12,0,1,18,5,0,1,2,1,0,0,0,0,0,60,31,2,0,3.1,4296,3726,31,114,5.2,917,1148,0,58,7.51,0,0,0,0,0
326,Paul Stirling,Ireland,36,Batting Allrounder ,Right Handed Bat ,Right-arm offbreak,10,173,163,0,20,166,160,0,521,6080,3895,0,840,6952,2899,0,103,177,115,0,26.05,37.3,25.97,0,62.03,87.46,134.36,0,69,654,449,0,7,151,142,0,1,13,14,0,2,32,24,0,1,14,1,0,0,0,0,0,12,11,0,0,5.5,2441,1942,8,43,4.77,522,647,1,20,7.44,0,0,0,0,0
327,George Dockrell,Ireland,34,Bowling Allrounder ,Right Handed Bat ,Left-arm orthodox,2,134,158,0,4,95,109,0,98,1490,1426,0,257,1827,1066,0,39,91,58,0,24.5,22.58,20.37,0,38.14,81.56,133.78,0,14,118,105,0,0,29,56,0,0,6,9,0,0,6,2,0,0,0,0,0,0,0,0,0,369,233,11,3,3.79,4871,3985,31,111,4.91,1730,2012,1,91,6.98,0,0,0,0,0
328,Stuart Thompson,Ireland,35,Bowling Allrounder ,Left Handed Bat ,Right-arm fast-medium,3,19,40,0,6,15,30,0,64,228,328,0,194,251,254,0,53,39,56,0,10.67,16.29,14.91,0,32.99,90.84,129.14,0,7,24,23,0,0,3,14,0,1,0,1,0,1,0,1,0,0,0,0,0,0,0,0,0,410,204,14,10,2.99,559,490,1,12,5.26,474,670,0,18,8.48,0,0,0,0,0
329,Andy McBrine,Ireland,33,Bowling Allrounder ,Left Handed Bat ,Right-arm offbreak,12,95,32,0,23,65,18,0,667,920,155,0,1242,1287,132,0,90,79,36,0,35.11,18.04,12.92,0,53.71,71.49,117.43,0,84,87,11,0,3,14,5,0,2,5,1,0,6,2,0,0,0,0,0,0,0,0,0,0,2560,1475,56,34,3.46,4523,3459,38,91,4.59,408,487,0,23,7.16,0,0,0,0,0
330,Gary Wilson,Ireland,40,WK-Batsman ,Right Handed Bat,,2,104,81,0,4,99,68,0,45,2072,1268,0,114,2881,1212,0,33,113,65,0,15,23.82,21.13,0,39.48,71.92,104.63,0,7,180,108,0,0,21,20,0,2,6,4,0,0,12,3,0,0,1,0,0,0,0,0,0,0,0,0,0,0,0,0,0,0,0,0,0,0,0,0,0,0,0,0,0
331,Lorcan Tucker,Ireland,30,WK-Batsman ,Right Handed Bat,,10,62,93,0,20,52,87,0,753,1094,1795,0,1256,1308,1450,0,108,85,94,0,41.83,23.78,23.01,0,59.96,83.64,123.80,0,96,99,168,0,5,15,46,0,2,3,8,0,5,5,12,0,1,0,0,0,0,0,0,0,0,0,0,0,0,0,0,0,0,0,0,0,0,0,0,0,0,0,0,0
332,Peter Chase,Ireland,32,Bowler ,Right Handed Bat ,Right-arm fast-medium,0,24,12,0,0,16,5,0,0,35,7,0,0,56,13,0,0,14,4,0,0,3.5,7,0,0,62.50,53.85,0,0,3,1,0,0,1,0,0,0,7,0,0,0,0,0,0,0,0,0,0,0,0,0,0,0,0,0,0,0,1238,1356,2,34,6.57,251,416,0,15,9.94,0,0,0,0,0
333,Tim Murtagh,Ireland,45,Bowler ,Left Handed Bat ,Right-arm fast-medium,3,58,14,0,6,36,5,0,109,188,26,0,132,297,25,0,54,23,12,0,27.25,7.83,13,0,82.58,63.30,104.00,0,14,17,0,0,2,1,1,0,0,7,0,0,1,0,0,0,0,0,0,0,0,0,0,0,570,213,25,13,2.24,3020,2290,45,74,4.55,268,324,0,13,7.25,0,0,0,0,0
334,Mark Adair,Ireland,30,Bowler ,Right Handed Bat ,Right-arm fast,8,57,100,0,15,42,70,0,397,488,844,0,576,478,656,0,88,32,72,0,33.08,16.83,15.35,0,68.93,102.10,128.66,0,54,35,57,0,5,22,40,0,2,3,6,0,2,0,1,0,0,0,0,0,0,0,0,0,1312,781,38,28,3.57,2667,2547,27,77,5.73,2157,2814,3,142,7.83,0,0,0,0,0
335,Barry McCarthy,Ireland,33,Bowler ,Right Handed Bat ,Right-arm fast-medium,4,48,69,0,6,31,41,0,73,220,301,0,161,357,262,0,31,41,51,0,12.17,9.17,12.04,0,45.35,61.63,114.89,0,6,18,19,0,1,3,16,0,1,5,8,0,0,0,1,0,0,0,0,0,0,0,0,0,645,320,18,16,2.98,2405,2366,14,81,5.9,1481,2138,3,73,8.66,0,0,0,0,0
336,Boyd Rankin,Ireland,42,Bowler ,Left Handed Bat ,Right-arm fast-medium,3,75,50,0,6,34,15,0,43,101,64,0,99,239,74,0,17,18,16,0,8.6,7.77,9.14,0,43.44,42.26,86.49,0,6,4,3,0,0,1,3,0,1,4,2,0,0,0,0,0,0,0,0,0,0,0,0,0,443,304,6,8,4.12,3708,2958,42,107,4.79,1068,1219,2,55,6.85,0,0,0,0,0
337,Ross Adair,Ireland,32,Batsman ,Right Handed Bat ,Left-arm orthodox,0,0,23,0,0,0,23,0,0,0,531,0,0,0,375,0,0,0,100,0,0,0,23.09,0,0,0,141.60,0,0,0,51,0,0,0,30,0,0,0,0,0,0,0,1,0,0,0,1,0,0,0,0,0,0,0,0,0,0,0,0,0,0,0,0,0,0,0,0,0,0,0,0,0
338,Curtis Campher,Ireland,27,Bowling Allrounder ,Right Handed Bat ,Right-arm medium,10,47,70,0,20,39,60,0,466,1320,1067,0,1115,1568,857,0,111,120,72,0,24.53,35.68,20.92,0,41.80,84.19,124.51,0,62,127,86,0,8,24,31,0,5,0,5,0,1,9,4,0,1,1,0,0,0,0,0,0,600,465,7,6,4.65,1270,1243,5,33,5.87,823,1130,2,32,8.24,0,0,0,0,0
339,Gareth Delany,Ireland,29,Batting Allrounder ,Right Handed Bat ,Right-arm legbreak,0,21,93,0,0,18,79,0,0,234,1294,0,0,246,963,0,0,22,89,0,0,18,20.54,0,0,95.13,134.38,0,0,20,100,0,0,6,61,0,0,1,5,0,0,0,4,0,0,0,0,0,0,0,0,0,0,0,0,0,0,390,410,0,7,6.31,1244,1565,1,60,7.55,0,0,0,0,0
340,Stephen Doheny,Ireland,28,WK-Batsman ,Right Handed Bat,,2,11,3,0,4,9,3,0,118,165,19,0,248,264,21,0,57,84,15,0,29.5,18.33,6.33,0,47.59,62.50,90.48,0,13,16,2,0,1,2,0,0,1,1,0,0,1,1,0,0,0,0,0,0,0,0,0,0,0,0,0,0,0,0,0,0,0,0,0,0,0,0,0,0,0,0,0,0
341,Fionn Hand,Ireland,28,Bowling Allrounder ,Right Handed Bat ,Right-arm medium,1,1,14,0,2,1,10,0,8,0,63,0,41,1,48,0,7,0,36,0,4,0,9,0,19.52,0.00,131.25,0,0,0,8,0,0,0,2,0,0,1,2,0,0,0,0,0,0,0,0,0,0,0,0,0,114,113,2,1,5.95,48,44,0,1,5.5,164,273,0,7,9.99,0,0,0,0,0
342,Graham Hume,Ireland,35,Bowler ,Left Handed Bat ,Right-arm fast-medium,3,21,10,0,6,10,5,0,36,79,38,0,138,124,29,0,14,21,20,0,7.2,15.8,19,0,26.09,63.71,131.04,0,6,5,2,0,0,2,2,0,1,0,0,0,0,0,0,0,0,0,0,0,0,0,0,0,300,209,5,2,4.18,964,858,9,28,5.34,188,302,1,11,9.64,0,0,0,0,0
343,Matthew Humphreys,Ireland,23,Bowler ,Right Handed Bat ,Left-arm orthodox,5,6,20,0,9,3,7,0,67,6,14,0,152,10,19,0,27,4,7,0,11.17,6,2.8,0,44.08,60.00,73.69,0,9,1,1,0,2,0,0,0,2,1,1,0,0,0,0,0,0,0,0,0,0,0,0,0,997,557,14,15,3.35,246,211,2,1,5.15,449,530,0,29,7.08,0,0,0,0,0
344,Joshua Little,Ireland,26,Bowler ,Right Handed Bat ,Left-arm fast-medium,0,42,77,11,0,15,32,0,0,81,132,0,0,87,154,0,0,29,22,0,0,8.1,11,0,0,93.11,85.72,0,0,11,11,0,0,2,3,0,0,3,4,0,0,0,0,0,0,0,0,0,0,0,0,0,0,0,0,0,0,2021,2095,12,61,6.22,1692,2138,3,85,7.58,228,339,0,11,8.92
345,Peter Moor,Ireland,35,WK-Batsman ,Right Handed Bat ,Right-arm offbreak,15,49,21,0,30,45,19,0,734,828,364,0,1569,1225,286,0,83,58,92,0,25.31,20.7,24.27,0,46.79,67.60,127.28,0,83,48,22,0,7,30,24,0,4,3,0,0,6,4,1,0,0,0,0,0,0,0,0,0,0,0,0,0,0,0,0,0,0,0,0,0,0,0,0,0,0,0,0,0
346,Tom Cooper,Netherlands,39,Batsman ,Right Handed Bat ,Right-arm offbreak,0,32,31,0,0,31,32,0,0,1319,659,0,0,1813,509,0,0,101,81,0,0,45.48,23.54,0,0,72.76,129.47,0,0,115,62,0,0,8,22,0,0,0,3,0,0,12,3,0,0,1,0,0,0,0,0,0,0,0,0,0,0,649,513,5,14,4.74,114,145,0,3,7.63,0,0,0,0,0
347,Tom de,Netherlands,47,Batsman ,Right Handed Bat ,Right-arm offbreak,0,34,14,0,0,32,12,0,0,480,161,0,0,774,152,0,0,97,49,0,0,16.55,20.13,0,0,62.02,105.93,0,0,46,16,0,0,2,1,0,0,1,0,0,0,1,0,0,0,0,0,0,0,0,0,0,0,0,0,0,0,6,2,0,1,2,0,0,0,0,0,0,0,0,0,0
348,Wilfred Diepeveen,Netherlands,41,Batsman ,Right Handed Bat ,Right-arm legbreak,0,1,0,0,0,1,0,0,0,6,0,0,0,7,0,0,0,6,0,0,0,6,0,0,0,85.72,0,0,0,1,0,0,0,0,0,0,0,0,0,0,0,0,0,0,0,0,0,0,0,0,0,0,0,0,0,0,0,0,0,0,0,0,0,0,0,0,0,0,0,0,0,0
349,Tim Gruijters,Netherlands,35,Batsman ,Right Handed Bat ,Right-arm medium,0,5,8,0,0,4,5,0,0,68,51,0,0,116,47,0,0,32,21,0,0,22.67,25.5,0,0,58.63,108.52,0,0,5,3,0,0,2,1,0,0,0,0,0,0,0,0,0,0,0,0,0,0,0,0,0,0,0,0,0,0,120,79,1,2,3.95,72,74,0,3,6.17,0,0,0,0,0
350,Alexei Kervezee,Netherlands,37,Batsman ,Right Handed Bat ,Right-arm medium,0,39,9,0,0,36,10,0,0,924,289,0,0,1263,262,0,0,92,58,0,0,28,32.11,0,0,73.16,110.31,0,0,95,19,0,0,10,6,0,0,2,0,0,0,4,2,0,0,0,0,0,0,0,0,0,0,0,0,0,0,24,34,0,0,8.5,0,0,0,0,0,0,0,0,0,0
351,Neil Kruger,Netherlands,45,Batsman ,Right Handed Bat ,Right-arm medium,0,1,0,0,0,1,0,0,0,5,0,0,0,20,0,0,0,5,0,0,0,5,0,0,0,25.00,0,0,0,0,0,0,0,0,0,0,0,0,0,0,0,0,0,0,0,0,0,0,0,0,0,0,0,0,0,0,0,0,0,0,0,0,0,0,0,0,0,0,0,0,0,0
352,Stephan Myburgh,Netherlands,42,Batsman ,Left Handed Bat ,Right-arm offbreak,0,22,43,0,0,22,44,0,0,527,915,0,0,662,799,0,0,74,71,0,0,26.35,21.79,0,0,79.61,114.52,0,0,65,100,0,0,12,28,0,0,2,8,0,0,4,5,0,0,0,0,0,0,0,0,0,0,0,0,0,0,0,0,0,0,0,0,0,0,0,0,0,0,0,0,0
353,Max O,Netherlands,32,Batsman ,Right Handed Bat ,Right-arm offbreak,0,70,91,0,0,71,88,0,0,2300,2354,0,0,3119,1932,0,0,158,133,0,0,34.33,29.06,0,0,73.75,121.85,0,0,226,244,0,0,36,55,0,0,4,2,0,0,16,16,0,0,1,1,0,0,0,0,0,0,0,0,0,0,129,149,0,1,6.93,106,155,0,4,8.77,0,0,0,0,0
354,Edgar Schiferli,Netherlands,50,Batsman ,Right Handed Bat ,Right-arm fast-medium,0,30,7,0,0,22,3,0,0,161,7,0,0,218,16,0,0,41,5,0,0,10.06,3.5,0,0,73.86,43.75,0,0,18,0,0,0,5,0,0,0,4,1,0,0,0,0,0,0,0,0,0,0,0,0,0,0,0,0,0,0,1294,1009,16,33,4.68,138,146,0,6,6.35,0,0,0,0,0
355,Sikander Zulfiqar,Netherlands,29,Batsman ,Right Handed Bat ,Right-arm medium,0,0,12,0,0,0,9,0,0,0,70,0,0,0,71,0,0,0,18,0,0,0,8.75,0,0,0,98.60,0,0,0,5,0,0,0,0,0,0,0,0,0,0,0,0,0,0,0,0,0,0,0,0,0,0,0,0,0,0,0,0,0,0,0,60,79,0,3,7.9,0,0,0,0,0
356,Michael Swart,Netherlands,43,Batsman ,Right Handed Bat ,Right-arm offbreak,0,12,25,0,0,11,25,0,0,197,621,0,0,273,537,0,0,52,89,0,0,19.7,27,0,0,72.17,115.65,0,0,19,53,0,0,5,16,0,0,1,1,0,0,1,4,0,0,0,0,0,0,0,0,0,0,0,0,0,0,366,306,0,3,5.02,318,351,1,14,6.62,0,0,0,0,0
357,Eric Gouka,Netherlands,56,Batsman ,Right Handed Bat ,Right-arm medium,0,3,0,0,0,2,0,0,0,19,0,0,0,36,0,0,0,19,0,0,0,19,0,0,0,52.78,0,0,0,2,0,0,0,0,0,0,0,0,0,0,0,0,0,0,0,0,0,0,0,0,0,0,0,0,0,0,0,22,51,0,1,13.91,0,0,0,0,0,0,0,0,0,0
358,Peter Borren,Netherlands,43,Batting Allrounder ,Right Handed Bat ,Right-arm medium,0,58,41,0,0,50,38,0,0,1004,637,0,0,1175,524,0,0,96,57,0,0,22.31,19.3,0,0,85.45,121.57,0,0,84,60,0,0,19,18,0,0,5,2,0,0,5,1,0,0,0,0,0,0,0,0,0,0,0,0,0,0,1979,1619,11,46,4.91,526,603,0,18,6.88,0,0,0,0,0
359,Vinoo Tewarie,Netherlands,34,Batting Allrounder ,Right Handed Bat ,Right-arm legbreak,0,1,0,0,0,1,0,0,0,4,0,0,0,22,0,0,0,4,0,0,0,4,0,0,0,18.19,0,0,0,0,0,0,0,0,0,0,0,0,0,0,0,0,0,0,0,0,0,0,0,0,0,0,0,0,0,0,0,0,0,0,0,0,0,0,0,0,0,0,0,0,0,0
360,Daan van,Netherlands,43,Batting Allrounder ,Right Handed Bat ,Right-arm legbreak,0,37,14,0,0,31,12,0,0,633,90,0,0,953,104,0,0,80,24,0,0,21.1,11.25,0,0,66.43,86.54,0,0,57,2,0,0,15,3,0,0,2,2,0,0,3,0,0,0,0,0,0,0,0,0,0,0,0,0,0,0,331,329,1,11,5.96,14,15,0,1,6.43,0,0,0,0,0
361,Ben Cooper,Netherlands,34,Bowling Allrounder ,Left Handed Bat ,Right-arm medium,0,13,57,0,0,11,55,0,0,187,1239,0,0,207,993,0,0,74,91,0,0,18.7,28.16,0,0,90.34,124.78,0,0,23,118,0,0,4,38,0,0,2,7,0,0,1,9,0,0,0,0,0,0,0,0,0,0,0,0,0,0,0,0,0,0,0,0,0,0,0,0,0,0,0,0,0
362,Tom Heggelman,Netherlands,39,Bowling Allrounder ,Right Handed Bat ,Right-arm medium,0,5,0,0,0,5,0,0,0,27,0,0,0,85,0,0,0,22,0,0,0,5.4,0,0,0,31.77,0,0,0,0,0,0,0,0,0,0,0,0,0,0,0,0,0,0,0,0,0,0,0,0,0,0,0,0,0,0,0,102,86,0,5,5.06,0,0,0,0,0,0,0,0,0,0
363,Michael Rippon,New Zealand,34,Bowling Allrounder ,Right Handed Bat ,Left-arm wrist-spin,0,9,19,0,0,7,11,0,0,180,216,0,0,254,192,0,0,67,42,0,0,30,30.86,0,0,70.87,112.50,0,0,12,15,0,0,4,3,0,0,0,2,0,0,2,0,0,0,0,0,0,0,0,0,0,0,0,0,0,0,402,299,4,13,4.46,328,347,2,17,6.35,0,0,0,0,0
364,Pieter Seelaar,Netherlands,39,Bowling Allrounder ,Right Handed Bat ,Left-arm orthodox,0,57,75,0,0,39,46,0,0,347,591,0,0,593,532,0,0,43,96,0,0,11.97,17.38,0,0,58.52,111.10,0,0,26,43,0,0,5,12,0,0,9,1,0,0,0,1,0,0,0,0,0,0,0,0,0,0,0,0,0,0,2609,2035,19,57,4.68,1132,1290,4,58,6.84,0,0,0,0,0
365,Timm van,Netherlands,35,Bowling Allrounder ,Right Handed Bat ,Right-arm fast-medium,0,14,48,0,0,9,15,0,0,118,168,0,0,170,124,0,0,49,40,0,0,16.86,16.8,0,0,69.42,135.49,0,0,5,8,0,0,4,9,0,0,0,2,0,0,0,0,0,0,0,0,0,0,0,0,0,0,0,0,0,0,552,310,11,14,3.37,925,1171,1,52,7.6,0,0,0,0,0
366,Rahil Ahmed,Netherlands,32,WK-Batsman ,Right Handed Bat,,0,0,2,0,0,0,2,0,0,0,38,0,0,0,50,0,0,0,25,0,0,0,19,0,0,0,76.00,0,0,0,2,0,0,0,0,0,0,0,0,0,0,0,0,0,0,0,0,0,0,0,0,0,0,0,0,0,0,0,0,0,0,0,0,0,0,0,0,0,0,0,0,0
367,Wesley Barresi,Netherlands,42,WK-Batsman ,Right Handed Bat ,Right-arm offbreak,0,55,44,0,0,54,44,0,0,1353,812,0,0,1775,706,0,0,137,75,0,0,27.61,21.95,0,0,76.23,115.02,0,0,138,71,0,0,21,21,0,0,6,4,0,0,8,4,0,0,1,0,0,0,0,0,0,0,0,0,0,0,30,37,0,0,7.4,34,49,0,2,8.65,0,0,0,0,0
368,Tobias Visee,Netherlands,35,WK-Batsman ,Right Handed Bat,,0,3,31,0,0,3,31,0,0,72,496,0,0,66,339,0,0,41,78,0,0,24,16,0,0,109.10,146.32,0,0,11,68,0,0,2,17,0,0,0,5,0,0,0,3,0,0,0,0,0,0,0,0,0,0,0,0,0,0,0,0,0,0,0,0,0,0,0,0,0,0,0,0,0
369,Ahsan Malik,Netherlands,37,Bowler ,Right Handed Bat ,Right-arm fast-medium,0,12,29,0,0,5,8,0,0,14,28,0,0,24,30,0,0,10,11,0,0,0,9.33,0,0,58.34,93.34,0,0,1,1,0,0,0,1,0,0,0,1,0,0,0,0,0,0,0,0,0,0,0,0,0,0,0,0,0,0,471,409,1,12,5.21,575,730,1,44,7.62,0,0,0,0,0
370,Mudassar Bukhari,Netherlands,42,Bowler ,Right Handed Bat ,Right-arm fast-medium,0,46,36,0,0,34,26,0,0,516,157,0,0,672,152,0,0,71,28,0,0,17.2,8.72,0,0,76.79,103.29,0,0,38,10,0,0,19,4,0,0,4,1,0,0,2,0,0,0,0,0,0,0,0,0,0,0,0,0,0,0,2036,1601,31,57,4.72,704,781,4,43,6.66,0,0,0,0,0
371,Vivian Kingma,Netherlands,31,Bowler ,Right Handed Bat ,Right-arm medium,0,30,26,0,0,13,6,0,0,16,10,0,0,58,21,0,0,9,4,0,0,1.6,2.5,0,0,27.59,47.62,0,0,0,0,0,0,1,0,0,0,5,1,0,0,0,0,0,0,0,0,0,0,0,0,0,0,0,0,0,0,1364,1154,14,40,5.08,524,682,1,24,7.81,0,0,0,0,0
372,Logan van,Netherlands,36,Bowler ,Right Handed Bat ,Right-arm fast-medium,0,37,34,0,0,35,23,0,0,526,108,0,0,637,134,0,0,59,23,0,0,21.92,7.2,0,0,82.58,80.60,0,0,32,4,0,0,13,1,0,0,3,3,0,0,1,0,0,0,0,0,0,0,0,0,0,0,0,0,0,0,1905,1715,22,55,5.4,648,841,2,43,7.79,0,0,0,0,0
373,Paul van,Netherlands,33,Bowler ,Right Handed Bat ,Right-arm fast-medium,0,38,77,0,0,28,27,0,0,145,136,0,0,220,123,0,0,21,24,0,0,8.53,6.8,0,0,65.91,110.57,0,0,9,9,0,0,3,6,0,0,4,7,0,0,0,0,0,0,0,0,0,0,0,0,0,0,0,0,0,0,1871,1675,13,61,5.37,1554,1831,5,86,7.07,0,0,0,0,0
374,Thijs van,Netherlands,37,Bowler ,Left Handed Bat ,Left-arm orthodox,0,0,2,0,0,0,0,0,0,0,0,0,0,0,0,0,0,0,0,0,0,0,0,0,0,0,0,0,0,0,0,0,0,0,0,0,0,0,0,0,0,0,0,0,0,0,0,0,0,0,0,0,0,0,0,0,0,0,0,0,0,0,42,30,0,3,4.29,0,0,0,0,0
375,Naresh Bahadur,Nepal,34,Batsman ,Right Handed Bat ,Right-arm medium,0,0,4,0,0,0,3,0,0,0,7,0,0,0,19,0,0,0,5,0,0,0,3.5,0,0,0,36.85,0,0,0,0,0,0,0,0,0,0,0,1,0,0,0,0,0,0,0,0,0,0,0,0,0,0,0,0,0,0,0,0,0,0,0,0,0,0,0,0,0,0,0,0,0
376,Rajesh Pulami,Nepal,34,Batsman ,Right Handed Bat ,Right-arm legbreak,0,0,6,0,0,0,6,0,0,0,52,0,0,0,89,0,0,0,25,0,0,0,8.67,0,0,0,58.43,0,0,0,0,0,0,0,3,0,0,0,1,0,0,0,0,0,0,0,0,0,0,0,0,0,0,0,0,0,0,0,0,0,0,0,0,0,0,0,0,0,0,0,0,0
377,Gyanendra Malla,Nepal,35,Batsman ,Right Handed Bat,,0,37,44,0,0,37,39,0,0,876,883,0,0,1318,734,0,0,75,107,0,0,24.33,23.24,0,0,66.47,120.30,0,0,90,76,0,0,15,36,0,0,3,1,0,0,7,2,0,0,0,1,0,0,0,0,0,0,0,0,0,0,18,18,0,1,6,0,0,0,0,0,0,0,0,0,0
378,Anil Mandal,Nepal,35,Batsman ,Right Handed Bat,,0,0,2,0,0,0,2,0,0,0,11,0,0,0,25,0,0,0,9,0,0,0,5.5,0,0,0,44.00,0,0,0,0,0,0,0,0,0,0,0,0,0,0,0,0,0,0,0,0,0,0,0,0,0,0,0,0,0,0,0,0,0,0,0,0,0,0,0,0,0,0,0,0,0
379,Sharad Vesawkar,Nepal,37,Batsman ,Right Handed Bat ,Right-arm offbreak,0,4,21,0,0,4,19,0,0,66,325,0,0,151,328,0,0,55,40,0,0,22,23.21,0,0,43.71,99.09,0,0,5,26,0,0,0,7,0,0,0,0,0,0,1,0,0,0,0,0,0,0,0,0,0,0,0,0,0,0,36,21,1,2,3.5,30,41,0,0,8.2,0,0,0,0,0
380,Paras Khadka,Nepal,38,Batting Allrounder ,Right Handed Bat ,Right-arm fast-medium,0,10,33,0,0,10,32,0,0,315,799,0,0,398,623,0,0,115,106,0,0,35,27.55,0,0,79.15,128.26,0,0,40,82,0,0,5,26,0,0,0,3,0,0,1,4,0,0,1,1,0,0,0,0,0,0,0,0,0,0,372,243,2,9,3.92,354,363,2,8,6.15,0,0,0,0,0
381,Amrit Bhattarai,Nepal,35,Bowling Allrounder ,Right Handed Bat ,Left-arm medium,0,0,1,0,0,0,1,0,0,0,2,0,0,0,3,0,0,0,2,0,0,0,2,0,0,0,66.67,0,0,0,0,0,0,0,0,0,0,0,0,0,0,0,0,0,0,0,0,0,0,0,0,0,0,0,0,0,0,0,0,0,0,0,18,12,0,1,4,0,0,0,0,0
382,Shakti Gauchan,Nepal,42,Bowling Allrounder ,Right Handed Bat ,Left-arm orthodox,0,1,9,0,0,1,5,0,0,9,13,0,0,44,43,0,0,9,6,0,0,0,4.33,0,0,20.46,30.24,0,0,0,0,0,0,0,0,0,0,0,2,0,0,0,0,0,0,0,0,0,0,0,0,0,0,0,0,0,0,24,15,0,0,3.75,180,169,0,8,5.63,0,0,0,0,0
383,Karan KC,Nepal,34,Bowling Allrounder ,Right Handed Bat ,Right-arm medium,0,75,91,0,0,56,52,0,0,729,495,0,0,810,326,0,0,65,45,0,0,16.2,14.14,0,0,90.00,151.85,0,0,50,22,0,0,37,41,0,0,6,5,0,0,1,0,0,0,0,0,0,0,0,0,0,0,0,0,0,0,3304,2781,44,110,5.05,1771,2295,7,112,7.78,0,0,0,0,0
384,Avinash Karn,Nepal,31,Bowling Allrounder ,Right Handed Bat ,Left-arm medium,0,0,2,0,0,0,1,0,0,0,4,0,0,0,7,0,0,0,4,0,0,0,4,0,0,0,57.15,0,0,0,0,0,0,0,0,0,0,0,0,0,0,0,0,0,0,0,0,0,0,0,0,0,0,0,0,0,0,0,0,0,0,0,48,49,0,1,6.13,0,0,0,0,0
385,Basant Regmi,Nepal,40,Bowling Allrounder ,Left Handed Bat ,Left-arm orthodox,0,4,18,0,0,4,11,0,0,13,24,0,0,47,56,0,0,12,11,0,0,3.25,3.43,0,0,27.66,42.86,0,0,2,2,0,0,0,0,0,0,2,1,0,0,0,0,0,0,0,0,0,0,0,0,0,0,0,0,0,0,174,117,0,4,4.03,373,405,0,25,6.51,0,0,0,0,0
386,Sagar Pun,Nepal,33,Bowling Allrounder ,Right Handed Bat ,Right-arm offbreak,0,1,9,0,0,1,9,0,0,3,90,0,0,20,100,0,0,3,20,0,0,3,10,0,0,15.00,90.00,0,0,0,13,0,0,0,0,0,0,0,0,0,0,0,0,0,0,0,0,0,0,0,0,0,0,0,0,0,0,0,0,0,0,0,141,131,0,6,5.57,0,0,0,0,0
387,Sompal Kami,Nepal,30,Bowling Allrounder ,Right Handed Bat ,Right-arm fast-medium,0,75,92,0,0,57,53,0,0,823,392,0,0,1079,343,0,0,67,40,0,0,20.07,11.53,0,0,76.28,114.29,0,0,60,29,0,0,19,15,0,0,2,5,0,0,3,0,0,0,0,0,0,0,0,0,0,0,0,0,0,0,3305,2925,41,99,5.31,1920,2061,21,89,6.44,0,0,0,0,0
388,Pradeep Airee,Nepal,34,WK-Batsman ,Right Handed Bat ,Right-arm medium,0,0,12,0,0,0,12,0,0,0,91,0,0,0,107,0,0,0,29,0,0,0,7.58,0,0,0,85.05,0,0,0,10,0,0,0,1,0,0,0,4,0,0,0,0,0,0,0,0,0,0,0,0,0,0,0,0,0,0,0,0,0,0,0,0,0,0,0,0,0,0,0,0,0
389,Binod Bhandari,Nepal,36,WK-Batsman ,Right Handed Bat ,Right-arm medium,0,20,40,0,0,17,31,0,0,341,405,0,0,556,354,0,0,59,58,0,0,20.06,16.88,0,0,61.34,114.41,0,0,32,32,0,0,3,15,0,0,1,1,0,0,2,2,0,0,0,0,0,0,0,0,0,0,0,0,0,0,0,0,0,0,0,0,0,0,0,0,0,0,0,0,0
390,Jitendra Mukhiya,Nepal,33,Bowler ,Right Handed Bat ,Right-arm fast-medium,0,0,10,0,0,0,3,0,0,0,6,0,0,0,12,0,0,0,5,0,0,0,6,0,0,0,50.00,0,0,0,0,0,0,0,0,0,0,0,0,0,0,0,0,0,0,0,0,0,0,0,0,0,0,0,0,0,0,0,0,0,0,0,156,168,0,10,6.46,0,0,0,0,0
391,Louis Burger,Namibia,48,Batsman ,Right Handed Bat ,Right-arm medium,0,6,0,0,0,6,0,0,0,11,0,0,0,62,0,0,0,5,0,0,0,2.2,0,0,0,17.75,0,0,0,1,0,0,0,0,0,0,0,2,0,0,0,0,0,0,0,0,0,0,0,0,0,0,0,0,0,0,0,330,297,3,6,5.4,0,0,0,0,0,0,0,0,0,0
392,Morne Karg,Namibia,49,Batsman ,Right Handed Bat,,0,3,0,0,0,2,0,0,0,45,0,0,0,65,0,0,0,41,0,0,0,22.5,0,0,0,69.24,0,0,0,4,0,0,0,1,0,0,0,0,0,0,0,0,0,0,0,0,0,0,0,0,0,0,0,0,0,0,0,0,0,0,0,0,0,0,0,0,0,0,0,0,0,0
393,Danie Keulder,Namibia,53,Batsman ,Right Handed Bat ,Right-arm offbreak,0,6,0,0,0,6,0,0,0,132,0,0,0,220,0,0,0,52,0,0,0,22,0,0,0,60.00,0,0,0,11,0,0,0,0,0,0,0,1,0,0,0,1,0,0,0,0,0,0,0,0,0,0,0,0,0,0,0,0,0,0,0,0,0,0,0,0,0,0,0,0,0,0
394,Bjorn Kotze,Namibia,47,Batsman ,Right Handed Bat ,Right-arm fast-medium,0,5,0,0,0,4,0,0,0,27,0,0,0,51,0,0,0,24,0,0,0,9,0,0,0,52.95,0,0,0,3,0,0,0,0,0,0,0,2,0,0,0,0,0,0,0,0,0,0,0,0,0,0,0,0,0,0,0,258,276,2,3,6.42,0,0,0,0,0,0,0,0,0,0
395,Deon Kotze,Namibia,53,Batsman ,Right Handed Bat ,Right-arm offbreak,0,6,0,0,0,6,0,0,0,82,0,0,0,135,0,0,0,27,0,0,0,16.4,0,0,0,60.75,0,0,0,3,0,0,0,1,0,0,0,0,0,0,0,0,0,0,0,0,0,0,0,0,0,0,0,0,0,0,0,282,256,0,2,5.45,0,0,0,0,0,0,0,0,0,0
396,Lennie Louw,Namibia,67,Batsman ,Right Handed Bat,,0,1,0,0,0,0,0,0,0,0,0,0,0,0,0,0,0,0,0,0,0,0,0,0,0,0,0,0,0,0,0,0,0,0,0,0,0,0,0,0,0,0,0,0,0,0,0,0,0,0,0,0,0,0,0,0,0,60,60,0,1,6,0,0,0,0,0,0,0,0,0,0
397,Melt van,Namibia,58,Batsman ,Right Handed Bat,,0,5,0,0,0,5,0,0,0,58,0,0,0,111,0,0,0,24,0,0,0,14.5,0,0,0,52.26,0,0,0,3,0,0,0,1,0,0,0,0,0,0,0,0,0,0,0,0,0,0,0,0,0,0,0,0,0,0,0,0,0,0,0,0,0,0,0,0,0,0,0,0,0,0
398,Rudi van,Namibia,53,Batsman ,Right Handed Bat ,Right-arm fast-medium,0,5,0,0,0,5,0,0,0,26,0,0,0,38,0,0,0,14,0,0,0,8.67,0,0,0,68.43,0,0,0,2,0,0,0,1,0,0,0,2,0,0,0,0,0,0,0,0,0,0,0,0,0,0,0,0,0,0,0,300,298,5,8,5.96,0,0,0,0,0,0,0,0,0,0
399,Riaan Walters,Namibia,46,Batsman ,Right Handed Bat,,0,2,0,0,0,2,0,0,0,0,0,0,0,5,0,0,0,0,0,0,0,0,0,0,0,0.00,0,0,0,0,0,0,0,0,0,0,0,2,0,0,0,0,0,0,0,0,0,0,0,0,0,0,0,0,0,0,0,0,0,0,0,0,0,0,0,0,0,0,0,0,0,0
400,Sarel Burger,Namibia,43,Batting Allrounder ,Right Handed Bat ,Right-arm fast-medium,0,2,0,0,0,2,0,0,0,11,0,0,0,20,0,0,0,6,0,0,0,5.5,0,0,0,55.00,0,0,0,1,0,0,0,0,0,0,0,0,0,0,0,0,0,0,0,0,0,0,0,0,0,0,0,0,0,0,0,66,67,0,0,6.09,0,0,0,0,0,0,0,0,0,0
401,Gerrie Snyman,Namibia,45,Bowling Allrounder ,Right Handed Bat ,Right-arm fast-medium,0,5,0,0,0,4,0,0,0,5,0,0,0,9,0,0,0,5,0,0,0,1.25,0,0,0,55.56,0,0,0,1,0,0,0,0,0,0,0,3,0,0,0,0,0,0,0,0,0,0,0,0,0,0,0,0,0,0,0,288,281,0,6,5.85,0,0,0,0,0,0,0,0,0,0
402,Stefan Swanepoel,Namibia,44,WK-Batsman ,Right Handed Bat,,0,5,0,0,0,5,0,0,0,43,0,0,0,94,0,0,0,23,0,0,0,8.6,0,0,0,45.75,0,0,0,4,0,0,0,0,0,0,0,0,0,0,0,0,0,0,0,0,0,0,0,0,0,0,0,0,0,0,0,0,0,0,0,0,0,0,0,0,0,0,0,0,0,0
403,Jan,Namibia,45,Bowler ,Right Handed Bat ,Right-arm legbreak,0,6,0,0,0,6,0,0,0,199,0,0,0,198,0,0,0,85,0,0,0,33.17,0,0,0,100.51,0,0,0,25,0,0,0,3,0,0,0,0,0,0,0,1,0,0,0,0,0,0,0,0,0,0,0,0,0,0,0,96,104,0,3,6.5,0,0,0,0,0,0,0,0,0,0
404,Burton van,Namibia,44,Bowler ,Right Handed Bat ,Right-arm medium,0,3,0,0,0,3,0,0,0,26,0,0,0,38,0,0,0,17,0,0,0,26,0,0,0,68.43,0,0,0,3,0,0,0,0,0,0,0,0,0,0,0,0,0,0,0,0,0,0,0,0,0,0,0,0,0,0,0,120,119,0,1,5.95,0,0,0,0,0,0,0,0,0,0
405,Mohammad Usman,United Arab Emirates,33,Batsman ,Left Handed Bat,,0,6,16,0,0,6,15,0,0,172,287,0,0,240,262,0,0,45,49,0,0,34.4,22.08,0,0,71.67,109.55,0,0,14,27,0,0,3,11,0,0,0,1,0,0,0,0,0,0,0,0,0,0,0,0,0,0,0,0,0,0,0,0,0,0,0,0,0,0,0,0,0,0,0,0,0
406,Shaiman Anwar,United Arab Emirates,47,Batsman ,Right Handed Bat ,Right-arm fast-medium,0,41,31,0,0,41,31,0,0,1336,854,0,0,1545,702,0,0,117,62,0,0,34.26,29.45,0,0,86.48,121.66,0,0,133,65,0,0,28,37,0,0,2,1,0,0,11,6,0,0,2,0,0,0,0,0,0,0,0,0,0,0,117,134,0,4,6.87,0,0,0,0,0,0,0,0,0,0
407,Chundangapoyil Rizwan,United Arab Emirates,38,Batsman ,Right Handed Bat ,Right-arm legbreak,0,42,18,0,0,40,16,0,0,948,323,0,0,1638,295,0,0,109,51,0,0,27.88,24.85,0,0,57.88,109.50,0,0,67,25,0,0,2,6,0,0,2,0,0,0,4,1,0,0,1,0,0,0,0,0,0,0,0,0,0,0,58,50,0,1,5.17,0,0,0,0,0,0,0,0,0,0
408,Chirag Suri,United Arab Emirates,31,Batsman ,Right Handed Bat ,Right-arm offbreak,0,37,31,0,0,37,31,0,0,946,819,0,0,1507,710,0,0,115,88,0,0,25.57,29.25,0,0,62.78,115.36,0,0,96,84,0,0,13,18,0,0,4,2,0,0,5,7,0,0,2,0,0,0,0,0,0,0,0,0,0,0,0,0,0,0,0,0,0,0,0,0,0,0,0,0,0
409,Ashfaq Ahmed,United Arab Emirates,41,Batsman ,Right Handed Bat ,Right-arm offbreak,0,16,12,0,0,16,12,0,0,344,238,0,0,387,185,0,0,92,75,0,0,21.5,19.83,0,0,88.89,128.65,0,0,38,32,0,0,9,6,0,0,1,2,0,0,2,3,0,0,0,0,0,0,0,0,0,0,0,0,0,0,223,185,1,4,4.98,36,34,0,2,5.67,0,0,0,0,0
410,Mohammad Boota,United Arab Emirates,43,Batsman ,Right Handed Bat ,Right-arm medium,0,9,19,0,0,9,15,0,0,191,136,0,0,252,114,0,0,59,20,0,0,23.88,17,0,0,75.80,119.30,0,0,12,9,0,0,7,6,0,0,0,1,0,0,1,0,0,0,0,0,0,0,0,0,0,0,0,0,0,0,12,10,0,0,5,6,13,0,1,13,0,0,0,0,0
411,Fayyaz Ahmed,United Arab Emirates,43,Batting Allrounder ,Left Handed Bat ,Left-arm orthodox,0,3,1,0,0,3,1,0,0,47,11,0,0,100,12,0,0,37,11,0,0,47,11,0,0,47.00,91.67,0,0,6,2,0,0,0,0,0,0,0,0,0,0,0,0,0,0,0,0,0,0,0,0,0,0,0,0,0,0,162,121,1,0,4.48,18,29,0,1,9.67,0,0,0,0,0
412,Rohan Mustafa,United Arab Emirates,37,Batting Allrounder ,Left Handed Bat ,Right-arm offbreak,0,82,57,0,0,76,52,0,0,1508,1002,0,0,2368,825,0,0,109,77,0,0,21.24,21.32,0,0,63.69,121.46,0,0,124,106,0,0,26,27,0,0,8,7,0,0,7,4,0,0,1,0,0,0,0,0,0,0,0,0,0,0,3799,2843,31,86,4.49,1094,1272,3,60,6.98,0,0,0,0,0
413,Ahmed Raza,United Arab Emirates,37,Bowling Allrounder ,Right Handed Bat ,Left-arm orthodox,0,54,54,0,0,41,20,0,0,409,122,0,0,674,147,0,0,50,22,0,0,12.03,12.2,0,0,60.69,83.00,0,0,29,3,0,0,8,5,0,0,7,3,0,0,1,0,0,0,0,0,0,0,0,0,0,0,0,0,0,0,2825,1949,18,65,4.14,1044,1153,3,36,6.63,0,0,0,0,0
414,Mohammad Naveed,United Arab Emirates,39,Bowling Allrounder ,Right Handed Bat ,Right-arm medium,0,40,30,0,0,35,23,0,0,401,172,0,0,327,145,0,0,45,27,0,0,16.04,13.23,0,0,122.63,118.63,0,0,41,16,0,0,21,8,0,0,2,3,0,0,0,0,0,0,0,0,0,0,0,0,0,0,0,0,0,0,1962,1775,12,56,5.43,664,711,5,34,6.42,0,0,0,0,0
415,Ghulam Shabber,United Arab Emirates,40,WK-Batsman ,Left Handed Bat,,0,24,16,0,0,23,14,0,0,500,208,0,0,800,182,0,0,90,58,0,0,21.74,18.91,0,0,62.50,114.29,0,0,49,24,0,0,3,4,0,0,2,0,0,0,4,1,0,0,0,0,0,0,0,0,0,0,0,0,0,0,0,0,0,0,0,0,0,0,0,0,0,0,0,0,0
416,Imran Haider,United Arab Emirates,38,Bowler ,Right Handed Bat ,Right-arm legbreak,0,21,11,0,0,14,2,0,0,58,4,0,0,136,8,0,0,18,4,0,0,8.29,0,0,0,42.65,50.00,0,0,2,0,0,0,0,0,0,0,3,0,0,0,0,0,0,0,0,0,0,0,0,0,0,0,0,0,0,0,967,863,6,33,5.35,162,228,0,6,8.44,0,0,0,0,0
417,Qadeer Ahmed,United Arab Emirates,40,Bowler ,Right Handed Bat ,Right-arm medium,0,11,10,0,0,6,4,0,0,9,7,0,0,31,12,0,0,4,5,0,0,4.5,7,0,0,29.04,58.34,0,0,1,1,0,0,0,0,0,0,0,1,0,0,0,0,0,0,0,0,0,0,0,0,0,0,0,0,0,0,516,467,2,8,5.43,192,253,1,9,7.91,0,0,0,0,0
418,Sultan Ahmed,United Arab Emirates,36,Bowler ,Left Handed Bat ,Left-arm orthodox,0,3,22,0,0,2,16,0,0,18,64,0,0,42,67,0,0,11,18,0,0,9,5.82,0,0,42.86,95.53,0,0,2,1,0,0,0,4,0,0,0,6,0,0,0,0,0,0,0,0,0,0,0,0,0,0,0,0,0,0,84,84,0,0,6,483,460,3,22,5.71,0,0,0,0,0
419,Amir Hayat,United Arab Emirates,44,Bowler ,Right Handed Bat ,Right-arm medium,0,9,4,0,0,6,2,0,0,31,3,0,0,73,6,0,0,24,3,0,0,10.33,1.5,0,0,42.47,50.00,0,0,1,0,0,0,1,0,0,0,1,1,0,0,0,0,0,0,0,0,0,0,0,0,0,0,0,0,0,0,449,382,4,11,5.1,84,103,0,6,7.36,0,0,0,0,0
420,Zahoor Khan,United Arab Emirates,37,Bowler ,Right Handed Bat ,Right-arm fast-medium,0,62,57,0,0,40,9,0,0,151,11,0,0,269,23,0,0,23,6,0,0,6.57,2.75,0,0,56.14,47.83,0,0,11,1,0,0,4,0,0,0,10,1,0,0,0,0,0,0,0,0,0,0,0,0,0,0,0,0,0,0,2880,2405,25,93,5.01,1239,1406,0,72,6.81,0,0,0,0,0
421,Jatinder Singh,Oman,37,Batsman ,Right Handed Bat ,Right-arm offbreak,0,70,76,0,0,69,76,0,0,2020,1635,0,0,2628,1358,0,0,130,73,0,0,30.15,23.7,0,0,76.87,120.40,0,0,217,179,0,0,33,35,0,0,2,4,0,0,10,9,0,0,5,0,0,0,0,0,0,0,0,0,0,0,48,41,0,1,5.13,13,23,0,0,10.62,0,0,0,0,0
422,Arun Poulose,Oman,40,Batsman ,Right Handed Bat ,Right-arm medium,0,0,3,0,0,0,3,0,0,0,9,0,0,0,14,0,0,0,9,0,0,0,3,0,0,0,64.29,0,0,0,2,0,0,0,0,0,0,0,2,0,0,0,0,0,0,0,0,0,0,0,0,0,0,0,0,0,0,0,0,0,0,0,0,0,0,0,0,0,0,0,0,0
423,Mehran Khan,Oman,39,Batsman ,Right Handed Bat ,Right-arm medium,0,4,47,0,0,4,39,0,0,66,345,0,0,66,323,0,0,37,29,0,0,16.5,10.45,0,0,100.00,106.82,0,0,3,22,0,0,6,14,0,0,1,5,0,0,0,0,0,0,0,0,0,0,0,0,0,0,0,0,0,0,54,85,0,0,9.44,558,661,3,35,7.11,0,0,0,0,0
424,Vaibhav Wategaonkar,Oman,44,Batsman ,Left Handed Bat,,0,0,2,0,0,0,1,0,0,0,14,0,0,0,14,0,0,0,14,0,0,0,14,0,0,0,100.00,0,0,0,1,0,0,0,0,0,0,0,0,0,0,0,0,0,0,0,0,0,0,0,0,0,0,0,0,0,0,0,0,0,0,0,0,0,0,0,0,0,0,0,0,0
425,Zeeshan Siddiqui,Oman,47,Batsman ,Right Handed Bat ,Right-arm legbreak,0,0,5,0,0,0,5,0,0,0,60,0,0,0,63,0,0,0,33,0,0,0,15,0,0,0,95.24,0,0,0,7,0,0,0,0,0,0,0,0,0,0,0,0,0,0,0,0,0,0,0,0,0,0,0,0,0,0,0,0,0,0,0,0,0,0,0,0,0,0,0,0,0
426,Zeeshan Maqsood,Oman,38,Batting Allrounder ,Left Handed Bat ,Left-arm orthodox,0,48,72,0,0,47,62,0,0,1273,1369,0,0,1891,1149,0,0,109,102,0,0,30.31,26.33,0,0,67.32,119.15,0,0,104,137,0,0,22,49,0,0,2,4,0,0,7,5,0,0,2,1,0,0,0,0,0,0,0,0,0,0,2219,1575,22,58,4.26,1082,1168,1,51,6.48,0,0,0,0,0
427,Amir Ali,Oman,47,Batting Allrounder ,Right Handed Bat ,Right-arm offbreak,0,0,9,0,0,0,8,0,0,0,97,0,0,0,65,0,0,0,32,0,0,0,19.4,0,0,0,149.24,0,0,0,11,0,0,0,2,0,0,0,0,0,0,0,0,0,0,0,0,0,0,0,0,0,0,0,0,0,0,0,0,0,0,0,54,67,0,1,7.44,0,0,0,0,0
428,Khawar Ali,Oman,40,Batting Allrounder ,Right Handed Bat ,Right-arm legbreak,0,34,40,0,0,29,35,0,0,626,626,0,0,1058,635,0,0,79,72,0,0,27.22,19.56,0,0,59.17,98.59,0,0,56,67,0,0,6,15,0,0,1,2,0,0,4,2,0,0,0,0,0,0,0,0,0,0,0,0,0,0,1591,1265,6,42,4.77,722,795,0,46,6.61,0,0,0,0,0
429,Mohammad Nadeem,Oman,44,Bowling Allrounder ,Right Handed Bat ,Right-arm fast-medium,0,42,73,0,0,36,54,0,0,862,861,0,0,1348,829,0,0,76,77,0,0,41.05,21,0,0,63.95,103.87,0,0,64,55,0,0,10,22,0,0,2,2,0,0,6,3,0,0,0,0,0,0,0,0,0,0,0,0,0,0,876,810,4,21,5.55,933,1201,0,40,7.72,0,0,0,0,0
430,Twinkal Bhandari,Oman,38,WK-Batsman ,Right Handed Bat,,,,,,,,,,,,,,,,,,,,,,,,,,,,,,,,,,,,,,,,,,,,,,,,,,,,,,,,,,,,,,,,,,,,,,,,,
431,Ajay Lalcheta,Oman,42,Bowler ,Left Handed Bat ,Left-arm orthodox,0,2,16,0,0,2,10,0,0,18,101,0,0,47,82,0,0,12,20,0,0,9,12.63,0,0,38.30,123.18,0,0,1,9,0,0,0,4,0,0,0,0,0,0,0,0,0,0,0,0,0,0,0,0,0,0,0,0,0,0,84,62,2,2,4.43,309,374,3,8,7.26,0,0,0,0,0
432,Sufyan Mehmood,Oman,34,Bowler ,Left Handed Bat ,Right-arm medium,0,8,29,0,0,7,20,0,0,107,264,0,0,138,340,0,0,72,40,0,0,17.83,17.6,0,0,77.54,77.65,0,0,6,16,0,0,3,5,0,0,3,1,0,0,1,0,0,0,0,0,0,0,0,0,0,0,0,0,0,0,209,147,3,6,4.22,495,679,1,25,8.23,0,0,0,0,0
433,Rajeshkumar Ranpura,Oman,43,Bowler ,Left Handed Bat ,Right-arm fast-medium,0,0,2,0,0,0,2,0,0,0,5,0,0,0,8,0,0,0,5,0,0,0,0,0,0,0,62.50,0,0,0,0,0,0,0,0,0,0,0,0,0,0,0,0,0,0,0,0,0,0,0,0,0,0,0,0,0,0,0,0,0,0,0,36,32,0,3,5.33,0,0,0,0,0
434,Munis Ansari,Oman,42,Bowler ,Right Handed Bat ,Right-arm fast-medium,0,0,10,0,0,0,4,0,0,0,5,0,0,0,10,0,0,0,3,0,0,0,0,0,0,0,50.00,0,0,0,0,0,0,0,0,0,0,0,0,0,0,0,0,0,0,0,0,0,0,0,0,0,0,0,0,0,0,0,0,0,0,0,227,334,0,8,8.83,0,0,0,0,0
435,Kyle Coetzer,Scotland,42,Batsman ,Right Handed Bat ,Right-arm fast-medium,0,88,69,0,0,87,68,0,0,3192,1495,0,0,3874,1254,0,0,156,89,0,0,38.93,22.65,0,0,82.40,119.22,0,0,412,158,0,0,40,48,0,0,8,4,0,0,21,6,0,0,5,0,0,0,0,0,0,0,0,0,0,0,270,252,3,2,5.6,66,71,0,5,6.45,0,0,0,0,0
436,Dylan Budge,Scotland,31,Batsman ,Right Handed Bat ,Right-arm medium,0,17,8,0,0,15,6,0,0,248,60,0,0,312,62,0,0,46,24,0,0,22.55,15,0,0,79.49,96.78,0,0,18,2,0,0,1,3,0,0,1,2,0,0,0,0,0,0,0,0,0,0,0,0,0,0,0,0,0,0,150,111,0,1,4.44,6,18,0,1,18,0,0,0,0,0
437,Michael Jones,Scotland,28,Batsman ,Right Handed Bat ,Right-arm offbreak,0,20,15,0,0,17,15,0,0,506,366,0,0,719,264,0,0,87,86,0,0,29.76,26.14,0,0,70.38,138.64,0,0,42,34,0,0,6,17,0,0,0,1,0,0,3,2,0,0,0,0,0,0,0,0,0,0,0,0,0,0,54,55,0,3,6.11,0,0,0,0,0,0,0,0,0,0
438,George Munsey,Scotland,33,Batsman ,Left Handed Bat ,Right-arm medium,0,79,87,0,0,77,86,0,0,2777,2598,0,0,3086,1805,0,0,191,132,0,0,41.45,32.07,0,0,89.99,143.94,0,0,291,278,0,0,87,118,0,0,7,6,0,0,19,14,0,0,3,3,0,0,0,0,0,0,0,0,0,0,0,0,0,0,0,0,0,0,0,0,0,0,0,0,0
439,Richie Berrington,Scotland,39,Batting Allrounder ,Right Handed Bat ,Right-arm fast-medium,0,142,107,0,0,134,99,0,0,3881,2503,0,0,5065,1890,0,0,127,100,0,0,33.17,30.9,0,0,76.63,132.44,0,0,279,206,0,0,90,91,0,0,8,10,0,0,21,10,0,0,7,1,0,0,0,0,0,0,0,0,0,0,1550,1345,8,34,5.21,518,660,0,28,7.64,0,0,0,0,0
440,Calum MacLeod,Scotland,37,Batting Allrounder ,Right Handed Bat ,Right-arm fast-medium,0,87,64,0,0,86,61,0,0,3024,1239,0,0,3749,1115,0,0,175,74,0,0,38.28,23.83,0,0,80.67,111.13,0,0,313,107,0,0,35,23,0,0,9,8,0,0,13,7,0,0,10,0,0,0,0,0,0,0,0,0,0,0,968,836,4,11,5.18,180,220,0,5,7.33,0,0,0,0,0
441,Michael Leask,Scotland,35,Batting Allrounder ,Right Handed Bat ,Right-arm offbreak,0,98,79,0,0,77,66,0,0,1624,901,0,0,1434,704,0,0,107,58,0,0,26.19,15.81,0,0,113.25,127.99,0,0,125,60,0,0,71,46,0,0,5,5,0,0,8,1,0,0,1,0,0,0,0,0,0,0,0,0,0,0,2894,2441,13,74,5.06,999,1254,0,59,7.53,0,0,0,0,0
442,Alasdair Evans,Scotland,37,Bowling Allrounder ,Right Handed Bat ,Right-arm fast-medium,0,41,35,0,0,19,10,0,0,100,10,0,0,157,17,0,0,28,8,0,0,9.09,1.25,0,0,63.70,58.83,0,0,9,1,0,0,1,0,0,0,3,6,0,0,0,0,0,0,0,0,0,0,0,0,0,0,0,0,0,0,1928,1679,17,58,5.23,726,959,4,41,7.93,0,0,0,0,0
443,Tom Sole,Scotland,30,Bowling Allrounder ,Right Handed Bat ,Right-arm offbreak,0,10,9,0,0,7,6,0,0,46,69,0,0,43,43,0,0,20,33,0,0,7.67,17.25,0,0,106.98,160.47,0,0,7,9,0,0,0,1,0,0,0,0,0,0,0,0,0,0,0,0,0,0,0,0,0,0,0,0,0,0,504,387,7,10,4.61,126,137,0,6,6.52,0,0,0,0,0
444,Matthew Cross,Scotland,33,WK-Batsman ,Right Handed Bat,,0,119,88,0,0,105,76,0,0,2490,1440,0,0,3368,1236,0,0,114,66,0,0,24.65,23.23,0,0,73.94,116.51,0,0,230,130,0,0,27,36,0,0,3,5,0,0,14,5,0,0,2,0,0,0,0,0,0,0,0,0,0,0,0,0,0,0,0,0,0,0,0,0,0,0,0,0,0
445,Craig Wallace,Scotland,36,WK-Batsman ,Right Handed Bat,,0,32,20,0,0,28,16,0,0,574,173,0,0,630,161,0,0,58,27,0,0,21.26,17.3,0,0,91.12,107.46,0,0,47,15,0,0,12,3,0,0,1,1,0,0,4,0,0,0,0,0,0,0,0,0,0,0,0,0,0,0,0,0,0,0,0,0,0,0,0,0,0,0,0,0,0
446,Mark Watt,Scotland,30,Bowling Allrounder ,Left Handed Bat ,Left-arm orthodox,0,92,82,0,0,64,41,0,0,932,321,0,0,1127,283,0,0,66,31,0,0,21.67,11.07,0,0,82.70,113.43,0,0,70,28,0,0,26,7,0,0,4,5,0,0,2,0,0,0,0,0,0,0,0,0,0,0,0,0,0,0,4733,3390,53,121,4.3,1747,2067,3,94,7.1,0,0,0,0,0
447,Safyaan Sharif,Scotland,35,Bowler ,Right Handed Bat ,Right-arm fast-medium,0,97,78,0,0,63,35,0,0,654,193,0,0,836,187,0,0,40,26,0,0,19.82,12.87,0,0,78.23,103.21,0,0,42,10,0,0,13,5,0,0,4,4,0,0,0,0,0,0,0,0,0,0,0,0,0,0,0,0,0,0,4392,3677,45,122,5.02,1570,2122,2,87,8.11,0,0,0,0,0
448,Christopher Sole,Scotland,32,Bowler ,Right Handed Bat ,Right-arm fast-medium,0,31,17,0,0,14,7,0,0,71,21,0,0,89,25,0,0,17,6,0,0,6.45,7,0,0,79.78,84.00,0,0,8,2,0,0,0,0,0,0,0,1,0,0,0,0,0,0,0,0,0,0,0,0,0,0,0,0,0,0,1514,1290,17,53,5.11,337,526,0,15,9.36,0,0,0,0,0
449,Gavin Main,Scotland,31,Bowler ,Right Handed Bat ,Right-arm fast,0,16,15,0,0,4,4,0,0,82,12,0,0,87,17,0,0,64,12,0,0,82,12,0,0,94.26,70.59,0,0,7,2,0,0,1,0,0,0,0,1,0,0,1,0,0,0,0,0,0,0,0,0,0,0,0,0,0,0,716,616,12,34,5.16,242,342,0,19,8.48,0,0,0,0,0
450,Brad Wheal,Scotland,30,Bowler ,Right Handed Bat ,Right-arm fast-medium,0,18,26,0,0,9,8,0,0,49,20,0,0,78,23,0,0,24,8,0,0,8.17,6.67,0,0,62.83,86.96,0,0,6,1,0,0,0,0,0,0,3,1,0,0,0,0,0,0,0,0,0,0,0,0,0,0,0,0,0,0,873,623,15,27,4.28,518,747,1,24,8.65,0,0,0,0,0
451,Hiri Hiri,Papua New Guinea,31,Batsman ,Right Handed Bat ,Right-arm offbreak,0,34,25,0,0,34,20,0,0,454,336,0,0,815,299,0,0,77,53,0,0,15.13,21,0,0,55.71,112.38,0,0,31,25,0,0,5,13,0,0,3,0,0,0,1,1,0,0,0,0,0,0,0,0,0,0,0,0,0,0,102,113,0,3,6.65,42,25,0,3,3.57,0,0,0,0,0
452,Kila Pala,Papua New Guinea,41,Batsman ,Left Handed Bat ,Right-arm medium,0,0,2,0,0,0,2,0,0,0,41,0,0,0,30,0,0,0,22,0,0,0,41,0,0,0,136.67,0,0,0,4,0,0,0,2,0,0,0,0,0,0,0,0,0,0,0,0,0,0,0,0,0,0,0,0,0,0,0,0,0,0,0,0,0,0,0,0,0,0,0,0,0
453,Lega Siaka,Papua New Guinea,33,Batsman ,Right Handed Bat ,Right-arm fast-medium,0,48,64,0,0,48,58,0,0,958,950,0,0,1251,826,0,0,109,85,0,0,19.96,18.27,0,0,76.58,115.02,0,0,90,66,0,0,15,33,0,0,5,7,0,0,2,3,0,0,1,0,0,0,0,0,0,0,0,0,0,0,240,181,0,3,4.53,192,176,1,11,5.5,0,0,0,0,0
454,Charles Amini,Papua New Guinea,34,Batting Allrounder ,Left Handed Bat ,Right-arm legbreak,0,47,54,0,0,47,47,0,0,1067,920,0,0,1606,803,0,0,109,91,0,0,22.7,23.59,0,0,66.44,114.58,0,0,86,74,0,0,12,23,0,0,0,6,0,0,6,4,0,0,1,0,0,0,0,0,0,0,0,0,0,0,1604,1303,8,31,4.87,774,799,0,43,6.19,0,0,0,0,0
455,Sese Bau,Papua New Guinea,34,Batting Allrounder ,Left Handed Bat ,Right-arm offbreak,0,58,59,0,0,58,53,0,0,1118,1124,0,0,1786,1004,0,0,81,85,0,0,20.33,24.43,0,0,62.60,111.96,0,0,94,95,0,0,12,34,0,0,6,6,0,0,5,6,0,0,0,0,0,0,0,0,0,0,0,0,0,0,710,576,1,10,4.87,437,464,2,24,6.37,0,0,0,0,0
456,Mahuru Dai,Papua New Guinea,42,Batting Allrounder ,Right Handed Bat ,Right-arm medium,0,19,8,0,0,18,7,0,0,457,100,0,0,585,122,0,0,76,31,0,0,28.56,14.29,0,0,78.12,81.97,0,0,48,4,0,0,5,0,0,0,1,0,0,0,3,0,0,0,0,0,0,0,0,0,0,0,0,0,0,0,978,690,6,18,4.23,126,140,0,4,6.67,0,0,0,0,0
457,Vani Morea,Papua New Guinea,43,Batting Allrounder ,Right Handed Bat ,Right-arm medium,0,13,5,0,0,13,5,0,0,313,35,0,0,476,44,0,0,65,19,0,0,26.08,7,0,0,65.76,79.55,0,0,24,4,0,0,4,0,0,0,1,1,0,0,3,0,0,0,0,0,0,0,0,0,0,0,0,0,0,0,0,0,0,0,0,0,0,0,0,0,0,0,0,0,0
458,Assad Vala,Papua New Guinea,39,Batting Allrounder ,Left Handed Bat ,Right-arm offbreak,0,67,66,0,0,67,62,0,0,2004,1410,0,0,2897,1209,0,0,104,93,0,0,30.36,26.6,0,0,69.18,116.63,0,0,161,121,0,0,28,41,0,0,5,1,0,0,12,8,0,0,1,0,0,0,0,0,0,0,0,0,0,0,2406,1613,23,55,4.02,600,611,3,41,6.11,0,0,0,0,0
459,Willie Gavera,Papua New Guinea,38,Bowling Allrounder ,Right Handed Bat ,Right-arm fast,0,5,5,0,0,2,1,0,0,9,2,0,0,8,2,0,0,5,2,0,0,0,2,0,0,112.50,100.00,0,0,2,0,0,0,0,0,0,0,0,0,0,0,0,0,0,0,0,0,0,0,0,0,0,0,0,0,0,0,207,192,2,6,5.57,84,82,1,5,5.86,0,0,0,0,0
460,Pipi Raho,Papua New Guinea,38,Bowling Allrounder ,Right Handed Bat ,Right-arm fast-medium,0,1,2,0,0,1,2,0,0,2,10,0,0,6,6,0,0,2,8,0,0,2,0,0,0,33.34,166.67,0,0,0,0,0,0,0,1,0,0,0,0,0,0,0,0,0,0,0,0,0,0,0,0,0,0,0,0,0,0,48,38,0,1,4.75,18,20,0,3,6.67,0,0,0,0,0
461,John Reva,Papua New Guinea,35,Bowling Allrounder ,Right Handed Bat ,Right-arm medium,0,10,8,0,0,8,3,0,0,63,15,0,0,87,18,0,0,36,7,0,0,9,5,0,0,72.42,83.34,0,0,6,1,0,0,2,1,0,0,1,0,0,0,0,0,0,0,0,0,0,0,0,0,0,0,0,0,0,0,423,387,1,14,5.49,109,118,0,6,6.5,0,0,0,0,0
462,Dogodo Bau,Papua New Guinea,31,WK-Batsman ,Right Handed Bat,,0,14,1,0,0,13,0,0,0,204,0,0,0,367,0,0,0,46,0,0,0,18.55,0,0,0,55.59,0,0,0,14,0,0,0,1,0,0,0,2,0,0,0,0,0,0,0,0,0,0,0,0,0,0,0,0,0,0,0,0,0,0,0,0,0,0,0,0,0,0,0,0,0,0
463,Geraint Jones,England,50,WK-Batsman ,Right Handed Bat,,34,51,2,0,53,43,2,0,1172,861,33,0,2165,1116,25,0,100,80,19,0,23.92,24.6,33,0,54.14,77.16,132.00,0,155,74,5,0,12,14,0,0,2,1,0,0,6,4,0,0,1,0,0,0,0,0,0,0,0,0,0,0,0,0,0,0,0,0,0,0,0,0,0,0,0,0,0,0
464,Tony Ura,Papua New Guinea,36,WK-Batsman ,Right Handed Bat,,0,62,60,0,0,62,59,0,0,1383,1744,0,0,1771,1106,0,0,151,107,0,0,22.67,33.54,0,0,78.10,157.69,0,0,145,125,0,0,26,104,0,0,4,4,0,0,6,14,0,0,1,2,0,0,0,0,0,0,0,0,0,0,6,12,0,0,12,0,0,0,0,0,0,0,0,0,0
465,Jack Vare,Papua New Guinea,40,WK-Batsman ,Right Handed Bat,,0,10,7,0,0,10,6,0,0,119,30,0,0,146,35,0,0,38,13,0,0,13.22,5,0,0,81.51,85.72,0,0,7,2,0,0,0,0,0,0,0,0,0,0,0,0,0,0,0,0,0,0,0,0,0,0,0,0,0,0,0,0,0,0,0,0,0,0,0,0,0,0,0,0,0
466,Loa Nou,Papua New Guinea,38,Bowler ,Right Handed Bat ,Right-arm fast-medium,0,0,3,0,0,0,1,0,0,0,2,0,0,0,3,0,0,0,2,0,0,0,0,0,0,0,66.67,0,0,0,0,0,0,0,0,0,0,0,0,0,0,0,0,0,0,0,0,0,0,0,0,0,0,0,0,0,0,0,0,0,0,0,60,65,0,1,6.5,0,0,0,0,0
467,Nosaina Pokana,Papua New Guinea,30,Bowler ,Right Handed Bat ,Left-arm fast,0,21,26,0,0,15,11,0,0,63,47,0,0,159,60,0,0,11,12,0,0,7,7.83,0,0,39.63,78.34,0,0,3,0,0,0,1,2,0,0,2,1,0,0,0,0,0,0,0,0,0,0,0,0,0,0,0,0,0,0,989,762,12,26,4.62,496,612,2,24,7.4,0,0,0,0,0
468,Chad Soper,Papua New Guinea,34,Bowler ,Right Handed Bat ,Right-arm medium,0,57,25,0,0,55,16,0,0,765,129,0,0,1317,174,0,0,46,17,0,0,19.62,14.33,0,0,58.09,74.14,0,0,34,6,0,0,8,2,0,0,3,0,0,0,0,0,0,0,0,0,0,0,0,0,0,0,0,0,0,0,2618,1989,35,70,4.56,444,527,1,27,7.12,0,0,0,0,0
469,Norman Vanua,Papua New Guinea,32,Bowler ,Right Handed Bat ,Right-arm medium,0,58,52,0,0,54,41,0,0,831,639,0,0,1039,489,0,0,60,71,0,0,16.62,19.97,0,0,79.99,130.68,0,0,42,32,0,0,49,39,0,0,9,6,0,0,2,3,0,0,0,0,0,0,0,0,0,0,0,0,0,0,2426,2130,19,63,5.27,922,1120,2,54,7.29,0,0,0,0,0
470,Alex Obanda,Kenya,38,Batsman ,Right Handed Bat,,0,49,51,0,0,45,47,0,0,1306,797,0,0,1764,670,0,0,96,103,0,0,30.37,18.53,0,0,74.04,118.96,0,0,127,100,0,0,39,25,0,0,2,6,0,0,9,1,0,0,0,1,0,0,0,0,0,0,0,0,0,0,0,0,0,0,0,0,0,0,0,0,0,0,0,0,0
471,Duncan Allan,Kenya,34,Batting Allrounder ,Right Handed Bat ,Right-arm fast-medium,0,5,10,0,0,5,10,0,0,71,84,0,0,153,134,0,0,27,18,0,0,14.2,8.4,0,0,46.41,62.69,0,0,7,7,0,0,0,0,0,0,0,0,0,0,0,0,0,0,0,0,0,0,0,0,0,0,0,0,0,0,112,80,0,2,4.29,56,82,0,4,8.79,0,0,0,0,0
472,Collins Obuya,Kenya,45,Batting Allrounder ,Right Handed Bat ,Right-arm legbreak,0,104,76,0,0,89,71,0,0,2044,1793,0,0,2981,1489,0,0,98,96,0,0,25.55,30.39,0,0,68.57,120.42,0,0,160,132,0,0,30,87,0,0,6,6,0,0,11,10,0,0,0,0,0,0,0,0,0,0,0,0,0,0,1818,1637,8,35,5.4,422,487,1,25,6.92,0,0,0,0,0
473,Seren Waters,Kenya,36,Batting Allrounder ,Right Handed Bat ,Right-arm legbreak,0,20,0,0,0,20,0,0,0,419,0,0,0,751,0,0,0,74,0,0,0,20.95,0,0,0,55.80,0,0,0,48,0,0,0,2,0,0,0,2,0,0,0,2,0,0,0,0,0,0,0,0,0,0,0,0,0,0,0,18,14,0,0,4.67,0,0,0,0,0,0,0,0,0,0
474,Ragheb Aga,Kenya,42,Bowling Allrounder ,Right Handed Bat ,Right-arm fast-medium,0,12,20,0,0,9,18,0,0,150,213,0,0,210,196,0,0,86,52,0,0,16.67,13.31,0,0,71.43,108.68,0,0,16,15,0,0,0,5,0,0,1,0,0,0,1,1,0,0,0,0,0,0,0,0,0,0,0,0,0,0,408,330,2,8,4.85,288,306,1,15,6.38,0,0,0,0,0
475,Nelson Odhiambo,Kenya,37,Bowling Allrounder ,Right Handed Bat ,Right-arm fast-medium,0,10,65,0,0,6,42,0,0,56,538,0,0,121,516,0,0,29,67,0,0,9.33,14.94,0,0,46.29,104.27,0,0,3,43,0,0,0,13,0,0,0,7,0,0,0,2,0,0,0,0,0,0,0,0,0,0,0,0,0,0,438,360,7,13,4.93,444,609,0,21,8.23,0,0,0,0,0
476,Nehemiah Odhiambo,Kenya,43,Bowling Allrounder ,Right Handed Bat ,Right-arm fast-medium,0,67,43,0,0,53,31,0,0,528,284,0,0,736,272,0,0,66,41,0,0,12,10.92,0,0,71.74,104.42,0,0,47,31,0,0,12,6,0,0,9,6,0,0,1,0,0,0,0,0,0,0,0,0,0,0,0,0,0,0,2688,2483,25,66,5.54,631,855,1,31,8.13,0,0,0,0,0
477,Emmanuel Bundi,Kenya,33,Bowling Allrounder ,Right Handed Bat ,Right-arm fast,0,0,36,0,0,0,16,0,0,0,94,0,0,0,104,0,0,0,25,0,0,0,8.55,0,0,0,90.39,0,0,0,4,0,0,0,2,0,0,0,0,0,0,0,0,0,0,0,0,0,0,0,0,0,0,0,0,0,0,0,0,0,0,0,605,678,2,36,6.72,0,0,0,0,0
478,Irfan Karim,Kenya,33,WK-Batsman ,Left Handed Bat ,Right-arm offbreak,0,9,69,0,0,9,58,0,0,396,1434,0,0,522,1410,0,0,112,71,0,0,44,36.77,0,0,75.87,101.71,0,0,40,127,0,0,0,16,0,0,0,2,0,0,1,9,0,0,2,0,0,0,0,0,0,0,0,0,0,0,0,0,0,0,0,0,0,0,0,0,0,0,0,0,0
479,Morris Ouma,Kenya,43,WK-Batsman ,Right Handed Bat,,0,80,22,0,0,77,19,0,0,1501,127,0,0,2520,160,0,0,61,19,0,0,20.85,7.06,0,0,59.57,79.38,0,0,139,15,0,0,5,1,0,0,6,3,0,0,7,0,0,0,0,0,0,0,0,0,0,0,0,0,0,0,0,0,0,0,0,0,0,0,0,0,0,0,0,0,0
480,Rakep Patel,Kenya,37,WK-Batsman ,Right Handed Bat ,Right-arm offbreak,0,39,107,0,0,35,90,0,0,621,2145,0,0,977,1584,0,0,92,120,0,0,20.03,29.38,0,0,63.57,135.42,0,0,56,175,0,0,7,110,0,0,3,4,0,0,2,13,0,0,0,1,0,0,0,0,0,0,0,0,0,0,168,137,0,2,4.89,617,623,3,38,6.06,0,0,0,0,0
481,Ibrahim Akello,Kenya,41,Bowler ,Right Handed Bat ,Right-arm fast-medium,,,,,,,,,,,,,,,,,,,,,,,,,,,,,,,,,,,,,,,,,,,,,,,,,,,,,,,,,,,,,,,,,,,,,,,,
482,Alfred Luseno,Kenya,44,Bowler ,Right Handed Bat ,Right-arm medium,0,10,0,0,0,9,0,0,0,34,0,0,0,50,0,0,0,16,0,0,0,17,0,0,0,68.00,0,0,0,3,0,0,0,1,0,0,0,1,0,0,0,0,0,0,0,0,0,0,0,0,0,0,0,0,0,0,0,330,316,1,9,5.75,0,0,0,0,0,0,0,0,0,0
483,James Ngoche,Kenya,38,Bowler ,Right Handed Bat ,Right-arm offbreak,0,18,7,0,0,12,3,0,0,35,4,0,0,86,17,0,0,21,2,0,0,4.38,2,0,0,40.70,23.53,0,0,1,0,0,0,1,0,0,0,5,0,0,0,0,0,0,0,0,0,0,0,0,0,0,0,0,0,0,0,872,556,13,19,3.83,144,140,0,4,5.83,0,0,0,0,0
484,Shem Ngoche,Kenya,37,Bowler ,Right Handed Bat ,Left-arm orthodox,0,11,115,0,0,10,69,0,0,68,589,0,0,117,549,0,0,28,41,0,0,9.71,12.27,0,0,58.12,107.29,0,0,3,48,0,0,2,19,0,0,2,12,0,0,0,0,0,0,0,0,0,0,0,0,0,0,0,0,0,0,455,366,1,10,4.83,2290,2194,16,128,5.75,0,0,0,0,0
485,Lucas Oluoch,Kenya,35,Bowler ,Right Handed Bat ,Left-arm fast-medium,0,2,79,0,0,2,50,0,0,6,448,0,0,6,393,0,0,5,33,0,0,6,15.45,0,0,100.00,114.00,0,0,1,33,0,0,0,16,0,0,0,3,0,0,0,0,0,0,0,0,0,0,0,0,0,0,0,0,0,0,96,79,1,5,4.94,1297,1499,3,81,6.93,0,0,0,0,0
486,Elijah Otieno,Kenya,38,Bowler ,Right Handed Bat ,Right-arm fast-medium,0,26,31,0,0,17,13,0,0,49,26,0,0,136,57,0,0,11,8,0,0,4.9,3.71,0,0,36.03,45.62,0,0,4,0,0,0,0,1,0,0,5,2,0,0,0,0,0,0,0,0,0,0,0,0,0,0,0,0,0,0,954,927,6,22,5.83,533,633,3,27,7.13,0,0,0,0,0
487,Hiren Varaiya,Kenya,42,Bowler ,Right Handed Bat ,Left-arm orthodox,0,63,25,0,0,38,12,0,0,252,55,0,0,489,85,0,0,34,18,0,0,12,55,0,0,51.54,64.71,0,0,11,1,0,0,1,0,0,0,3,0,0,0,0,0,0,0,0,0,0,0,0,0,0,0,0,0,0,0,2951,2047,40,68,4.16,464,460,2,18,5.95,0,0,0,0,0
488,Dominic Wesonga,Kenya,38,Bowler ,Right Handed Bat ,Right-arm fast-medium,0,4,3,0,0,4,0,0,0,61,0,0,0,108,0,0,0,33,0,0,0,20.33,0,0,0,56.49,0,0,0,5,0,0,0,0,0,0,0,0,0,0,0,0,0,0,0,0,0,0,0,0,0,0,0,0,0,0,0,42,28,0,2,4,12,15,0,0,7.5,0,0,0,0,0
489,Babar Hayat,"Hong Kong, China",34,Batsman ,Right Handed Bat ,Right-arm medium,0,22,112,0,0,22,109,0,0,785,2659,0,0,1005,2015,0,0,89,122,0,0,39.25,29.22,0,0,78.11,131.97,0,0,70,161,0,0,26,167,0,0,3,10,0,0,8,15,0,0,0,2,0,0,0,0,0,0,0,0,0,0,6,9,0,0,9,6,5,0,0,5,0,0,0,0,0
490,Waqas Khan,"Hong Kong, China",27,Batsman ,Right Handed Bat ,Right-arm fast-medium,0,8,16,0,0,5,14,0,0,67,164,0,0,137,189,0,0,35,60,0,0,16.75,16.4,0,0,48.91,86.78,0,0,3,6,0,0,0,5,0,0,0,1,0,0,0,1,0,0,0,0,0,0,0,0,0,0,0,0,0,0,0,0,0,0,0,18,31,0,0,10.33,0,0,0,0,0
491,Kinchit Shah,"Hong Kong, China",30,Batsman ,Left Handed Bat ,Right-arm offbreak,0,10,54,0,0,10,49,0,0,140,733,0,0,238,691,0,0,34,79,0,0,14,17.88,0,0,58.83,106.08,0,0,12,58,0,0,2,17,0,0,2,8,0,0,0,3,0,0,0,0,0,0,0,0,0,0,0,0,0,0,110,79,0,7,4.31,468,583,2,17,7.47,0,0,0,0,0
492,Aizaz Khan,"Hong Kong, China",33,Bowling Allrounder ,Right Handed Bat ,Right-arm fast-medium,0,19,103,0,0,15,88,0,0,260,1083,0,0,367,1003,0,0,44,48,0,0,20,15.47,0,0,70.85,107.98,0,0,16,75,0,0,8,28,0,0,1,9,0,0,0,0,0,0,0,0,0,0,0,0,0,0,0,0,0,0,734,681,2,16,5.57,1709,2260,4,105,7.93,0,0,0,0,0
493,Nizakat Khan,"Hong Kong, China",34,Batting Allrounder ,Right Handed Bat ,Right-arm legbreak,0,20,128,0,0,20,124,0,0,675,2529,0,0,814,2083,0,0,94,81,0,0,33.75,21.8,0,0,82.93,121.42,0,0,72,209,0,0,16,83,0,0,0,9,0,0,3,13,0,0,0,0,0,0,0,0,0,0,0,0,0,0,145,119,1,4,4.92,209,216,1,11,6.2,0,0,0,0,0
494,Tanwir Afzal,"Hong Kong, China",38,Bowling Allrounder ,Right Handed Bat ,Right-arm fast-medium,0,20,21,0,0,19,18,0,0,292,219,0,0,255,173,0,0,73,56,0,0,18.25,13.69,0,0,114.51,126.59,0,0,18,9,0,0,18,15,0,0,3,4,0,0,1,1,0,0,0,0,0,0,0,0,0,0,0,0,0,0,852,600,14,19,4.23,426,509,2,19,7.17,0,0,0,0,0
495,Anshuman Rath,"Hong Kong, China",28,WK-Batsman ,Left Handed Bat ,Left-arm orthodox,0,18,85,0,0,18,84,0,0,827,2394,0,0,1079,1886,0,0,143,140,0,0,51.69,32.35,0,0,76.65,126.94,0,0,71,241,0,0,9,57,0,0,1,3,0,0,7,12,0,0,1,2,0,0,0,0,0,0,0,0,0,0,337,167,8,14,2.97,250,334,0,7,8.02,0,0,0,0,0
496,Jamie Atkinson,"Hong Kong, China",36,WK-Batsman ,Right Handed Bat,,0,9,29,0,0,9,27,0,0,251,448,0,0,399,391,0,0,60,68,0,0,27.89,19.48,0,0,62.91,114.58,0,0,24,46,0,0,6,14,0,0,0,5,0,0,1,3,0,0,0,0,0,0,0,0,0,0,0,0,0,0,0,0,0,0,0,0,0,0,0,0,0,0,0,0,0
497,Christopher Carter,"Hong Kong, China",29,WK-Batsman ,Right Handed Bat,,0,11,10,0,0,9,5,0,0,114,55,0,0,186,63,0,0,43,17,0,0,12.67,13.75,0,0,61.30,87.31,0,0,16,3,0,0,0,0,0,0,0,0,0,0,0,0,0,0,0,0,0,0,0,0,0,0,0,0,0,0,0,0,0,0,0,0,0,0,0,0,0,0,0,0,0
498,Shahid Wasif,"Hong Kong, China",29,WK-Batsman ,Right Handed Bat ,Right-arm offbreak,0,10,39,0,0,7,31,0,0,81,554,0,0,163,477,0,0,45,59,0,0,11.57,25.18,0,0,49.70,116.15,0,0,6,43,0,0,3,22,0,0,1,2,0,0,0,3,0,0,0,0,0,0,0,0,0,0,0,0,0,0,0,0,0,0,0,0,0,0,0,0,0,0,0,0,0
499,Ehsan Khan,"Hong Kong, China",41,Bowler ,Right Handed Bat ,Right-arm offbreak,0,15,111,0,0,12,59,0,0,102,423,0,0,228,402,0,0,27,42,0,0,11.33,14.1,0,0,44.74,105.23,0,0,8,24,0,0,0,16,0,0,2,7,0,0,0,0,0,0,0,0,0,0,0,0,0,0,0,0,0,0,807,594,7,29,4.42,2361,2433,6,152,6.18,0,0,0,0,0
500,Nadeem Ahmed,"Hong Kong, China",38,Bowler ,Right Handed Bat ,Left-arm orthodox,0,25,24,0,0,16,9,0,0,67,34,0,0,151,55,0,0,14,10,0,0,5.58,6.8,0,0,44.38,61.82,0,0,5,2,0,0,0,0,0,0,1,1,0,0,0,0,0,0,0,0,0,0,0,0,0,0,0,0,0,0,1327,931,17,38,4.21,495,546,3,25,6.62,0,0,0,0,0
501,Tanveer Ahmed,"Hong Kong, China",28,Bowler ,Right Handed Bat ,Right-arm fast-medium,0,6,5,0,0,4,2,0,0,4,7,0,0,11,11,0,0,2,7,0,0,0,7,0,0,36.37,63.64,0,0,0,1,0,0,0,0,0,0,0,1,0,0,0,0,0,0,0,0,0,0,0,0,0,0,0,0,0,0,229,208,1,5,5.45,81,116,0,3,8.59,0,0,0,0,0
502,Trevin Bastiampillai,Canada,40,Batsman ,Right Handed Bat ,Right-arm offbreak,0,13,2,0,0,13,0,0,0,175,0,0,0,301,0,0,0,49,0,0,0,13.46,0,0,0,58.14,0,0,0,26,0,0,0,2,0,0,0,2,0,0,0,0,0,0,0,0,0,0,0,0,0,0,0,0,0,0,0,24,31,0,0,7.75,0,0,0,0,0,0,0,0,0,0
503,John Davison,Canada,56,Batsman ,Right Handed Bat ,Right-arm offbreak,0,32,5,0,0,32,5,0,0,799,44,0,0,767,40,0,0,111,19,0,0,26.63,8.8,0,0,104.18,110.00,0,0,93,2,0,0,20,3,0,0,5,2,0,0,5,0,0,0,1,0,0,0,0,0,0,0,0,0,0,0,1435,1067,17,36,4.46,108,91,0,4,5.06,0,0,0,0,0
504,Tyson Gordon,Canada,44,Batsman ,Left Handed Bat ,Right-arm medium,0,5,3,0,0,5,3,0,0,27,32,0,0,59,37,0,0,9,23,0,0,5.4,10.67,0,0,45.77,86.49,0,0,2,3,0,0,0,0,0,0,0,0,0,0,0,0,0,0,0,0,0,0,0,0,0,0,0,0,0,0,15,25,0,0,10,0,0,0,0,0,0,0,0,0,0
505,Ruvindu Gunasekera,Canada,35,Batsman ,Left Handed Bat ,Right-arm legbreak,0,19,8,0,0,19,8,0,0,455,202,0,0,679,188,0,0,72,65,0,0,23.95,25.25,0,0,67.02,107.45,0,0,40,23,0,0,11,4,0,0,3,0,0,0,6,1,0,0,0,0,0,0,0,0,0,0,0,0,0,0,0,0,0,0,0,0,0,0,0,0,0,0,0,0,0
506,Jimmy Hansra,Canada,41,Batsman ,Right Handed Bat ,Right-arm offbreak,0,24,8,0,0,22,8,0,0,421,82,0,0,725,85,0,0,70,30,0,0,23.39,13.67,0,0,58.07,96.48,0,0,27,4,0,0,8,3,0,0,2,0,0,0,2,0,0,0,0,0,0,0,0,0,0,0,0,0,0,0,445,413,1,7,5.57,90,94,0,7,6.27,0,0,0,0,0
507,Zunaed Siddique,Bangladesh,38,Batsman ,Left Handed Bat ,Right-arm offbreak,19,55,7,0,37,54,7,0,969,1201,160,0,2341,1783,108,0,106,100,71,0,26.19,22.66,22.86,0,41.40,67.36,148.15,0,123,118,16,0,1,7,7,0,2,6,1,0,7,6,1,0,1,1,0,0,0,0,0,0,18,11,0,0,3.67,66,63,0,0,5.73,0,0,0,0,0,0,0,0,0,0
508,Nitish Kumar,United States of America,32,Batsman ,Right Handed Bat ,Right-arm offbreak,0,16,36,0,0,15,32,0,0,217,711,0,0,397,567,0,0,38,83,0,0,15.5,25.39,0,0,54.66,125.40,0,0,18,51,0,0,0,25,0,0,1,2,0,0,0,4,0,0,0,0,0,0,0,0,0,0,0,0,0,0,66,63,0,2,5.73,162,162,0,8,6,0,0,0,0,0
509,Hiral Patel,Canada,35,Batsman ,Right Handed Bat ,Left-arm orthodox,0,23,15,0,0,23,15,0,0,468,294,0,0,584,285,0,0,62,88,0,0,21.27,21,0,0,80.14,103.16,0,0,56,28,0,0,8,3,0,0,3,2,0,0,2,2,0,0,0,0,0,0,0,0,0,0,0,0,0,0,409,351,3,10,5.15,71,97,0,2,8.2,0,0,0,0,0
510,Rizwan Cheema,Canada,48,Batsman ,Right Handed Bat ,Right-arm medium,0,33,24,0,0,32,24,0,0,764,389,0,0,685,314,0,0,94,72,0,0,24.65,16.91,0,0,111.54,123.89,0,0,92,33,0,0,35,28,0,0,3,5,0,0,6,2,0,0,0,0,0,0,0,0,0,0,0,0,0,0,1330,1095,11,32,4.94,300,382,1,9,7.64,0,0,0,0,0
511,Durand Soraine,Canada,43,Batsman ,Right Handed Bat ,Right-arm medium,0,4,0,0,0,4,0,0,0,14,0,0,0,20,0,0,0,6,0,0,0,3.5,0,0,0,70.00,0,0,0,1,0,0,0,0,0,0,0,1,0,0,0,0,0,0,0,0,0,0,0,0,0,0,0,0,0,0,0,113,95,0,3,5.04,0,0,0,0,0,0,0,0,0,0
512,Zubin Surkari,Canada,46,Batsman ,Right Handed Bat ,Right-arm medium,0,23,4,0,0,21,3,0,0,323,10,0,0,642,33,0,0,49,6,0,0,17.94,3.33,0,0,50.32,30.31,0,0,30,0,0,0,0,0,0,0,1,1,0,0,0,0,0,0,0,0,0,0,0,0,0,0,0,0,0,0,0,0,0,0,0,0,0,0,0,0,0,0,0,0,0
513,Usman Limbada,Canada,36,Batsman ,Right Handed Bat ,Right-arm fast-medium,0,11,7,0,0,11,3,0,0,189,53,0,0,284,41,0,0,50,21,0,0,18.9,53,0,0,66.55,129.27,0,0,19,6,0,0,1,0,0,0,1,0,0,0,1,0,0,0,0,0,0,0,0,0,0,0,0,0,0,0,0,0,0,0,0,0,0,0,0,0,0,0,0,0,0
514,Zahid Hussain,Canada,51,Batsman ,Left Handed Bat ,Left-arm orthodox,0,2,3,0,0,2,2,0,0,9,3,0,0,31,8,0,0,7,2,0,0,9,0,0,0,29.04,37.50,0,0,1,0,0,0,0,0,0,0,0,0,0,0,0,0,0,0,0,0,0,0,0,0,0,0,0,0,0,0,120,94,1,2,4.7,57,47,0,3,4.95,0,0,0,0,0
515,Harvir Baidwan,Canada,39,Batting Allrounder ,Right Handed Bat ,Right-arm medium,0,32,17,0,0,22,11,0,0,220,54,0,0,339,52,0,0,33,21,0,0,14.67,6,0,0,64.90,103.85,0,0,13,4,0,0,0,1,0,0,3,4,0,0,0,0,0,0,0,0,0,0,0,0,0,0,0,0,0,0,1551,1348,13,44,5.21,323,411,1,27,7.63,0,0,0,0,0
516,Damodar Daesrat,Canada,45,Batting Allrounder ,Right Handed Bat ,Right-arm offbreak,0,4,1,0,0,3,0,0,0,95,0,0,0,138,0,0,0,40,0,0,0,31.67,0,0,0,68.85,0,0,0,11,0,0,0,2,0,0,0,0,0,0,0,0,0,0,0,0,0,0,0,0,0,0,0,0,0,0,0,72,48,0,2,4,0,0,0,0,0,0,0,0,0,0
517,Rayyan Pathan,Canada,34,Batting Allrounder ,Right Handed Bat ,Right-arm fast-medium,0,1,14,0,0,1,14,0,0,2,477,0,0,9,303,0,0,2,107,0,0,2,39.75,0,0,22.23,157.43,0,0,0,51,0,0,0,21,0,0,0,3,0,0,0,3,0,0,0,1,0,0,0,0,0,0,0,0,0,0,36,50,0,2,8.33,12,24,0,0,12,0,0,0,0,0
518,Raza,Canada,40,Batting Allrounder ,Right Handed Bat ,Left-arm fast-medium,0,6,5,0,0,5,4,0,0,225,25,0,0,262,29,0,0,88,10,0,0,45,6.25,0,0,85.88,86.21,0,0,30,3,0,0,0,0,0,0,1,0,0,0,3,0,0,0,0,0,0,0,0,0,0,0,0,0,0,0,121,128,1,1,6.35,54,58,0,2,6.44,0,0,0,0,0
519,Ashish Bagai,Canada,44,WK-Batsman ,Right Handed Bat,,0,62,9,0,0,60,9,0,0,1964,284,0,0,2994,249,0,0,137,67,0,0,37.77,40.57,0,0,65.60,114.06,0,0,182,27,0,0,8,0,0,0,2,0,0,0,16,2,0,0,2,0,0,0,0,0,0,0,0,0,0,0,0,0,0,0,0,0,0,0,0,0,0,0,0,0,0
520,R A,Canada,36,WK-Batsman ,Right Handed Bat ,Right-arm offbreak,0,1,4,0,0,1,4,0,0,3,25,0,0,4,37,0,0,3,11,0,0,0,8.33,0,0,75.00,67.57,0,0,0,1,0,0,0,0,0,0,0,1,0,0,0,0,0,0,0,0,0,0,0,0,0,0,0,0,0,0,0,0,0,0,0,0,0,0,0,0,0,0,0,0,0
521,Hamza Tariq,Canada,36,WK-Batsman ,Right Handed Bat ,Right-arm medium,0,8,26,0,0,7,20,0,0,116,324,0,0,157,202,0,0,71,63,0,0,16.57,29.45,0,0,73.89,160.40,0,0,15,27,0,0,2,14,0,0,2,2,0,0,1,3,0,0,0,0,0,0,0,0,0,0,0,0,0,0,0,0,0,0,0,0,0,0,0,0,0,0,0,0,0
522,Darren Ramsammy,Canada,34,WK-Batsman ,Right Handed Bat,,0,1,0,0,0,1,0,0,0,0,0,0,0,3,0,0,0,0,0,0,0,0,0,0,0,0.00,0,0,0,0,0,0,0,0,0,0,0,1,0,0,0,0,0,0,0,0,0,0,0,0,0,0,0,0,0,0,0,0,0,0,0,0,0,0,0,0,0,0,0,0,0,0
523,Zeeshan Siddiqi,Canada,49,WK-Batsman ,Right Handed Bat,,0,2,0,0,0,2,0,0,0,49,0,0,0,110,0,0,0,42,0,0,0,24.5,0,0,0,44.55,0,0,0,3,0,0,0,1,0,0,0,0,0,0,0,0,0,0,0,0,0,0,0,0,0,0,0,0,0,0,0,0,0,0,0,0,0,0,0,0,0,0,0,0,0,0
524,Manny Aulakh,Canada,34,Bowler ,Right Handed Bat ,Right-arm medium,0,0,3,0,0,0,1,0,0,0,0,0,0,0,2,0,0,0,0,0,0,0,0,0,0,0,0.00,0,0,0,0,0,0,0,0,0,0,0,1,0,0,0,0,0,0,0,0,0,0,0,0,0,0,0,0,0,0,0,0,0,0,0,54,82,0,3,9.11,0,0,0,0,0
525,Abzal Dean,Canada,43,Bowler ,Left Handed Bat ,Right-arm offbreak,0,0,2,0,0,0,2,0,0,0,8,0,0,0,10,0,0,0,7,0,0,0,4,0,0,0,80.00,0,0,0,0,0,0,0,0,0,0,0,0,0,0,0,0,0,0,0,0,0,0,0,0,0,0,0,0,0,0,0,0,0,0,0,24,32,0,2,8,0,0,0,0,0
526,Parth Desai,Canada,35,Bowler ,Right Handed Bat ,Left-arm orthodox,0,6,1,0,0,4,0,0,0,3,0,0,0,16,0,0,0,3,0,0,0,1.5,0,0,0,18.75,0,0,0,0,0,0,0,0,0,0,0,2,0,0,0,0,0,0,0,0,0,0,0,0,0,0,0,0,0,0,0,252,223,1,5,5.31,18,30,0,0,10,0,0,0,0,0
527,Nikhil Dutta,Canada,31,Bowler ,Right Handed Bat ,Right-arm offbreak,0,7,25,0,0,6,7,0,0,126,80,0,0,202,49,0,0,56,27,0,0,31.5,26.67,0,0,62.38,163.27,0,0,7,5,0,0,5,5,0,0,1,0,0,0,1,0,0,0,0,0,0,0,0,0,0,0,0,0,0,0,288,206,2,4,4.29,493,549,1,25,6.68,0,0,0,0,0
528,Jeremy Gordon,Canada,39,Bowler ,Right Handed Bat ,Right-arm fast-medium,0,12,17,0,0,9,3,0,0,23,4,0,0,50,8,0,0,7,2,0,0,5.75,4,0,0,46.00,50.00,0,0,1,0,0,0,1,0,0,0,1,0,0,0,0,0,0,0,0,0,0,0,0,0,0,0,0,0,0,0,548,483,5,19,5.29,326,407,0,20,7.49,0,0,0,0,0
529,Kenneth Kamyuka,Canada,44,Bowler ,Right Handed Bat ,Right-arm fast-medium,0,2,0,0,0,1,0,0,0,2,0,0,0,2,0,0,0,2,0,0,0,2,0,0,0,100.00,0,0,0,0,0,0,0,0,0,0,0,0,0,0,0,0,0,0,0,0,0,0,0,0,0,0,0,0,0,0,0,47,47,0,4,6,0,0,0,0,0,0,0,0,0,0
530,Khurram Chohan,Canada,46,Bowler ,Right Handed Bat ,Right-arm fast,0,25,4,0,0,19,4,0,0,165,18,0,0,285,14,0,0,35,8,0,0,12.69,9,0,0,57.90,128.58,0,0,9,1,0,0,4,1,0,0,2,0,0,0,0,0,0,0,0,0,0,0,0,0,0,0,0,0,0,0,1186,1029,11,36,5.21,73,106,0,1,8.71,0,0,0,0,0
531,Henry Osinde,Canada,47,Bowler ,Right Handed Bat ,Right-arm fast-medium,0,42,11,0,0,28,6,0,0,64,31,0,0,130,34,0,0,21,17,0,0,4.27,7.75,0,0,49.24,91.18,0,0,5,1,0,0,0,2,0,0,7,0,0,0,0,0,0,0,0,0,0,0,0,0,0,0,0,0,0,0,1692,1389,25,45,4.93,210,250,0,10,7.14,0,0,0,0,0
